{"providers":[{"file":"char/black.png","chars":[""],"height":1,"ascent":-5000,"type":"bitmap"},{"file":"char/black.png","chars":[""],"height":2,"ascent":-5000,"type":"bitmap"},{"file":"char/black.png","chars":[""],"height":3,"ascent":-5000,"type":"bitmap"},{"file":"char/black.png","chars":[""],"height":4,"ascent":-5000,"type":"bitmap"},{"file":"char/black.png","chars":[""],"height":5,"ascent":-5000,"type":"bitmap"},{"file":"char/black.png","chars":[""],"height":6,"ascent":-5000,"type":"bitmap"},{"file":"char/black.png","chars":[""],"height":7,"ascent":-5000,"type":"bitmap"},{"file":"char/black.png","chars":[""],"height":15,"ascent":-5000,"type":"bitmap"},{"file":"char/black.png","chars":[""],"height":31,"ascent":-5000,"type":"bitmap"},{"file":"char/black.png","chars":[""],"height":63,"ascent":-5000,"type":"bitmap"},{"file":"char/black.png","chars":[""],"height":127,"ascent":-5000,"type":"bitmap"},{"file":"char/black.png","chars":[""],"height":256,"ascent":-5000,"type":"bitmap"},{"file":"char/black.png","chars":[""],"height":512,"ascent":-5000,"type":"bitmap"},{"file":"char/black.png","chars":[""],"height":1024,"ascent":-5000,"type":"bitmap"},{"file":"char/black.png","chars":[""],"height":-3,"ascent":-5000,"type":"bitmap"},{"file":"char/black.png","chars":[""],"height":-4,"ascent":-5000,"type":"bitmap"},{"file":"char/black.png","chars":[""],"height":-5,"ascent":-5000,"type":"bitmap"},{"file":"char/black.png","chars":[""],"height":-6,"ascent":-5000,"type":"bitmap"},{"file":"char/black.png","chars":[""],"height":-7,"ascent":-5000,"type":"bitmap"},{"file":"char/black.png","chars":[""],"height":-8,"ascent":-5000,"type":"bitmap"},{"file":"char/black.png","chars":[""],"height":-9,"ascent":-5000,"type":"bitmap"},{"file":"char/black.png","chars":[""],"height":-10,"ascent":-5000,"type":"bitmap"},{"file":"char/black.png","chars":[""],"height":-18,"ascent":-5000,"type":"bitmap"},{"file":"char/black.png","chars":[""],"height":-34,"ascent":-5000,"type":"bitmap"},{"file":"char/black.png","chars":[""],"height":-66,"ascent":-5000,"type":"bitmap"},{"file":"char/black.png","chars":[""],"height":-130,"ascent":-5000,"type":"bitmap"},{"file":"char/black.png","chars":[""],"height":-259,"ascent":-5000,"type":"bitmap"},{"file":"char/black.png","chars":[""],"height":-515,"ascent":-5000,"type":"bitmap"},{"file":"char/black.png","chars":[""],"height":-1027,"ascent":-5000,"type":"bitmap"},{"file":"_iainternal:gui/no_recipe.png","chars":[""],"height":170,"ascent":47,"type":"bitmap"},{"file":"_iainternal:gui/crafting.png","chars":[""],"height":170,"ascent":47,"type":"bitmap"},{"file":"_iainternal:gui/cooking.png","chars":[""],"height":170,"ascent":47,"type":"bitmap"},{"file":"_iainternal:gui/blank_menu.png","chars":[""],"height":170,"ascent":47,"type":"bitmap"},{"file":"_iainternal:gui/anvil_repair.png","chars":[""],"height":170,"ascent":47,"type":"bitmap"},{"file":"_iainternal:gui/smithing.png","chars":[""],"height":170,"ascent":47,"type":"bitmap"},{"file":"awakened_warrior:awakened_assassin_texture/vfx_dusk_impact_1.png","chars":["ក"],"ascent":85,"height":180,"type":"bitmap"},{"file":"awakened_warrior:awakened_assassin_texture/vfx_dusk_impact_2.png","chars":["ខ"],"ascent":85,"height":180,"type":"bitmap"},{"file":"awakened_warrior:awakened_assassin_texture/vfx_dusk_impact_3.png","chars":["គ"],"ascent":85,"height":180,"type":"bitmap"},{"file":"awakened_warrior:awakened_assassin_texture/vfx_dusk_impact_4.png","chars":["ឃ"],"ascent":85,"height":180,"type":"bitmap"},{"file":"awakened_warrior:awakened_assassin_texture/vfx_dusk_impact_5.png","chars":["ង"],"ascent":85,"height":180,"type":"bitmap"},{"file":"awakened_warrior:awakened_assassin_texture/vfx_dusk_impact_6.png","chars":["ច"],"ascent":85,"height":180,"type":"bitmap"},{"file":"awakened_warrior:awakened_assassin_texture/vfx_dusk_impact_7.png","chars":["ឆ"],"ascent":85,"height":180,"type":"bitmap"},{"file":"water_samurai:water_samurai_texture/vfx_water_impact_1.png","chars":["ᝠ"],"ascent":85,"height":180,"type":"bitmap"},{"file":"water_samurai:water_samurai_texture/vfx_water_impact_2.png","chars":["ᝡ"],"ascent":85,"height":180,"type":"bitmap"},{"file":"water_samurai:water_samurai_texture/vfx_water_impact_3.png","chars":["ᝢ"],"ascent":85,"height":180,"type":"bitmap"},{"file":"water_samurai:water_samurai_texture/vfx_water_impact_4.png","chars":["ᝣ"],"ascent":85,"height":180,"type":"bitmap"},{"file":"water_samurai:water_samurai_texture/vfx_water_impact_5.png","chars":["ᝤ"],"ascent":85,"height":180,"type":"bitmap"},{"file":"water_samurai:water_samurai_texture/vfx_water_impact_6.png","chars":["ᝥ"],"ascent":85,"height":180,"type":"bitmap"}]}