{"credit":"MadewithBlockbench","texture_size":[64,64],"textures":{"0":"ec_forgenfire:forgenfire_default_weapons/steel_helmet","particle":"ec_forgenfire:forgenfire_default_weapons/steel_helmet"},"elements":[{"from":[3,12,3],"to":[13,16,13],"rotation":{"angle":0,"axis":"y","origin":[7,0,7]},"faces":{"north":{"uv":[0,6.5,2.5,7.5],"texture":"#0"},"east":{"uv":[2.5,6.75,5,7.75],"texture":"#0"},"south":{"uv":[5,6.75,7.5,7.75],"texture":"#0"},"west":{"uv":[7,4.5,9.5,5.5],"texture":"#0"},"up":{"uv":[2.5,2.5,0,0],"texture":"#0"},"down":{"uv":[2.5,2.5,0,5],"texture":"#0"}}},{"from":[3.75,16,3.75],"to":[12.25,18.5,12.25],"rotation":{"angle":0,"axis":"y","origin":[7,0,7]},"faces":{"north":{"uv":[7,5.5,9.125,6.125],"texture":"#0"},"east":{"uv":[0,7.5,2.125,8.125],"texture":"#0"},"south":{"uv":[7.5,0,9.625,0.625],"texture":"#0"},"west":{"uv":[7.5,0.75,9.625,1.375],"texture":"#0"},"up":{"uv":[4.625,6.625,2.5,4.5],"texture":"#0"},"down":{"uv":[6.875,4.5,4.75,6.625],"texture":"#0"}}},{"from":[7.25,18.5,7.25],"to":[8.75,20.5,8.75],"rotation":{"angle":0,"axis":"y","origin":[7,0,7]},"faces":{"north":{"uv":[7,6.25,7.375,6.75],"texture":"#0"},"east":{"uv":[7.5,1.5,7.875,2],"texture":"#0"},"south":{"uv":[7.5,2,7.875,2.5],"texture":"#0"},"west":{"uv":[7.5,2.5,7.875,3],"texture":"#0"},"up":{"uv":[7.875,3.375,7.5,3],"texture":"#0"},"down":{"uv":[7.875,3.5,7.5,3.875],"texture":"#0"}}},{"from":[3,3.5,12.999],"to":[13,12,12.999],"rotation":{"angle":0,"axis":"y","origin":[7,4.5,-16.001]},"faces":{"north":{"uv":[5,2.25,2.5,4.375],"texture":"#0"},"east":{"uv":[0,0,0,2.125],"texture":"#0"},"south":{"uv":[2.5,2.25,5,4.375],"texture":"#0"},"west":{"uv":[0,0,0,2.125],"texture":"#0"},"up":{"uv":[2.5,0,0,0],"texture":"#0"},"down":{"uv":[2.5,0,0,0],"texture":"#0"}}},{"from":[3,6,2.975],"to":[3,12,13],"rotation":{"angle":0,"axis":"y","origin":[7,4.5,-16.1]},"faces":{"north":{"uv":[0,0,0,1.5],"texture":"#0"},"east":{"uv":[7.5,0,5,1.5],"texture":"#0"},"south":{"uv":[0,0,0,1.5],"texture":"#0"},"west":{"uv":[5,0,7.5,1.5],"texture":"#0"},"up":{"uv":[0,2.5,0,0],"texture":"#0"},"down":{"uv":[0,0,0,2.5],"texture":"#0"}}},{"from":[13,6,2.975],"to":[13,12,13],"rotation":{"angle":0,"axis":"y","origin":[9,4.5,-16.1]},"faces":{"north":{"uv":[0,0,0,1.5],"texture":"#0"},"east":{"uv":[7.5,0,5,1.5],"texture":"#0"},"south":{"uv":[0,0,0,1.5],"texture":"#0"},"west":{"uv":[5,0,7.5,1.5],"texture":"#0"},"up":{"uv":[0,2.5,0,0],"texture":"#0"},"down":{"uv":[0,0,0,2.5],"texture":"#0"}}},{"from":[3,6,3],"to":[13,12,3],"rotation":{"angle":0,"axis":"y","origin":[6,4.5,-16.15]},"faces":{"north":{"uv":[5,1.5,7.5,3],"texture":"#0"},"east":{"uv":[0,0,0,1.5],"texture":"#0"},"south":{"uv":[7.5,1.5,5,3],"texture":"#0"},"west":{"uv":[0,0,0,1.5],"texture":"#0"},"up":{"uv":[2.5,0,0,0],"texture":"#0"},"down":{"uv":[2.5,0,0,0],"texture":"#0"}}}],"gui_light":"front","display":{"thirdperson_righthand":{"scale":[0.81,0.81,0.81]},"thirdperson_lefthand":{"scale":[0.81,0.81,0.81]},"firstperson_righthand":{"rotation":[-180,69.75,-180],"translation":[0,3.25,0],"scale":[0.67,0.67,0.67]},"firstperson_lefthand":{"rotation":[-180,69.75,-180],"translation":[0,3.25,0],"scale":[0.67,0.67,0.67]},"gui":{"rotation":[-159.25,27.25,-180],"translation":[-0.25,-4,0],"scale":[0.86,0.86,0.86]},"head":{"translation":[0,-3.25,0.5],"scale":[1.45,1.45,1.45]},"fixed":{"translation":[0,-5.25,-5.5]}}}