{"credit":"MadewithBlockbench","texture_size":[32,32],"textures":{"1":"ec_forgenfire:forgenfire_default_weapons/steel_katana"},"elements":[{"from":[7.45,0,7.45],"to":[8.55,4,8.55],"rotation":{"angle":0,"axis":"y","origin":[7,0,7]},"faces":{"north":{"uv":[4,0,4.5,2],"texture":"#1"},"east":{"uv":[4,2,4.5,4],"texture":"#1"},"south":{"uv":[4,4,4.5,6],"texture":"#1"},"west":{"uv":[4.5,0,5,2],"texture":"#1"},"up":{"uv":[6.5,2,6,1.5],"texture":"#1"},"down":{"uv":[8,3,7.5,3.5],"texture":"#1"}}},{"from":[7.2,4,7.2],"to":[8.8,6,8.8],"rotation":{"angle":0,"axis":"y","origin":[7,0,7]},"faces":{"north":{"uv":[6.5,0,7.25,1],"texture":"#1"},"east":{"uv":[6.5,1,7.25,2],"texture":"#1"},"south":{"uv":[6.5,2,7.25,3],"texture":"#1"},"west":{"uv":[6.5,3,7.25,4],"texture":"#1"},"up":{"uv":[7.25,4.75,6.5,4],"texture":"#1"},"down":{"uv":[7.25,5,6.5,5.75],"texture":"#1"}}},{"from":[4.57003,8.3108,6.975],"to":[6.57003,10.3108,9.025],"rotation":{"angle":45,"axis":"z","origin":[9.94503,10.9108,8]},"faces":{"north":{"uv":[4.5,4,5.5,5],"texture":"#1"},"east":{"uv":[5,0,6,1],"texture":"#1"},"south":{"uv":[5,1,6,2],"texture":"#1"},"west":{"uv":[4.5,5,5.5,6],"texture":"#1"},"up":{"uv":[6.5,3,5.5,2],"texture":"#1"},"down":{"uv":[6.5,3,5.5,4],"texture":"#1"}}},{"from":[7.25,2.75319,7.25],"to":[8.75,3.75319,8.75],"rotation":{"angle":0,"axis":"y","origin":[8,13.50319,8]},"faces":{"north":{"uv":[7.5,1,8.25,1.5],"texture":"#1"},"east":{"uv":[7.5,1.5,8.25,2],"texture":"#1"},"south":{"uv":[7.5,2,8.25,2.5],"texture":"#1"},"west":{"uv":[7.5,2.5,8.25,3],"texture":"#1"},"up":{"uv":[7.25,6.75,6.5,6],"texture":"#1"},"down":{"uv":[6.25,7,5.5,7.75],"texture":"#1"}}},{"from":[6.744,-1.856,7.594],"to":[8.856,0.256,8.406],"rotation":{"angle":-45,"axis":"z","origin":[8,-1,8]},"faces":{"north":{"uv":[4.5,2,5.5,3],"texture":"#1"},"east":{"uv":[6.5,7,7,8],"texture":"#1"},"south":{"uv":[4.5,3,5.5,4],"texture":"#1"},"west":{"uv":[7,7,7.5,8],"texture":"#1"},"up":{"uv":[8.5,0.5,7.5,0],"texture":"#1"},"down":{"uv":[8.5,0.5,7.5,1],"texture":"#1"}}},{"from":[11.46559,-4.758,7.596],"to":[11.94859,-4.275,8.404],"rotation":{"angle":-45,"axis":"z","origin":[11.09459,0.471,8]},"faces":{"north":{"uv":[7.5,7,7.75,7.25],"texture":"#1"},"east":{"uv":[7.5,4.5,8,4.75],"texture":"#1"},"south":{"uv":[7.5,7.5,7.75,7.75],"texture":"#1"},"west":{"uv":[5,7.5,5.5,7.75],"texture":"#1"},"up":{"uv":[7.75,5.5,7.5,5],"texture":"#1"},"down":{"uv":[7.75,5.5,7.5,6],"texture":"#1"}}},{"from":[6.98444,-3.07679,7.6],"to":[7.78444,-0.07679,8.4],"rotation":{"angle":22.5,"axis":"z","origin":[8.35944,-1.57679,8]},"faces":{"north":{"uv":[5.5,4,6,5.5],"texture":"#1"},"east":{"uv":[5.5,5.5,6,7],"texture":"#1"},"south":{"uv":[6,0,6.5,1.5],"texture":"#1"},"west":{"uv":[4,6,4.5,7.5],"texture":"#1"},"up":{"uv":[8,4,7.5,3.5],"texture":"#1"},"down":{"uv":[4.5,7.5,4,8],"texture":"#1"}}},{"from":[8.21356,-3.07879,7.598],"to":[9.01756,-0.07479,8.402],"rotation":{"angle":-22.5,"axis":"z","origin":[7.64056,-1.57679,8]},"faces":{"north":{"uv":[6,4,6.5,5.5],"texture":"#1"},"east":{"uv":[4.5,6,5,7.5],"texture":"#1"},"south":{"uv":[5,6,5.5,7.5],"texture":"#1"},"west":{"uv":[6,5.5,6.5,7],"texture":"#1"},"up":{"uv":[8,4.5,7.5,4],"texture":"#1"},"down":{"uv":[5,7.5,4.5,8],"texture":"#1"}}},{"from":[6.75,7,8],"to":[8.75,25,8],"rotation":{"angle":0,"axis":"y","origin":[7,0,8]},"faces":{"north":{"uv":[0,0,1,9],"texture":"#1"},"east":{"uv":[0,0,0,9],"texture":"#1"},"south":{"uv":[1,0,2,9],"texture":"#1"},"west":{"uv":[0,0,0,9],"texture":"#1"},"up":{"uv":[1,0,0,0],"texture":"#1"},"down":{"uv":[1,0,0,0],"texture":"#1"}}},{"from":[7.75,7,7.75],"to":[8.75,23,8.25],"rotation":{"angle":0,"axis":"y","origin":[7,0,8]},"faces":{"north":{"uv":[2,0,2.5,8],"texture":"#1"},"east":{"uv":[3,0,3.25,8],"texture":"#1"},"south":{"uv":[2.5,0,3,8],"texture":"#1"},"west":{"uv":[3.5,0,3.75,8],"texture":"#1"},"up":{"uv":[8,6.25,7.5,6],"texture":"#1"},"down":{"uv":[8,6.5,7.5,6.75],"texture":"#1"}}}],"gui_light":"front","display":{"thirdperson_righthand":{"rotation":[0,-90,0],"translation":[0,3,0.75]},"thirdperson_lefthand":{"rotation":[0,90,0],"translation":[0,3,0.75]},"firstperson_righthand":{"rotation":[-130.38,-83.12,-130.28],"translation":[0,2,1],"scale":[0.83,0.83,0.83]},"firstperson_lefthand":{"rotation":[106.97,76.2,-105.82],"translation":[0,2,1],"scale":[0.83,0.83,0.83]},"ground":{"translation":[0,8.25,0]},"gui":{"rotation":[0,0,-45],"translation":[-1.5,-1.25,0],"scale":[0.72,0.72,0.72]},"head":{"scale":[0,0,0]},"fixed":{"translation":[0,0.75,-1]}}}