{"credit":"Made with Blockbench","texture_size":[32,32],"textures":{"0":"ec_forgenfire:forgenfire_default_weapons/steel_shovel","particle":"ec_forgenfire:forgenfire_default_weapons/steel_shovel"},"elements":[{"from":[7.45,0,7.45],"to":[8.55,13,8.55],"rotation":{"angle":0,"axis":"y","origin":[7,0,7]},"faces":{"north":{"uv":[0,4.5,0.5,11],"texture":"#0"},"east":{"uv":[0.5,4.5,1,11],"texture":"#0"},"south":{"uv":[1,4.5,1.5,11],"texture":"#0"},"west":{"uv":[1.5,4.5,2,11],"texture":"#0"},"up":{"uv":[7,8,6.5,7.5],"texture":"#0"},"down":{"uv":[8.5,4.5,8,5],"texture":"#0"}}},{"from":[4.45,10,8],"to":[11.55,19,8],"rotation":{"angle":0,"axis":"y","origin":[7,0,6.45]},"faces":{"north":{"uv":[0,0,3.5,4.5],"texture":"#0"},"east":{"uv":[0,0,0,4.5],"texture":"#0"},"south":{"uv":[3.5,0,0,4.5],"texture":"#0"},"west":{"uv":[0,0,0,4.5],"texture":"#0"},"up":{"uv":[3.5,0,0,0],"texture":"#0"},"down":{"uv":[3.5,0,0,0],"texture":"#0"}}},{"from":[7.2,9,7.2],"to":[8.8,11,8.8],"rotation":{"angle":0,"axis":"y","origin":[7,0,7]},"faces":{"north":{"uv":[6,4.5,6.75,5.5],"texture":"#0"},"east":{"uv":[6,5.5,6.75,6.5],"texture":"#0"},"south":{"uv":[6,6.5,6.75,7.5],"texture":"#0"},"west":{"uv":[7,0,7.75,1],"texture":"#0"},"up":{"uv":[7.75,3.75,7,3],"texture":"#0"},"down":{"uv":[4.75,7,4,7.75],"texture":"#0"}}},{"from":[6.698,9.748,7.498],"to":[7.452,10.752,8.502],"rotation":{"angle":-22.5,"axis":"z","origin":[6.45,10,8]},"faces":{"north":{"uv":[8,6,8.5,6.5],"texture":"#0"},"east":{"uv":[6.5,8,7,8.5],"texture":"#0"},"south":{"uv":[8,6.5,8.5,7],"texture":"#0"},"west":{"uv":[7,8,7.5,8.5],"texture":"#0"},"up":{"uv":[8,8.5,7.5,8],"texture":"#0"},"down":{"uv":[8.5,8,8,8.5],"texture":"#0"}}},{"from":[5.05497,10.4108,7.5],"to":[7.30497,11.4108,8.5],"rotation":{"angle":-45,"axis":"z","origin":[6.05497,10.9108,8]},"faces":{"north":{"uv":[8,0,9,0.5],"texture":"#0"},"east":{"uv":[2,8.5,2.5,9],"texture":"#0"},"south":{"uv":[8,0.5,9,1],"texture":"#0"},"west":{"uv":[2.5,8.5,3,9],"texture":"#0"},"up":{"uv":[9,1.5,8,1],"texture":"#0"},"down":{"uv":[9,1.5,8,2],"texture":"#0"}}},{"from":[3.92997,9.9108,7.25],"to":[5.92997,11.9108,8.75],"rotation":{"angle":-45,"axis":"z","origin":[6.05497,10.9108,8]},"faces":{"north":{"uv":[4,4.5,5,5.5],"texture":"#0"},"east":{"uv":[7,1,7.75,2],"texture":"#0"},"south":{"uv":[5,4.5,6,5.5],"texture":"#0"},"west":{"uv":[2,7,2.75,8],"texture":"#0"},"up":{"uv":[8,2.75,7,2],"texture":"#0"},"down":{"uv":[4,7,3,7.75],"texture":"#0"}}},{"from":[10.07003,9.9108,7.25],"to":[12.07003,11.9108,8.75],"rotation":{"angle":45,"axis":"z","origin":[9.94503,10.9108,8]},"faces":{"north":{"uv":[5,4.5,4,5.5],"texture":"#0"},"east":{"uv":[2.75,7,2,8],"texture":"#0"},"south":{"uv":[6,4.5,5,5.5],"texture":"#0"},"west":{"uv":[7.75,1,7,2],"texture":"#0"},"up":{"uv":[7,2.75,8,2],"texture":"#0"},"down":{"uv":[3,7,4,7.75],"texture":"#0"}}},{"from":[8.69503,10.4108,7.5],"to":[10.94503,11.4108,8.5],"rotation":{"angle":45,"axis":"z","origin":[9.94503,10.9108,8]},"faces":{"north":{"uv":[9,0,8,0.5],"texture":"#0"},"east":{"uv":[3,8.5,2.5,9],"texture":"#0"},"south":{"uv":[9,0.5,8,1],"texture":"#0"},"west":{"uv":[2.5,8.5,2,9],"texture":"#0"},"up":{"uv":[8,1.5,9,1],"texture":"#0"},"down":{"uv":[8,1.5,9,2],"texture":"#0"}}},{"from":[8.548,9.748,7.498],"to":[9.302,10.752,8.502],"rotation":{"angle":22.5,"axis":"z","origin":[9.55,10,8]},"faces":{"north":{"uv":[8.5,6,8,6.5],"texture":"#0"},"east":{"uv":[7.5,8,7,8.5],"texture":"#0"},"south":{"uv":[8.5,6.5,8,7],"texture":"#0"},"west":{"uv":[7,8,6.5,8.5],"texture":"#0"},"up":{"uv":[7.5,8.5,8,8],"texture":"#0"},"down":{"uv":[8,8,8.5,8.5],"texture":"#0"}}},{"from":[7.25,12.50319,7.25],"to":[8.75,13.50319,8.75],"rotation":{"angle":0,"axis":"z","origin":[8,13.50319,8]},"faces":{"north":{"uv":[2,8,2.75,8.5],"texture":"#0"},"east":{"uv":[8,2,8.75,2.5],"texture":"#0"},"south":{"uv":[8,2.5,8.75,3],"texture":"#0"},"west":{"uv":[3,8,3.75,8.5],"texture":"#0"},"up":{"uv":[7.75,4.75,7,4],"texture":"#0"},"down":{"uv":[5.75,7,5,7.75],"texture":"#0"}}},{"from":[7.25,6.50319,7.25],"to":[8.75,7.50319,8.75],"rotation":{"angle":0,"axis":"y","origin":[8,13.50319,8]},"faces":{"north":{"uv":[8,3,8.75,3.5],"texture":"#0"},"east":{"uv":[8,3.5,8.75,4],"texture":"#0"},"south":{"uv":[4,8,4.75,8.5],"texture":"#0"},"west":{"uv":[8,4,8.75,4.5],"texture":"#0"},"up":{"uv":[7.75,5.75,7,5],"texture":"#0"},"down":{"uv":[7.75,6,7,6.75],"texture":"#0"}}},{"from":[6.744,-1.856,7.594],"to":[8.856,0.256,8.406],"rotation":{"angle":-45,"axis":"z","origin":[8,-1,8]},"faces":{"north":{"uv":[2,4.5,3,5.5],"texture":"#0"},"east":{"uv":[7,7,7.5,8],"texture":"#0"},"south":{"uv":[3,4.5,4,5.5],"texture":"#0"},"west":{"uv":[6,7.5,6.5,8.5],"texture":"#0"},"up":{"uv":[8.5,7.5,7.5,7],"texture":"#0"},"down":{"uv":[8.5,7.5,7.5,8],"texture":"#0"}}},{"from":[11.46559,-4.758,7.596],"to":[11.94859,-4.275,8.404],"rotation":{"angle":-45,"axis":"z","origin":[11.09459,0.471,8]},"faces":{"north":{"uv":[8.5,4.5,8.75,4.75],"texture":"#0"},"east":{"uv":[3,8.5,3.5,8.75],"texture":"#0"},"south":{"uv":[5,8.5,5.25,8.75],"texture":"#0"},"west":{"uv":[3.5,8.5,4,8.75],"texture":"#0"},"up":{"uv":[4.25,9,4,8.5],"texture":"#0"},"down":{"uv":[4.75,8.5,4.5,9],"texture":"#0"}}},{"from":[6.98444,-3.07679,7.6],"to":[7.78444,-0.07679,8.4],"rotation":{"angle":22.5,"axis":"z","origin":[8.35944,-1.57679,8]},"faces":{"north":{"uv":[2,5.5,2.5,7],"texture":"#0"},"east":{"uv":[2.5,5.5,3,7],"texture":"#0"},"south":{"uv":[3,5.5,3.5,7],"texture":"#0"},"west":{"uv":[3.5,5.5,4,7],"texture":"#0"},"up":{"uv":[5.5,8.5,5,8],"texture":"#0"},"down":{"uv":[8.5,5,8,5.5],"texture":"#0"}}},{"from":[8.21356,-3.07879,7.598],"to":[9.01756,-0.07479,8.402],"rotation":{"angle":-22.5,"axis":"z","origin":[7.64056,-1.57679,8]},"faces":{"north":{"uv":[4,5.5,4.5,7],"texture":"#0"},"east":{"uv":[4.5,5.5,5,7],"texture":"#0"},"south":{"uv":[5,5.5,5.5,7],"texture":"#0"},"west":{"uv":[5.5,5.5,6,7],"texture":"#0"},"up":{"uv":[6,8.5,5.5,8],"texture":"#0"},"down":{"uv":[8.5,5.5,8,6],"texture":"#0"}}}],"gui_light":"front","display":{"thirdperson_righthand":{"rotation":[0,-90,0],"translation":[0,3,0.75]},"thirdperson_lefthand":{"rotation":[0,-90,0],"translation":[0,3,0.75]},"firstperson_righthand":{"rotation":[0,-73.75,0],"translation":[0,4.75,1]},"firstperson_lefthand":{"rotation":[0,-73.75,0],"translation":[0,4.75,1]},"ground":{"translation":[0,8.25,0]},"gui":{"rotation":[0,0,-45],"scale":[0.9,0.9,0.9]},"head":{"scale":[0,0,0]},"fixed":{"translation":[0,0.75,-1]}}}