{"credit":"MadewithBlockbench","texture_size":[64,64],"textures":{"2":"ec_forgenfire:forgenfire_default_weapons/steel_scythe","particle":"ec_forgenfire:forgenfire_default_weapons/steel_scythe"},"elements":[{"from":[7.45,0,7.45],"to":[8.55,18,8.55],"rotation":{"angle":0,"axis":"y","origin":[7,0,7]},"faces":{"north":{"uv":[7.25,0,7.5,4.5],"texture":"#2"},"east":{"uv":[7.25,4.5,7.5,9],"texture":"#2"},"south":{"uv":[7.5,0,7.75,4.5],"texture":"#2"},"west":{"uv":[7.5,4.5,7.75,9],"texture":"#2"},"up":{"uv":[8.5,3.75,8.25,3.5],"texture":"#2"},"down":{"uv":[9,0.75,8.75,1],"texture":"#2"}}},{"from":[7.2,13.5,7.2],"to":[8.8,15.5,8.8],"rotation":{"angle":0,"axis":"y","origin":[7,0,7]},"faces":{"north":{"uv":[8,3.75,8.375,4.25],"texture":"#2"},"east":{"uv":[8,4.25,8.375,4.75],"texture":"#2"},"south":{"uv":[8,4.75,8.375,5.25],"texture":"#2"},"west":{"uv":[8,5.25,8.375,5.75],"texture":"#2"},"up":{"uv":[8.625,1.875,8.25,1.5],"texture":"#2"},"down":{"uv":[8.625,2,8.25,2.375],"texture":"#2"}}},{"from":[6.698,14.748,7.498],"to":[7.452,15.752,8.502],"rotation":{"angle":-22.5,"axis":"z","origin":[6.45,15,8]},"faces":{"north":{"uv":[8.75,2,9,2.25],"texture":"#2"},"east":{"uv":[8.75,2.25,9,2.5],"texture":"#2"},"south":{"uv":[8.75,2.5,9,2.75],"texture":"#2"},"west":{"uv":[8.75,2.75,9,3],"texture":"#2"},"up":{"uv":[9,3.25,8.75,3],"texture":"#2"},"down":{"uv":[9,3.25,8.75,3.5],"texture":"#2"}}},{"from":[5.05497,15.4108,7.5],"to":[7.30497,16.4108,8.5],"rotation":{"angle":-45,"axis":"z","origin":[6.05497,15.9108,8]},"faces":{"north":{"uv":[8.5,5,9,5.25],"texture":"#2"},"east":{"uv":[8.75,3.5,9,3.75],"texture":"#2"},"south":{"uv":[8.5,5.25,9,5.5],"texture":"#2"},"west":{"uv":[8.75,3.75,9,4],"texture":"#2"},"up":{"uv":[9,5.75,8.5,5.5],"texture":"#2"},"down":{"uv":[9,5.75,8.5,6],"texture":"#2"}}},{"from":[3.92997,14.9108,7.25],"to":[5.92997,16.9108,8.75],"rotation":{"angle":-45,"axis":"z","origin":[6.05497,15.9108,8]},"faces":{"north":{"uv":[7.75,1,8.25,1.5],"texture":"#2"},"east":{"uv":[8,5.75,8.375,6.25],"texture":"#2"},"south":{"uv":[7.75,1.5,8.25,2],"texture":"#2"},"west":{"uv":[8,6.25,8.375,6.75],"texture":"#2"},"up":{"uv":[8.5,7.125,8,6.75],"texture":"#2"},"down":{"uv":[8.5,7.25,8,7.625],"texture":"#2"}}},{"from":[10.07003,14.9108,7.25],"to":[12.07003,16.9108,8.75],"rotation":{"angle":45,"axis":"z","origin":[9.94503,15.9108,8]},"faces":{"north":{"uv":[7.75,2,8.25,2.5],"texture":"#2"},"east":{"uv":[8,7.75,8.375,8.25],"texture":"#2"},"south":{"uv":[7.75,2.5,8.25,3],"texture":"#2"},"west":{"uv":[8.25,0,8.625,0.5],"texture":"#2"},"up":{"uv":[8.75,0.875,8.25,0.5],"texture":"#2"},"down":{"uv":[8.75,1,8.25,1.375],"texture":"#2"}}},{"from":[8.69503,15.4108,7.5],"to":[10.94503,16.4108,8.5],"rotation":{"angle":45,"axis":"z","origin":[9.94503,15.9108,8]},"faces":{"north":{"uv":[8.5,6,9,6.25],"texture":"#2"},"east":{"uv":[8.5,8.75,8.75,9],"texture":"#2"},"south":{"uv":[8.5,6.25,9,6.5],"texture":"#2"},"west":{"uv":[8.75,8.5,9,8.75],"texture":"#2"},"up":{"uv":[9,6.75,8.5,6.5],"texture":"#2"},"down":{"uv":[9,6.75,8.5,7],"texture":"#2"}}},{"from":[8.548,14.748,7.498],"to":[9.302,15.752,8.502],"rotation":{"angle":22.5,"axis":"z","origin":[9.55,15,8]},"faces":{"north":{"uv":[8.75,4,9,4.25],"texture":"#2"},"east":{"uv":[8.75,4.25,9,4.5],"texture":"#2"},"south":{"uv":[7.75,8.75,8,9],"texture":"#2"},"west":{"uv":[8,8.75,8.25,9],"texture":"#2"},"up":{"uv":[8.5,9,8.25,8.75],"texture":"#2"},"down":{"uv":[9,8.25,8.75,8.5],"texture":"#2"}}},{"from":[7.25,17.50319,7.25],"to":[8.75,18.50319,8.75],"rotation":{"angle":0,"axis":"y","origin":[8,18.50319,8]},"faces":{"north":{"uv":[8.5,7,8.875,7.25],"texture":"#2"},"east":{"uv":[8.5,7.25,8.875,7.5],"texture":"#2"},"south":{"uv":[8.5,7.5,8.875,7.75],"texture":"#2"},"west":{"uv":[8.5,7.75,8.875,8],"texture":"#2"},"up":{"uv":[8.625,2.875,8.25,2.5],"texture":"#2"},"down":{"uv":[8.625,3,8.25,3.375],"texture":"#2"}}},{"from":[7.25,11.00319,7.25],"to":[8.75,12.00319,8.75],"rotation":{"angle":0,"axis":"y","origin":[8,13.50319,8]},"faces":{"north":{"uv":[8.5,8,8.875,8.25],"texture":"#2"},"east":{"uv":[8.75,0,9.125,0.25],"texture":"#2"},"south":{"uv":[8.75,0.25,9.125,0.5],"texture":"#2"},"west":{"uv":[8.75,0.5,9.125,0.75],"texture":"#2"},"up":{"uv":[8.125,8.625,7.75,8.25],"texture":"#2"},"down":{"uv":[8.625,8.25,8.25,8.625],"texture":"#2"}}},{"from":[6.744,-1.856,7.594],"to":[8.856,0.256,8.406],"rotation":{"angle":-45,"axis":"z","origin":[8,-1,8]},"faces":{"north":{"uv":[7.75,0,8.25,0.5],"texture":"#2"},"east":{"uv":[8.5,3.5,8.75,4],"texture":"#2"},"south":{"uv":[7.75,0.5,8.25,1],"texture":"#2"},"west":{"uv":[8.5,4,8.75,4.5],"texture":"#2"},"up":{"uv":[9,4.75,8.5,4.5],"texture":"#2"},"down":{"uv":[9,4.75,8.5,5],"texture":"#2"}}},{"from":[11.46559,-4.758,7.596],"to":[11.94859,-4.275,8.404],"rotation":{"angle":-45,"axis":"z","origin":[11.09459,0.471,8]},"faces":{"north":{"uv":[9,1.5,9.125,1.625],"texture":"#2"},"east":{"uv":[8.75,8.75,9,8.875],"texture":"#2"},"south":{"uv":[9,1.75,9.125,1.875],"texture":"#2"},"west":{"uv":[9,0.75,9.25,0.875],"texture":"#2"},"up":{"uv":[9.125,1.25,9,1],"texture":"#2"},"down":{"uv":[9.125,1.25,9,1.5],"texture":"#2"}}},{"from":[6.98444,-3.07679,7.6],"to":[7.78444,-0.07679,8.4],"rotation":{"angle":22.5,"axis":"z","origin":[8.35944,-1.57679,8]},"faces":{"north":{"uv":[7.75,3,8,3.75],"texture":"#2"},"east":{"uv":[7.75,3.75,8,4.5],"texture":"#2"},"south":{"uv":[7.75,4.5,8,5.25],"texture":"#2"},"west":{"uv":[7.75,5.25,8,6],"texture":"#2"},"up":{"uv":[9,1.25,8.75,1],"texture":"#2"},"down":{"uv":[9,1.25,8.75,1.5],"texture":"#2"}}},{"from":[8.21356,-3.07879,7.598],"to":[9.01756,-0.07479,8.402],"rotation":{"angle":-22.5,"axis":"z","origin":[7.64056,-1.57679,8]},"faces":{"north":{"uv":[7.75,6,8,6.75],"texture":"#2"},"east":{"uv":[7.75,6.75,8,7.5],"texture":"#2"},"south":{"uv":[7.75,7.5,8,8.25],"texture":"#2"},"west":{"uv":[8,3,8.25,3.75],"texture":"#2"},"up":{"uv":[9,1.75,8.75,1.5],"texture":"#2"},"down":{"uv":[9,1.75,8.75,2],"texture":"#2"}}},{"from":[-10,2,8],"to":[19,27,8],"rotation":{"angle":0,"axis":"y","origin":[7,0,8]},"faces":{"north":{"uv":[0,0,7.25,6.25],"texture":"#2"},"east":{"uv":[0,0,0,6.25],"texture":"#2"},"south":{"uv":[7.25,0,0,6.25],"texture":"#2"},"west":{"uv":[0,0,0,6.25],"texture":"#2"},"up":{"uv":[7.25,0,0,0],"texture":"#2"},"down":{"uv":[7.25,0,0,0],"texture":"#2"}}}],"gui_light":"front","display":{"thirdperson_righthand":{"rotation":[0,-90,0],"translation":[0,3,0.75]},"thirdperson_lefthand":{"rotation":[0,90,0],"translation":[0,3,0.75]},"firstperson_righthand":{"rotation":[0,-73.75,0],"translation":[0,4.75,1]},"firstperson_lefthand":{"rotation":[-180,80,180],"translation":[0,4.75,1]},"ground":{"translation":[0,8.25,0]},"gui":{"rotation":[-180,0,-150],"translation":[-3.5,-2.25,0],"scale":[0.56,0.56,0.56]},"head":{"scale":[0,0,0]},"fixed":{"translation":[0,0.75,-1]}}}