{"credit":"MadewithBlockbench","texture_size":[64,64],"textures":{"1":"ec_forgenfire:forgenfire_default_weapons/steel_trident"},"elements":[{"from":[7.45,0,7.45],"to":[8.55,22,8.55],"rotation":{"angle":0,"axis":"y","origin":[7,0,7]},"faces":{"north":{"uv":[0,3.25,0.25,8.75],"texture":"#1"},"east":{"uv":[0.25,3.25,0.5,8.75],"texture":"#1"},"south":{"uv":[0.5,3.25,0.75,8.75],"texture":"#1"},"west":{"uv":[0.75,3.25,1,8.75],"texture":"#1"},"up":{"uv":[3,4.75,2.75,4.5],"texture":"#1"},"down":{"uv":[4,4.75,3.75,5],"texture":"#1"}}},{"from":[7.2,17.5,7.2],"to":[8.8,19.5,8.8],"rotation":{"angle":0,"axis":"y","origin":[7,4,7]},"faces":{"north":{"uv":[3,3.75,3.375,4.25],"texture":"#1"},"east":{"uv":[3.5,3.75,3.875,4.25],"texture":"#1"},"south":{"uv":[4,0,4.375,0.5],"texture":"#1"},"west":{"uv":[4,0.5,4.375,1],"texture":"#1"},"up":{"uv":[3.875,4.625,3.5,4.25],"texture":"#1"},"down":{"uv":[4.875,0,4.5,0.375],"texture":"#1"}}},{"from":[6.698,18.748,7.498],"to":[7.452,19.752,8.502],"rotation":{"angle":-22.5,"axis":"z","origin":[6.45,19,8]},"faces":{"north":{"uv":[5,0,5.25,0.25],"texture":"#1"},"east":{"uv":[5,0.25,5.25,0.5],"texture":"#1"},"south":{"uv":[5,0.5,5.25,0.75],"texture":"#1"},"west":{"uv":[5,0.75,5.25,1],"texture":"#1"},"up":{"uv":[1.25,5.25,1,5],"texture":"#1"},"down":{"uv":[5.25,1,5,1.25],"texture":"#1"}}},{"from":[5.05497,19.4108,7.5],"to":[7.30497,20.4108,8.5],"rotation":{"angle":-45,"axis":"z","origin":[6.05497,19.9108,8]},"faces":{"north":{"uv":[4.5,2.25,5,2.5],"texture":"#1"},"east":{"uv":[1.25,5,1.5,5.25],"texture":"#1"},"south":{"uv":[4.5,2.5,5,2.75],"texture":"#1"},"west":{"uv":[5,1.25,5.25,1.5],"texture":"#1"},"up":{"uv":[5,3,4.5,2.75],"texture":"#1"},"down":{"uv":[5,3,4.5,3.25],"texture":"#1"}}},{"from":[3.92997,18.9108,7.25],"to":[5.92997,20.9108,8.75],"rotation":{"angle":-45,"axis":"z","origin":[6.05497,19.9108,8]},"faces":{"north":{"uv":[2,3.25,2.5,3.75],"texture":"#1"},"east":{"uv":[4,1,4.375,1.5],"texture":"#1"},"south":{"uv":[2.5,3.25,3,3.75],"texture":"#1"},"west":{"uv":[4,1.5,4.375,2],"texture":"#1"},"up":{"uv":[4.5,2.375,4,2],"texture":"#1"},"down":{"uv":[4.5,2.5,4,2.875],"texture":"#1"}}},{"from":[10.07003,18.9108,7.25],"to":[12.07003,20.9108,8.75],"rotation":{"angle":45,"axis":"z","origin":[9.94503,19.9108,8]},"faces":{"north":{"uv":[3,3.25,3.5,3.75],"texture":"#1"},"east":{"uv":[4,3,4.375,3.5],"texture":"#1"},"south":{"uv":[3.5,3.25,4,3.75],"texture":"#1"},"west":{"uv":[4,3.5,4.375,4],"texture":"#1"},"up":{"uv":[4.5,4.375,4,4],"texture":"#1"},"down":{"uv":[3.5,4.25,3,4.625],"texture":"#1"}}},{"from":[8.69503,19.4108,7.5],"to":[10.94503,20.4108,8.5],"rotation":{"angle":45,"axis":"z","origin":[9.94503,19.9108,8]},"faces":{"north":{"uv":[4.5,3.25,5,3.5],"texture":"#1"},"east":{"uv":[2.5,5,2.75,5.25],"texture":"#1"},"south":{"uv":[4.5,3.5,5,3.75],"texture":"#1"},"west":{"uv":[5,2.5,5.25,2.75],"texture":"#1"},"up":{"uv":[5,4,4.5,3.75],"texture":"#1"},"down":{"uv":[4.5,4.5,4,4.75],"texture":"#1"}}},{"from":[8.548,18.748,7.498],"to":[9.302,19.752,8.502],"rotation":{"angle":22.5,"axis":"z","origin":[9.55,19,8]},"faces":{"north":{"uv":[1.5,5,1.75,5.25],"texture":"#1"},"east":{"uv":[1.75,5,2,5.25],"texture":"#1"},"south":{"uv":[2,5,2.25,5.25],"texture":"#1"},"west":{"uv":[5,2,5.25,2.25],"texture":"#1"},"up":{"uv":[2.5,5.25,2.25,5],"texture":"#1"},"down":{"uv":[5.25,2.25,5,2.5],"texture":"#1"}}},{"from":[7.25,21.50319,7.25],"to":[8.75,22.50319,8.75],"rotation":{"angle":0,"axis":"y","origin":[8,22.50319,8]},"faces":{"north":{"uv":[4.5,4,4.875,4.25],"texture":"#1"},"east":{"uv":[4.5,4.25,4.875,4.5],"texture":"#1"},"south":{"uv":[4.5,4.5,4.875,4.75],"texture":"#1"},"west":{"uv":[4.75,1.5,5.125,1.75],"texture":"#1"},"up":{"uv":[4.875,0.875,4.5,0.5],"texture":"#1"},"down":{"uv":[1.375,4.5,1,4.875],"texture":"#1"}}},{"from":[7.25,15.00319,7.25],"to":[8.75,16.00319,8.75],"rotation":{"angle":0,"axis":"y","origin":[8,17.50319,8]},"faces":{"north":{"uv":[4.75,1.75,5.125,2],"texture":"#1"},"east":{"uv":[2.25,4.75,2.625,5],"texture":"#1"},"south":{"uv":[2.75,4.75,3.125,5],"texture":"#1"},"west":{"uv":[3.25,4.75,3.625,5],"texture":"#1"},"up":{"uv":[4.875,1.375,4.5,1],"texture":"#1"},"down":{"uv":[1.875,4.5,1.5,4.875],"texture":"#1"}}},{"from":[6.744,-1.856,7.594],"to":[8.856,0.256,8.406],"rotation":{"angle":-45,"axis":"z","origin":[8,-1,8]},"faces":{"north":{"uv":[1,3.25,1.5,3.75],"texture":"#1"},"east":{"uv":[4.5,1.5,4.75,2],"texture":"#1"},"south":{"uv":[1.5,3.25,2,3.75],"texture":"#1"},"west":{"uv":[2,4.5,2.25,5],"texture":"#1"},"up":{"uv":[5,2.25,4.5,2],"texture":"#1"},"down":{"uv":[2.75,4.5,2.25,4.75],"texture":"#1"}}},{"from":[11.46559,-4.758,7.596],"to":[11.94859,-4.275,8.404],"rotation":{"angle":-45,"axis":"z","origin":[11.09459,0.471,8]},"faces":{"north":{"uv":[3.25,5,3.375,5.125],"texture":"#1"},"east":{"uv":[2.75,5,3,5.125],"texture":"#1"},"south":{"uv":[5,3.25,5.125,3.375],"texture":"#1"},"west":{"uv":[5,2.75,5.25,2.875],"texture":"#1"},"up":{"uv":[3.125,5.25,3,5],"texture":"#1"},"down":{"uv":[5.125,3,5,3.25],"texture":"#1"}}},{"from":[6.98444,-3.07679,7.6],"to":[7.78444,-0.07679,8.4],"rotation":{"angle":22.5,"axis":"z","origin":[8.35944,-1.57679,8]},"faces":{"north":{"uv":[1,3.75,1.25,4.5],"texture":"#1"},"east":{"uv":[1.25,3.75,1.5,4.5],"texture":"#1"},"south":{"uv":[1.5,3.75,1.75,4.5],"texture":"#1"},"west":{"uv":[1.75,3.75,2,4.5],"texture":"#1"},"up":{"uv":[4.25,5,4,4.75],"texture":"#1"},"down":{"uv":[4.5,4.75,4.25,5],"texture":"#1"}}},{"from":[8.21356,-3.07879,7.598],"to":[9.01756,-0.07479,8.402],"rotation":{"angle":-22.5,"axis":"z","origin":[7.64056,-1.57679,8]},"faces":{"north":{"uv":[2,3.75,2.25,4.5],"texture":"#1"},"east":{"uv":[2.25,3.75,2.5,4.5],"texture":"#1"},"south":{"uv":[2.5,3.75,2.75,4.5],"texture":"#1"},"west":{"uv":[2.75,3.75,3,4.5],"texture":"#1"},"up":{"uv":[4.75,5,4.5,4.75],"texture":"#1"},"down":{"uv":[5,4.75,4.75,5],"texture":"#1"}}},{"from":[4,19,8],"to":[12,32,8],"rotation":{"angle":0,"axis":"y","origin":[7,0,8]},"faces":{"north":{"uv":[0,0,2,3.25],"texture":"#1"},"east":{"uv":[0,0,0,3.25],"texture":"#1"},"south":{"uv":[2,0,4,3.25],"texture":"#1"},"west":{"uv":[0,0,0,3.25],"texture":"#1"},"up":{"uv":[2,0,0,0],"texture":"#1"},"down":{"uv":[2,0,0,0],"texture":"#1"}}}],"gui_light":"front","display":{"thirdperson_righthand":{"rotation":[0,-90,0],"translation":[0,-1,0.75]},"thirdperson_lefthand":{"rotation":[0,-90,0],"translation":[0,-1,0.75]},"firstperson_righthand":{"rotation":[-15,-73.75,0],"translation":[0,-2,1]},"firstperson_lefthand":{"rotation":[-15,-73.75,0],"translation":[0,-2,1]},"ground":{"translation":[0,8.25,0]},"gui":{"rotation":[0,0,-45],"translation":[-2.25,-2.25,0],"scale":[0.61,0.61,0.61]},"head":{"scale":[0,0,0]},"fixed":{"translation":[0,0.75,-1]}}}