{"credit":"MadewithBlockbench","texture_size":[32,32],"textures":{"1":"ec_forgenfire:forgenfire_default_weapons/steel_crossbow"},"elements":[{"from":[6,7.25,4.54628],"to":[10,8.75,6.04628],"rotation":{"angle":0,"axis":"y","origin":[8,8,7.91436]},"faces":{"north":{"uv":[7,8,9,8.75],"texture":"#1"},"east":{"uv":[8,10.5,8.75,11.25],"texture":"#1"},"south":{"uv":[8.5,5,10.5,5.75],"texture":"#1"},"west":{"uv":[10.5,10,11.25,10.75],"texture":"#1"},"up":{"uv":[10.5,6.75,8.5,6],"texture":"#1"},"down":{"uv":[10.5,6,8.5,6.75],"texture":"#1"}}},{"from":[0,8,8.5],"to":[9,8,9],"rotation":{"angle":22.5,"axis":"y","origin":[1,8,8.75]},"faces":{"north":{"uv":[0,0,4,0],"texture":"#1"},"east":{"uv":[0,0,0.25,0],"texture":"#1"},"south":{"uv":[0,0,4,0],"texture":"#1"},"west":{"uv":[0,0,0.25,0],"texture":"#1"},"up":{"uv":[10,4,14,4.25],"texture":"#1"},"down":{"uv":[10,4.25,14,4],"texture":"#1"}}},{"from":[7,8,8.5],"to":[16,8,9],"rotation":{"angle":-22.5,"axis":"y","origin":[15,8,8.75]},"faces":{"north":{"uv":[4,0,0,0],"texture":"#1"},"east":{"uv":[0.25,0,0,0],"texture":"#1"},"south":{"uv":[4,0,0,0],"texture":"#1"},"west":{"uv":[0.25,0,0,0],"texture":"#1"},"up":{"uv":[14,4,10,4.25],"texture":"#1"},"down":{"uv":[14,4.25,10,4],"texture":"#1"}}},{"from":[-2.18368,7,4.83261],"to":[-0.08368,9,6.98261],"rotation":{"angle":22.5,"axis":"y","origin":[11,8,7.91436]},"faces":{"north":{"uv":[4,7,5,8],"texture":"#1"},"east":{"uv":[9,4,10,5],"texture":"#1"},"south":{"uv":[4,9.5,5,10.5],"texture":"#1"},"west":{"uv":[4,9.5,5,10.5],"texture":"#1"},"up":{"uv":[6,9.5,7,10.5],"texture":"#1"},"down":{"uv":[7,9.5,6,10.5],"texture":"#1"}}},{"from":[-0.49819,6.998,12.09086],"to":[2.50581,9.002,15.09486],"rotation":{"angle":-22.5,"axis":"y","origin":[11,8,7.91436]},"faces":{"north":{"uv":[9,3,10.5,4],"texture":"#1"},"east":{"uv":[10.5,3,9,4],"texture":"#1"},"south":{"uv":[9,2,10.5,3],"texture":"#1"},"west":{"uv":[9,3,10.5,4],"texture":"#1"},"up":{"uv":[4,5,2.5,6.5],"texture":"#1"},"down":{"uv":[4,5,2.5,6.5],"texture":"#1"}}},{"from":[0.48478,7.25,10.18853],"to":[1.98478,8.75,12.68853],"rotation":{"angle":-22.5,"axis":"y","origin":[11,8,7.91436]},"faces":{"north":{"uv":[0,11,0.75,11.75],"texture":"#1"},"east":{"uv":[10.25,10,9,10.75],"texture":"#1"},"south":{"uv":[1,11,1.75,11.75],"texture":"#1"},"west":{"uv":[9,10,10.25,10.75],"texture":"#1"},"up":{"uv":[11.25,2.75,10.5,1.5],"texture":"#1"},"down":{"uv":[11.25,1.5,10.5,2.75],"texture":"#1"}}},{"from":[-0.03324,7,8.24508],"to":[3.96676,9,12.24508],"rotation":{"angle":-45,"axis":"y","origin":[8,8,7.91436]},"faces":{"north":{"uv":[5.5,2,7.5,3],"texture":"#1"},"east":{"uv":[5.5,2,7.5,3],"texture":"#1"},"south":{"uv":[5.5,2,7.5,3],"texture":"#1"},"west":{"uv":[5.5,2,7.5,3],"texture":"#1"},"up":{"uv":[4,3,2,5],"texture":"#1"},"down":{"uv":[4,3,2,5],"texture":"#1"}}},{"from":[4,6.75,4.04628],"to":[6,9.25,6.54628],"rotation":{"angle":0,"axis":"y","origin":[8,8,7.91436]},"faces":{"north":{"uv":[3,9.5,2,10.75],"texture":"#1"},"east":{"uv":[2.5,6.5,3.75,7.75],"texture":"#1"},"south":{"uv":[3,9.5,2,10.75],"texture":"#1"},"west":{"uv":[2.5,6.5,3.75,7.75],"texture":"#1"},"up":{"uv":[3,9.5,2,10.75],"texture":"#1"},"down":{"uv":[3,9.5,2,10.75],"texture":"#1"}}},{"from":[16.08368,7,4.83261],"to":[18.18368,9,6.98261],"rotation":{"angle":-22.5,"axis":"y","origin":[5,8,7.91436]},"faces":{"north":{"uv":[5,7,4,8],"texture":"#1"},"east":{"uv":[5,9.5,4,10.5],"texture":"#1"},"south":{"uv":[5,9.5,4,10.5],"texture":"#1"},"west":{"uv":[10,4,9,5],"texture":"#1"},"up":{"uv":[7,9.5,6,10.5],"texture":"#1"},"down":{"uv":[6,9.5,7,10.5],"texture":"#1"}}},{"from":[13.49419,6.998,12.09086],"to":[16.49819,9.002,15.09486],"rotation":{"angle":22.5,"axis":"y","origin":[5,8,7.91436]},"faces":{"north":{"uv":[10.5,3,9,4],"texture":"#1"},"east":{"uv":[10.5,3,9,4],"texture":"#1"},"south":{"uv":[10.5,2,9,3],"texture":"#1"},"west":{"uv":[9,3,10.5,4],"texture":"#1"},"up":{"uv":[2.5,5,4,6.5],"texture":"#1"},"down":{"uv":[2.5,5,4,6.5],"texture":"#1"}}},{"from":[14.01522,7.25,10.18853],"to":[15.51522,8.75,12.68853],"rotation":{"angle":22.5,"axis":"y","origin":[5,8,7.91436]},"faces":{"north":{"uv":[0.75,11,0,11.75],"texture":"#1"},"east":{"uv":[10.25,10,9,10.75],"texture":"#1"},"south":{"uv":[1.75,11,1,11.75],"texture":"#1"},"west":{"uv":[9,10,10.25,10.75],"texture":"#1"},"up":{"uv":[10.5,2.75,11.25,1.5],"texture":"#1"},"down":{"uv":[10.5,1.5,11.25,2.75],"texture":"#1"}}},{"from":[12.03324,7,8.24508],"to":[16.03324,9,12.24508],"rotation":{"angle":45,"axis":"y","origin":[8,8,7.91436]},"faces":{"north":{"uv":[7.5,2,5.5,3],"texture":"#1"},"east":{"uv":[7.5,2,5.5,3],"texture":"#1"},"south":{"uv":[7.5,2,5.5,3],"texture":"#1"},"west":{"uv":[7.5,2,5.5,3],"texture":"#1"},"up":{"uv":[2,3,4,5],"texture":"#1"},"down":{"uv":[2,3,4,5],"texture":"#1"}}},{"from":[10,6.75,4.04628],"to":[12,9.25,6.54628],"rotation":{"angle":0,"axis":"y","origin":[8,8,7.91436]},"faces":{"north":{"uv":[2,9.5,3,10.75],"texture":"#1"},"east":{"uv":[3.75,6.5,2.5,7.75],"texture":"#1"},"south":{"uv":[2,9.5,3,10.75],"texture":"#1"},"west":{"uv":[3.75,6.5,2.5,7.75],"texture":"#1"},"up":{"uv":[2,9.5,3,10.75],"texture":"#1"},"down":{"uv":[2,9.5,3,10.75],"texture":"#1"}}},{"from":[6.998,6.498,5.998],"to":[9.002,7.752,14.002],"rotation":{"angle":0,"axis":"y","origin":[7,0,7]},"faces":{"north":{"uv":[5,10.5,6,11.25],"texture":"#1"},"east":{"uv":[5,3,9,3.75],"texture":"#1"},"south":{"uv":[10.5,5.5,11.5,6.25],"texture":"#1"},"west":{"uv":[5,4,9,4.75],"texture":"#1"},"up":{"uv":[5,7,4,3],"texture":"#1"},"down":{"uv":[1,5,0,9],"texture":"#1"}}},{"from":[6.75,6,11.2],"to":[9.25,8.25,12.75],"rotation":{"angle":0,"axis":"y","origin":[7,0,7]},"faces":{"north":{"uv":[4,8,5.25,9.25],"texture":"#1"},"east":{"uv":[3,10.5,3.75,11.75],"texture":"#1"},"south":{"uv":[5.5,8,6.75,9.25],"texture":"#1"},"west":{"uv":[4,10.5,4.75,11.75],"texture":"#1"},"up":{"uv":[11.75,3.75,10.5,3],"texture":"#1"},"down":{"uv":[11.75,4.5,10.5,5.25],"texture":"#1"}}},{"from":[7,4.13544,13.77969],"to":[9,8.13544,15.02969],"rotation":{"angle":-22.5,"axis":"x","origin":[8,5.36044,15.47969]},"faces":{"north":{"uv":[5,6,6,8],"texture":"#1"},"east":{"uv":[0,9,0.75,11],"texture":"#1"},"south":{"uv":[6,6,7,8],"texture":"#1"},"west":{"uv":[7,9,7.75,11],"texture":"#1"},"up":{"uv":[7,11.25,6,10.5],"texture":"#1"},"down":{"uv":[11.5,6.5,10.5,7.25],"texture":"#1"}}},{"from":[6.75,3.38544,13.10469],"to":[9.25,5.88544,15.60469],"rotation":{"angle":-22.5,"axis":"x","origin":[8,5.36044,15.47969]},"faces":{"north":{"uv":[3.75,8,2.5,9.25],"rotation":180,"texture":"#1"},"east":{"uv":[7,6.5,8.25,7.75],"rotation":270,"texture":"#1"},"south":{"uv":[2.25,9.25,1,8],"texture":"#1"},"west":{"uv":[7.5,1.5,8.75,2.75],"rotation":90,"texture":"#1"},"up":{"uv":[7,5,8.25,6.25],"rotation":180,"texture":"#1"},"down":{"uv":[7.5,0,8.75,1.25],"texture":"#1"}}}],"gui_light":"front","display":{"thirdperson_righthand":{"translation":[0,0.25,-2],"scale":[0.9,0.9,0.9]},"thirdperson_lefthand":{"translation":[0,0.25,-2],"scale":[0.9,0.9,0.9]},"firstperson_righthand":{"translation":[0,4,2.25]},"firstperson_lefthand":{"translation":[0,4,2.25]},"ground":{"translation":[0,3,0]},"gui":{"rotation":[90,45,0],"translation":[-0.25,0.25,0],"scale":[0.81,0.81,0.81]},"head":{"scale":[0,0,0]},"fixed":{"rotation":[-90,0,0],"translation":[0,0,-2.75]}}}