{"credit":"MadewithBlockbench","texture_size":[32,32],"textures":{"1":"ec_forgenfire:forgenfire_default_weapons/steel_hoe"},"elements":[{"from":[7.45,0,7.45],"to":[8.55,13,8.55],"rotation":{"angle":0,"axis":"y","origin":[7,0,7]},"faces":{"north":{"uv":[0,9,0.5,15.5],"texture":"#1"},"east":{"uv":[0.5,9,1,15.5],"texture":"#1"},"south":{"uv":[1,9,1.5,15.5],"texture":"#1"},"west":{"uv":[1.5,9,2,15.5],"texture":"#1"},"up":{"uv":[8,11.5,7.5,11],"texture":"#1"},"down":{"uv":[11.5,10.5,11,11],"texture":"#1"}}},{"from":[7.2,9,7.2],"to":[8.8,11,8.8],"rotation":{"angle":0,"axis":"y","origin":[7,0,7]},"faces":{"north":{"uv":[3,10,3.75,11],"texture":"#1"},"east":{"uv":[10,3,10.75,4],"texture":"#1"},"south":{"uv":[4,10,4.75,11],"texture":"#1"},"west":{"uv":[10,4,10.75,5],"texture":"#1"},"up":{"uv":[10.75,10.75,10,10],"texture":"#1"},"down":{"uv":[11.25,0,10.5,0.75],"texture":"#1"}}},{"from":[6.698,9.748,7.498],"to":[7.452,10.752,8.502],"rotation":{"angle":-22.5,"axis":"z","origin":[6.45,10,8]},"faces":{"north":{"uv":[11.5,1.5,12,2],"texture":"#1"},"east":{"uv":[2,11.5,2.5,12],"texture":"#1"},"south":{"uv":[11.5,2,12,2.5],"texture":"#1"},"west":{"uv":[2.5,11.5,3,12],"texture":"#1"},"up":{"uv":[12,3,11.5,2.5],"texture":"#1"},"down":{"uv":[12,3,11.5,3.5],"texture":"#1"}}},{"from":[5.05497,10.4108,7.5],"to":[7.30497,11.4108,8.5],"rotation":{"angle":-45,"axis":"z","origin":[6.05497,10.9108,8]},"faces":{"north":{"uv":[4.5,11,5.5,11.5],"texture":"#1"},"east":{"uv":[3.5,11.5,4,12],"texture":"#1"},"south":{"uv":[11,4.5,12,5],"texture":"#1"},"west":{"uv":[11.5,3.5,12,4],"texture":"#1"},"up":{"uv":[12,5.5,11,5],"texture":"#1"},"down":{"uv":[6.5,11,5.5,11.5],"texture":"#1"}}},{"from":[3.92997,9.9108,7.25],"to":[5.92997,11.9108,8.75],"rotation":{"angle":-45,"axis":"z","origin":[6.05497,10.9108,8]},"faces":{"north":{"uv":[4,9,5,10],"texture":"#1"},"east":{"uv":[5,10,5.75,11],"texture":"#1"},"south":{"uv":[5,9,6,10],"texture":"#1"},"west":{"uv":[10,5,10.75,6],"texture":"#1"},"up":{"uv":[7,10.75,6,10],"texture":"#1"},"down":{"uv":[11,6,10,6.75],"texture":"#1"}}},{"from":[10.07003,9.9108,7.25],"to":[12.07003,11.9108,8.75],"rotation":{"angle":45,"axis":"z","origin":[9.94503,10.9108,8]},"faces":{"north":{"uv":[6,9,7,10],"texture":"#1"},"east":{"uv":[7,10,7.75,11],"texture":"#1"},"south":{"uv":[7,9,8,10],"texture":"#1"},"west":{"uv":[10,7,10.75,8],"texture":"#1"},"up":{"uv":[11,8.75,10,8],"texture":"#1"},"down":{"uv":[11,9,10,9.75],"texture":"#1"}}},{"from":[8.69503,10.4108,7.5],"to":[10.94503,11.4108,8.5],"rotation":{"angle":45,"axis":"z","origin":[9.94503,10.9108,8]},"faces":{"north":{"uv":[11,5.5,12,6],"texture":"#1"},"east":{"uv":[7,11.5,7.5,12],"texture":"#1"},"south":{"uv":[11,6,12,6.5],"texture":"#1"},"west":{"uv":[7.5,11.5,8,12],"texture":"#1"},"up":{"uv":[7.5,11.5,6.5,11],"texture":"#1"},"down":{"uv":[12,6.5,11,7],"texture":"#1"}}},{"from":[8.548,9.748,7.498],"to":[9.302,10.752,8.502],"rotation":{"angle":22.5,"axis":"z","origin":[9.55,10,8]},"faces":{"north":{"uv":[4,11.5,4.5,12],"texture":"#1"},"east":{"uv":[4.5,11.5,5,12],"texture":"#1"},"south":{"uv":[5,11.5,5.5,12],"texture":"#1"},"west":{"uv":[5.5,11.5,6,12],"texture":"#1"},"up":{"uv":[6.5,12,6,11.5],"texture":"#1"},"down":{"uv":[7,11.5,6.5,12],"texture":"#1"}}},{"from":[7.25,12.50319,7.25],"to":[8.75,13.50319,8.75],"rotation":{"angle":0,"axis":"y","origin":[8,13.50319,8]},"faces":{"north":{"uv":[11,7,11.75,7.5],"texture":"#1"},"east":{"uv":[11,7.5,11.75,8],"texture":"#1"},"south":{"uv":[11,8,11.75,8.5],"texture":"#1"},"west":{"uv":[11,8.5,11.75,9],"texture":"#1"},"up":{"uv":[11.25,1.75,10.5,1],"texture":"#1"},"down":{"uv":[11.25,2,10.5,2.75],"texture":"#1"}}},{"from":[7.25,6.50319,7.25],"to":[8.75,7.50319,8.75],"rotation":{"angle":0,"axis":"y","origin":[8,13.50319,8]},"faces":{"north":{"uv":[11,9,11.75,9.5],"texture":"#1"},"east":{"uv":[11,9.5,11.75,10],"texture":"#1"},"south":{"uv":[10,11,10.75,11.5],"texture":"#1"},"west":{"uv":[11,10,11.75,10.5],"texture":"#1"},"up":{"uv":[8.75,11.25,8,10.5],"texture":"#1"},"down":{"uv":[9.75,10.5,9,11.25],"texture":"#1"}}},{"from":[6.744,-1.856,7.594],"to":[8.856,0.256,8.406],"rotation":{"angle":-45,"axis":"z","origin":[8,-1,8]},"faces":{"north":{"uv":[2,9,3,10],"texture":"#1"},"east":{"uv":[3,11,3.5,12],"texture":"#1"},"south":{"uv":[3,9,4,10],"texture":"#1"},"west":{"uv":[11,3,11.5,4],"texture":"#1"},"up":{"uv":[4.5,11.5,3.5,11],"texture":"#1"},"down":{"uv":[12,4,11,4.5],"texture":"#1"}}},{"from":[11.46559,-4.758,7.596],"to":[11.94859,-4.275,8.404],"rotation":{"angle":-45,"axis":"z","origin":[11.09459,0.471,8]},"faces":{"north":{"uv":[10,11.5,10.25,11.75],"texture":"#1"},"east":{"uv":[8,11.5,8.5,11.75],"texture":"#1"},"south":{"uv":[10.5,11.5,10.75,11.75],"texture":"#1"},"west":{"uv":[8.5,11.5,9,11.75],"texture":"#1"},"up":{"uv":[9.25,12,9,11.5],"texture":"#1"},"down":{"uv":[9.75,11.5,9.5,12],"texture":"#1"}}},{"from":[6.98444,-3.07679,7.6],"to":[7.78444,-0.07679,8.4],"rotation":{"angle":22.5,"axis":"z","origin":[8.35944,-1.57679,8]},"faces":{"north":{"uv":[8,9,8.5,10.5],"texture":"#1"},"east":{"uv":[8.5,9,9,10.5],"texture":"#1"},"south":{"uv":[9,9,9.5,10.5],"texture":"#1"},"west":{"uv":[9.5,9,10,10.5],"texture":"#1"},"up":{"uv":[11.5,11.5,11,11],"texture":"#1"},"down":{"uv":[12,0,11.5,0.5],"texture":"#1"}}},{"from":[8.21356,-3.07879,7.598],"to":[9.01756,-0.07479,8.402],"rotation":{"angle":-22.5,"axis":"z","origin":[7.64056,-1.57679,8]},"faces":{"north":{"uv":[10,0,10.5,1.5],"texture":"#1"},"east":{"uv":[10,1.5,10.5,3],"texture":"#1"},"south":{"uv":[2,10,2.5,11.5],"texture":"#1"},"west":{"uv":[2.5,10,3,11.5],"texture":"#1"},"up":{"uv":[12,1,11.5,0.5],"texture":"#1"},"down":{"uv":[12,1,11.5,1.5],"texture":"#1"}}},{"from":[-4,9,8],"to":[16,18,8],"rotation":{"angle":0,"axis":"y","origin":[7,0,8]},"faces":{"north":{"uv":[0,0,10,4.5],"texture":"#1"},"east":{"uv":[0,0,0,4.5],"texture":"#1"},"south":{"uv":[10,0,0,4.5],"texture":"#1"},"west":{"uv":[0,0,0,4.5],"texture":"#1"},"up":{"uv":[10,0,0,0],"texture":"#1"},"down":{"uv":[10,0,0,0],"texture":"#1"}}}],"gui_light":"front","display":{"thirdperson_righthand":{"rotation":[0,-90,0],"translation":[0,3,0.75]},"thirdperson_lefthand":{"rotation":[0,90,0],"translation":[0,3,0.75]},"firstperson_righthand":{"rotation":[0,-73.75,0],"translation":[0,4.75,1]},"firstperson_lefthand":{"rotation":[-180,80,180],"translation":[0,4.75,1]},"ground":{"translation":[0,8.25,0]},"gui":{"rotation":[0,0,-45],"translation":[0.25,-0.75,0],"scale":[0.79,0.79,0.79]},"head":{"scale":[0,0,0]},"fixed":{"translation":[0,0.75,-1]}}}