{"credit":"MadewithBlockbench","texture_size":[32,32],"textures":{"0":"ec_forgenfire:forgenfire_default_weapons/steel_bow","particle":"ec_forgenfire:forgenfire_default_weapons/steel_bow"},"elements":[{"from":[7.25,6,4.54628],"to":[8.75,10,6.04628],"rotation":{"angle":0,"axis":"y","origin":[7,-1,4.29628]},"faces":{"north":{"uv":[6.5,3,7.25,5],"texture":"#0"},"east":{"uv":[6.5,5,7.25,7],"texture":"#0"},"south":{"uv":[0,7,0.75,9],"texture":"#0"},"west":{"uv":[1,7,1.75,9],"texture":"#0"},"up":{"uv":[0.75,9.75,0,9],"texture":"#0"},"down":{"uv":[1.75,9,1,9.75],"texture":"#0"}}},{"from":[7,0.5,4.29628],"to":[9,4.5,8.29628],"rotation":{"angle":45,"axis":"x","origin":[8,3.5,5.29628]},"faces":{"north":{"uv":[0,5,1,7],"texture":"#0"},"east":{"uv":[0,3,2,5],"texture":"#0"},"south":{"uv":[1,5,2,7],"texture":"#0"},"west":{"uv":[2,3,4,5],"texture":"#0"},"up":{"uv":[3,7,2,5],"texture":"#0"},"down":{"uv":[4,5,3,7],"texture":"#0"}}},{"from":[7.248,-2.49037,4.97562],"to":[8.752,2.51363,6.47962],"rotation":{"angle":-22.5,"axis":"x","origin":[8,0.01163,5.72762]},"faces":{"north":{"uv":[5.5,0,6.25,2.5],"texture":"#0"},"east":{"uv":[5.5,2.5,6.25,5],"texture":"#0"},"south":{"uv":[5.5,5,6.25,7.5],"texture":"#0"},"west":{"uv":[4,6,4.75,8.5],"texture":"#0"},"up":{"uv":[9.75,6.25,9,5.5],"texture":"#0"},"down":{"uv":[9.75,6.5,9,7.25],"texture":"#0"}}},{"from":[7.25,-3.12053,6.18328],"to":[8.75,-1.62053,8.68328],"rotation":{"angle":22.5,"axis":"x","origin":[8,-2.37053,7.43328]},"faces":{"north":{"uv":[9,7.5,9.75,8.25],"texture":"#0"},"east":{"uv":[8.5,3,9.75,3.75],"texture":"#0"},"south":{"uv":[9,8.5,9.75,9.25],"texture":"#0"},"west":{"uv":[5.5,8.5,6.75,9.25],"texture":"#0"},"up":{"uv":[4.75,9.75,4,8.5],"texture":"#0"},"down":{"uv":[8.75,8.5,8,9.75],"texture":"#0"}}},{"from":[6.998,-4.91034,7.83323],"to":[9.002,-1.90634,10.83723],"rotation":{"angle":22.5,"axis":"x","origin":[8,-3.40834,9.33523]},"faces":{"north":{"uv":[2,7,3,8.5],"texture":"#0"},"east":{"uv":[4,3,5.5,4.5],"texture":"#0"},"south":{"uv":[3,7,4,8.5],"texture":"#0"},"west":{"uv":[4,4.5,5.5,6],"texture":"#0"},"up":{"uv":[7.5,8.5,6.5,7],"texture":"#0"},"down":{"uv":[8.5,3,7.5,4.5],"texture":"#0"}}},{"from":[7,-5.15639,9.83328],"to":[9,-3.05639,11.98328],"rotation":{"angle":-22.5,"axis":"x","origin":[8,-4.55639,10.48328]},"faces":{"north":{"uv":[5.5,7.5,6.5,8.5],"texture":"#0"},"east":{"uv":[8,5.5,9,6.5],"texture":"#0"},"south":{"uv":[8,6.5,9,7.5],"texture":"#0"},"west":{"uv":[8,7.5,9,8.5],"texture":"#0"},"up":{"uv":[3,9.5,2,8.5],"texture":"#0"},"down":{"uv":[4,8.5,3,9.5],"texture":"#0"}}},{"from":[7.496,-5.23556,5.65445],"to":[8.504,-4.72756,7.16245],"rotation":{"angle":45,"axis":"x","origin":[8,-3.23156,9.15845]},"faces":{"north":{"uv":[9.5,1.5,10,1.75],"texture":"#0"},"east":{"uv":[8.5,4,9.25,4.25],"texture":"#0"},"south":{"uv":[2,9.5,2.5,9.75],"texture":"#0"},"west":{"uv":[9.5,1,10.25,1.25],"texture":"#0"},"up":{"uv":[7.5,9.25,7,8.5],"texture":"#0"},"down":{"uv":[10,0,9.5,0.75],"texture":"#0"}}},{"from":[6.75,4,4.04628],"to":[9.25,6,6.54628],"rotation":{"angle":0,"axis":"y","origin":[7,-1,4.29628]},"faces":{"north":{"uv":[8,0,9.25,1],"texture":"#0"},"east":{"uv":[8,1,9.25,2],"texture":"#0"},"south":{"uv":[8,2,9.25,3],"texture":"#0"},"west":{"uv":[8,4.5,9.25,5.5],"texture":"#0"},"up":{"uv":[7.75,1.25,6.5,0],"texture":"#0"},"down":{"uv":[7.75,1.5,6.5,2.75],"texture":"#0"}}},{"from":[8,-3,8.5],"to":[8,8,9],"rotation":{"angle":0,"axis":"y","origin":[8,-1.75,8.75]},"faces":{"north":{"uv":[0,0,0,5.5],"texture":"#0"},"east":{"uv":[5,6,5.25,11.5],"texture":"#0"},"south":{"uv":[0,0,0,5.5],"texture":"#0"},"west":{"uv":[7.5,4.5,7.75,10],"texture":"#0"},"up":{"uv":[0,0.25,0,0],"texture":"#0"},"down":{"uv":[0,0,0,0.25],"texture":"#0"}}},{"from":[8,8,8.5],"to":[8,19,9],"rotation":{"angle":0,"axis":"y","origin":[8,17.75,8.75]},"faces":{"north":{"uv":[0,5.5,0,0],"texture":"#0"},"east":{"uv":[5,11.5,5.25,6],"texture":"#0"},"south":{"uv":[0,5.5,0,0],"texture":"#0"},"west":{"uv":[7.5,10,7.75,4.5],"texture":"#0"},"up":{"uv":[0,0.25,0,0],"texture":"#0"},"down":{"uv":[0,0,0,0.25],"texture":"#0"}}},{"from":[7,19.05639,9.83328],"to":[9,21.15639,11.98328],"rotation":{"angle":22.5,"axis":"x","origin":[8,20.55639,10.48328]},"faces":{"north":{"uv":[5.5,8.5,6.5,7.5],"texture":"#0"},"east":{"uv":[8,6.5,9,5.5],"texture":"#0"},"south":{"uv":[8,7.5,9,6.5],"texture":"#0"},"west":{"uv":[8,8.5,9,7.5],"texture":"#0"},"up":{"uv":[4,9.5,3,8.5],"texture":"#0"},"down":{"uv":[3,8.5,2,9.5],"texture":"#0"}}},{"from":[7.496,20.72756,5.65445],"to":[8.504,21.23556,7.16245],"rotation":{"angle":-45,"axis":"x","origin":[8,19.23156,9.15845]},"faces":{"north":{"uv":[9.5,1.75,10,1.5],"texture":"#0"},"east":{"uv":[8.5,4.25,9.25,4],"texture":"#0"},"south":{"uv":[2,9.75,2.5,9.5],"texture":"#0"},"west":{"uv":[9.5,1.25,10.25,1],"texture":"#0"},"up":{"uv":[10,0.75,9.5,0],"texture":"#0"},"down":{"uv":[7.5,8.5,7,9.25],"texture":"#0"}}},{"from":[6.998,17.90634,7.83323],"to":[9.002,20.91034,10.83723],"rotation":{"angle":-22.5,"axis":"x","origin":[8,19.40834,9.33523]},"faces":{"north":{"uv":[2,8.5,3,7],"texture":"#0"},"east":{"uv":[4,4.5,5.5,3],"texture":"#0"},"south":{"uv":[3,8.5,4,7],"texture":"#0"},"west":{"uv":[4,6,5.5,4.5],"texture":"#0"},"up":{"uv":[8.5,4.5,7.5,3],"texture":"#0"},"down":{"uv":[7.5,7,6.5,8.5],"texture":"#0"}}},{"from":[7.25,17.62053,6.18328],"to":[8.75,19.12053,8.68328],"rotation":{"angle":-22.5,"axis":"x","origin":[8,18.37053,7.43328]},"faces":{"north":{"uv":[9,8.25,9.75,7.5],"texture":"#0"},"east":{"uv":[8.5,3.75,9.75,3],"texture":"#0"},"south":{"uv":[9,9.25,9.75,8.5],"texture":"#0"},"west":{"uv":[5.5,9.25,6.75,8.5],"texture":"#0"},"up":{"uv":[8.75,9.75,8,8.5],"texture":"#0"},"down":{"uv":[4.75,8.5,4,9.75],"texture":"#0"}}},{"from":[7.248,13.48637,4.97562],"to":[8.752,18.49037,6.47962],"rotation":{"angle":22.5,"axis":"x","origin":[8,15.98837,5.72762]},"faces":{"north":{"uv":[5.5,2.5,6.25,0],"texture":"#0"},"east":{"uv":[5.5,5,6.25,2.5],"texture":"#0"},"south":{"uv":[5.5,7.5,6.25,5],"texture":"#0"},"west":{"uv":[4,8.5,4.75,6],"texture":"#0"},"up":{"uv":[9.75,7.25,9,6.5],"texture":"#0"},"down":{"uv":[9.75,5.5,9,6.25],"texture":"#0"}}},{"from":[7,11.5,4.29628],"to":[9,15.5,8.29628],"rotation":{"angle":-45,"axis":"x","origin":[8,12.5,5.29628]},"faces":{"north":{"uv":[0,7,1,5],"texture":"#0"},"east":{"uv":[0,5,2,3],"texture":"#0"},"south":{"uv":[1,7,2,5],"texture":"#0"},"west":{"uv":[2,5,4,3],"texture":"#0"},"up":{"uv":[4,7,3,5],"texture":"#0"},"down":{"uv":[3,5,2,7],"texture":"#0"}}},{"from":[6.75,10,4.04628],"to":[9.25,12,6.54628],"rotation":{"angle":0,"axis":"y","origin":[7,17,4.29628]},"faces":{"north":{"uv":[8,1,9.25,0],"texture":"#0"},"east":{"uv":[8,2,9.25,1],"texture":"#0"},"south":{"uv":[8,3,9.25,2],"texture":"#0"},"west":{"uv":[8,5.5,9.25,4.5],"texture":"#0"},"up":{"uv":[7.75,2.75,6.5,1.5],"texture":"#0"},"down":{"uv":[7.75,0,6.5,1.25],"texture":"#0"}}}],"gui_light":"front","display":{"thirdperson_righthand":{"translation":[0,-2,1.5]},"thirdperson_lefthand":{"translation":[0,-2,1.5]},"firstperson_righthand":{"translation":[0,4.5,1.5]},"firstperson_lefthand":{"translation":[0,4.5,1.5]},"ground":{"rotation":[0,0,90]},"gui":{"rotation":[90,45,90],"translation":[-0.5,0.75,0],"scale":[0.69,0.69,0.69]},"head":{"scale":[0,0,0]},"fixed":{"rotation":[0,90,0]}}}