{"credit":"MadewithBlockbench","texture_size":[64,64],"textures":{"1":"ec_forgenfire:forgenfire_default_weapons/black_iron_pickaxe"},"elements":[{"from":[7.5,-2,7.5],"to":[8.5,20.25,8.5],"rotation":{"angle":0,"axis":"y","origin":[7,-5,7]},"faces":{"north":{"uv":[6.5,3.5,6.75,9.125],"texture":"#1"},"east":{"uv":[6.75,3.5,7,9.125],"texture":"#1"},"south":{"uv":[7,3.5,7.25,9.125],"texture":"#1"},"west":{"uv":[7.25,3.5,7.5,9.125],"texture":"#1"},"up":{"uv":[8.75,3.5,8.5,3.25],"texture":"#1"},"down":{"uv":[9,4.75,8.75,5],"texture":"#1"}}},{"from":[6.496,15.996,6.996],"to":[9.254,18.754,9.004],"rotation":{"angle":-45,"axis":"z","origin":[8,17.25,8]},"faces":{"north":{"uv":[7.5,3.5,8.25,4.25],"texture":"#1"},"east":{"uv":[8.25,4.25,8.75,5],"texture":"#1"},"south":{"uv":[7.5,4.25,8.25,5],"texture":"#1"},"west":{"uv":[8.5,0,9,0.75],"texture":"#1"},"up":{"uv":[9.25,1.25,8.5,0.75],"texture":"#1"},"down":{"uv":[9.25,1.25,8.5,1.75],"texture":"#1"}}},{"from":[6.43866,16.85327,7],"to":[7.28866,21.10327,9],"rotation":{"angle":-22.5,"axis":"z","origin":[7.68866,18.10327,8]},"faces":{"north":{"uv":[8.5,6.5,8.75,7.625],"texture":"#1"},"east":{"uv":[7.5,5,8,6.125],"texture":"#1"},"south":{"uv":[8.5,7.75,8.75,8.875],"texture":"#1"},"west":{"uv":[7.5,6.25,8,7.375],"texture":"#1"},"up":{"uv":[9.25,2.75,9,2.25],"texture":"#1"},"down":{"uv":[2.75,9,2.5,9.5],"texture":"#1"}}},{"from":[8.70934,16.85127,6.998],"to":[9.56334,21.10527,9.002],"rotation":{"angle":22.5,"axis":"z","origin":[8.31134,18.10327,8]},"faces":{"north":{"uv":[8,8.5,8.25,9.625],"texture":"#1"},"east":{"uv":[7.5,7.5,8,8.625],"texture":"#1"},"south":{"uv":[8.25,8.5,8.5,9.625],"texture":"#1"},"west":{"uv":[8,5,8.5,6.125],"texture":"#1"},"up":{"uv":[3,9.5,2.75,9],"texture":"#1"},"down":{"uv":[9.25,2.75,9,3.25],"texture":"#1"}}},{"from":[7,10,7],"to":[9,13,9],"rotation":{"angle":0,"axis":"y","origin":[7,-5,7]},"faces":{"north":{"uv":[8,6.25,8.5,7],"texture":"#1"},"east":{"uv":[8,7,8.5,7.75],"texture":"#1"},"south":{"uv":[8,7.75,8.5,8.5],"texture":"#1"},"west":{"uv":[8.25,3.5,8.75,4.25],"texture":"#1"},"up":{"uv":[9.25,4.75,8.75,4.25],"texture":"#1"},"down":{"uv":[9.25,6.5,8.75,7],"texture":"#1"}}},{"from":[6.998,-4.502,6.998],"to":[9.002,-1.998,9.002],"rotation":{"angle":0,"axis":"y","origin":[7,-5,7]},"faces":{"north":{"uv":[8.5,1.75,9,2.375],"texture":"#1"},"east":{"uv":[8.5,2.5,9,3.125],"texture":"#1"},"south":{"uv":[8.5,5,9,5.625],"texture":"#1"},"west":{"uv":[8.5,5.75,9,6.375],"texture":"#1"},"up":{"uv":[9.25,3.75,8.75,3.25],"texture":"#1"},"down":{"uv":[9.25,3.75,8.75,4.25],"texture":"#1"}}},{"from":[4,-8.5,8],"to":[12,-2,8],"rotation":{"angle":0,"axis":"y","origin":[7,-5,8]},"faces":{"north":{"uv":[6.5,0,8.5,1.625],"texture":"#1"},"east":{"uv":[0,0,0,1.625],"texture":"#1"},"south":{"uv":[6.5,1.75,8.5,3.375],"texture":"#1"},"west":{"uv":[0,0,0,1.625],"texture":"#1"},"up":{"uv":[2,0,0,0],"texture":"#1"},"down":{"uv":[2,0,0,0],"texture":"#1"}}},{"from":[7.00901,-5.57322,7],"to":[8.40901,-4.17322,9],"rotation":{"angle":45,"axis":"z","origin":[7.40901,-4.32322,8]},"faces":{"north":{"uv":[1,9,1.375,9.375],"texture":"#1"},"east":{"uv":[8.75,7,9.25,7.375],"texture":"#1"},"south":{"uv":[1.5,9,1.875,9.375],"texture":"#1"},"west":{"uv":[7.5,8.75,8,9.125],"texture":"#1"},"up":{"uv":[9.125,8,8.75,7.5],"texture":"#1"},"down":{"uv":[9.125,8,8.75,8.5],"texture":"#1"}}},{"from":[9.83744,-1.90165,7],"to":[11.23744,-0.50165,9],"rotation":{"angle":45,"axis":"z","origin":[10.23744,-4.65165,8]},"faces":{"north":{"uv":[9,1.75,9.375,2.125],"texture":"#1"},"east":{"uv":[8.75,8.5,9.25,8.875],"texture":"#1"},"south":{"uv":[2,9,2.375,9.375],"texture":"#1"},"west":{"uv":[0,9,0.5,9.375],"texture":"#1"},"up":{"uv":[9.375,0.5,9,0],"texture":"#1"},"down":{"uv":[0.875,9,0.5,9.5],"texture":"#1"}}},{"from":[-5,8,8],"to":[21,26,8],"rotation":{"angle":0,"axis":"y","origin":[7,0,8]},"faces":{"north":{"uv":[0,0,6.5,4.5],"texture":"#1"},"east":{"uv":[0,0,0,4.5],"texture":"#1"},"south":{"uv":[0,4.5,6.5,9],"texture":"#1"},"west":{"uv":[0,0,0,4.5],"texture":"#1"},"up":{"uv":[6.5,0,0,0],"texture":"#1"},"down":{"uv":[6.5,0,0,0],"texture":"#1"}}}],"gui_light":"front","display":{"thirdperson_righthand":{"rotation":[0,-90,0],"translation":[0,2.5,1]},"thirdperson_lefthand":{"rotation":[0,-90,0],"translation":[0,2.5,1]},"firstperson_righthand":{"rotation":[-29.33,-81.97,-29.83],"translation":[0,-1,0]},"firstperson_lefthand":{"rotation":[-29.33,-81.97,-29.83],"translation":[0,-1,0]},"ground":{"translation":[0,8.75,0],"scale":[0.79,0.79,0.79]},"gui":{"rotation":[0,0,-45],"translation":[-1.25,-1.5,0],"scale":[0.51,0.51,0.51]},"head":{"scale":[0,0,0]},"fixed":{"translation":[0,0,-2]}}}