{"credit":"MadewithBlockbench","texture_size":[32,32],"textures":{"1":"ec_forgenfire:forgenfire_default_weapons/black_iron_bow"},"elements":[{"from":[7.25,3,3.25],"to":[8.75,14,4.75],"rotation":{"angle":0,"axis":"y","origin":[7,0,7]},"faces":{"north":{"uv":[1,3,1.75,8.5],"texture":"#1"},"east":{"uv":[2,3,2.75,8.5],"texture":"#1"},"south":{"uv":[3,3,3.75,8.5],"texture":"#1"},"west":{"uv":[4,3,4.75,8.5],"texture":"#1"},"up":{"uv":[12.25,5.75,11.5,5],"texture":"#1"},"down":{"uv":[6.25,11.5,5.5,12.25],"texture":"#1"}}},{"from":[7,11.25,3],"to":[9,12.5,5],"rotation":{"angle":0,"axis":"y","origin":[7,0,7]},"faces":{"north":{"uv":[11,0,12,0.75],"texture":"#1"},"east":{"uv":[3.5,11,4.5,11.75],"texture":"#1"},"south":{"uv":[10.5,11,11.5,11.75],"texture":"#1"},"west":{"uv":[0,11.5,1,12.25],"texture":"#1"},"up":{"uv":[6,11.5,5,10.5],"texture":"#1"},"down":{"uv":[11.5,5,10.5,6],"texture":"#1"}}},{"from":[7,3.5,3],"to":[9,4.75,5],"rotation":{"angle":0,"axis":"y","origin":[7,16,7]},"faces":{"north":{"uv":[2,11.5,3,12.25],"texture":"#1"},"east":{"uv":[11.5,3,12.5,3.75],"texture":"#1"},"south":{"uv":[11.5,4,12.5,4.75],"texture":"#1"},"west":{"uv":[4.5,11.5,5.5,12.25],"texture":"#1"},"up":{"uv":[7,11.5,6,10.5],"texture":"#1"},"down":{"uv":[11.5,6,10.5,7],"texture":"#1"}}},{"from":[6.748,12.73436,2.12928],"to":[9.252,16.98836,4.63328],"rotation":{"angle":-45,"axis":"x","origin":[8,14.86136,3.38128]},"faces":{"north":{"uv":[6.5,5,7.75,7],"texture":"#1"},"east":{"uv":[6.5,7,7.75,9],"texture":"#1"},"south":{"uv":[8,0,9.25,2],"texture":"#1"},"west":{"uv":[8,2,9.25,4],"texture":"#1"},"up":{"uv":[3.25,11.25,2,10],"texture":"#1"},"down":{"uv":[8.75,10,7.5,11.25],"texture":"#1"}}},{"from":[6.75,14.20781,0.89091],"to":[9.25,19.45781,3.39091],"rotation":{"angle":22.5,"axis":"x","origin":[8,14.58281,4.14091]},"faces":{"north":{"uv":[5,3,6.25,5.5],"texture":"#1"},"east":{"uv":[5,5.5,6.25,8],"texture":"#1"},"south":{"uv":[6.5,0,7.75,2.5],"texture":"#1"},"west":{"uv":[6.5,2.5,7.75,5],"texture":"#1"},"up":{"uv":[10.25,11.25,9,10],"texture":"#1"},"down":{"uv":[11.75,1.5,10.5,2.75],"texture":"#1"}}},{"from":[7.25,18.67772,4.99392],"to":[8.75,22.92772,6.49392],"rotation":{"angle":45,"axis":"x","origin":[8,21.30272,5.74392]},"faces":{"north":{"uv":[4,8.5,4.75,10.75],"texture":"#1"},"east":{"uv":[9.5,1.5,10.25,3.75],"texture":"#1"},"south":{"uv":[9.5,7.5,10.25,9.75],"texture":"#1"},"west":{"uv":[1,10,1.75,12.25],"texture":"#1"},"up":{"uv":[12.25,6.75,11.5,6],"texture":"#1"},"down":{"uv":[7.25,11.5,6.5,12.25],"texture":"#1"}}},{"from":[6.998,22.04619,6.40479],"to":[9.002,24.05019,10.65879],"rotation":{"angle":-22.5,"axis":"x","origin":[8,23.04819,8.53179]},"faces":{"north":{"uv":[10.5,3,11.5,4],"texture":"#1"},"east":{"uv":[8,4,10.25,5],"texture":"#1"},"south":{"uv":[10.5,4,11.5,5],"texture":"#1"},"west":{"uv":[8,5,10.25,6],"texture":"#1"},"up":{"uv":[6,10.25,5,8],"texture":"#1"},"down":{"uv":[9,6,8,8.25],"texture":"#1"}}},{"from":[7,22.62319,9.56791],"to":[9,24.04819,10.99291],"rotation":{"angle":22.5,"axis":"x","origin":[8,23.04819,11.69291]},"faces":{"north":{"uv":[10.5,7,11.5,7.75],"texture":"#1"},"east":{"uv":[11.5,7,12.25,7.75],"texture":"#1"},"south":{"uv":[10.5,8,11.5,8.75],"texture":"#1"},"west":{"uv":[7.5,11.5,8.25,12.25],"texture":"#1"},"up":{"uv":[11.5,9.75,10.5,9],"texture":"#1"},"down":{"uv":[11.5,10,10.5,10.75],"texture":"#1"}}},{"from":[6.75,20.89561,5.33498],"to":[9.25,23.89561,8.33498],"rotation":{"angle":22.5,"axis":"x","origin":[8,22.14561,6.33498]},"faces":{"north":{"uv":[8,8.5,9.25,10],"texture":"#1"},"east":{"uv":[1,8.5,2.5,10],"texture":"#1"},"south":{"uv":[6,9,7.25,10.5],"texture":"#1"},"west":{"uv":[2.5,8.5,4,10],"texture":"#1"},"up":{"uv":[10.25,7.5,9,6],"texture":"#1"},"down":{"uv":[10.75,0,9.5,1.5],"texture":"#1"}}},{"from":[8,8,10],"to":[8,24.5,10.75],"rotation":{"angle":22.5,"axis":"x","origin":[8,23.25,10.375]},"faces":{"north":{"uv":[0,0,0,8.25],"texture":"#1"},"east":{"uv":[0,3,0.5,11.25],"texture":"#1"},"south":{"uv":[0,0,0,8.25],"texture":"#1"},"west":{"uv":[0.5,3,1,11.25],"texture":"#1"},"up":{"uv":[0,0.5,0,0],"texture":"#1"},"down":{"uv":[0,0,0,0.5],"texture":"#1"}}},{"from":[8,-8.5,10],"to":[8,8,10.75],"rotation":{"angle":-22.5,"axis":"x","origin":[8,-7.25,10.375]},"faces":{"north":{"uv":[0,8.25,0,0],"texture":"#1"},"east":{"uv":[0,11.25,0.5,3],"texture":"#1"},"south":{"uv":[0,8.25,0,0],"texture":"#1"},"west":{"uv":[0.5,11.25,1,3],"texture":"#1"},"up":{"uv":[0,0.5,0,0],"texture":"#1"},"down":{"uv":[0,0,0,0.5],"texture":"#1"}}},{"from":[7,-8.04819,9.56791],"to":[9,-6.62319,10.99291],"rotation":{"angle":-22.5,"axis":"x","origin":[8,-7.04819,11.69291]},"faces":{"north":{"uv":[10.5,7.75,11.5,7],"texture":"#1"},"east":{"uv":[11.5,7.75,12.25,7],"texture":"#1"},"south":{"uv":[10.5,8.75,11.5,8],"texture":"#1"},"west":{"uv":[7.5,12.25,8.25,11.5],"texture":"#1"},"up":{"uv":[11.5,10.75,10.5,10],"texture":"#1"},"down":{"uv":[11.5,9,10.5,9.75],"texture":"#1"}}},{"from":[6.998,-8.05019,6.40479],"to":[9.002,-6.04619,10.65879],"rotation":{"angle":22.5,"axis":"x","origin":[8,-7.04819,8.53179]},"faces":{"north":{"uv":[10.5,4,11.5,3],"texture":"#1"},"east":{"uv":[8,5,10.25,4],"texture":"#1"},"south":{"uv":[10.5,5,11.5,4],"texture":"#1"},"west":{"uv":[8,6,10.25,5],"texture":"#1"},"up":{"uv":[9,8.25,8,6],"texture":"#1"},"down":{"uv":[6,8,5,10.25],"texture":"#1"}}},{"from":[6.75,-7.89561,5.33498],"to":[9.25,-4.89561,8.33498],"rotation":{"angle":-22.5,"axis":"x","origin":[8,-6.14561,6.33498]},"faces":{"north":{"uv":[8,10,9.25,8.5],"texture":"#1"},"east":{"uv":[1,10,2.5,8.5],"texture":"#1"},"south":{"uv":[6,10.5,7.25,9],"texture":"#1"},"west":{"uv":[2.5,10,4,8.5],"texture":"#1"},"up":{"uv":[10.75,1.5,9.5,0],"texture":"#1"},"down":{"uv":[10.25,6,9,7.5],"texture":"#1"}}},{"from":[7.25,-6.92772,4.99392],"to":[8.75,-2.67772,6.49392],"rotation":{"angle":-45,"axis":"x","origin":[8,-5.30272,5.74392]},"faces":{"north":{"uv":[4,10.75,4.75,8.5],"texture":"#1"},"east":{"uv":[9.5,3.75,10.25,1.5],"texture":"#1"},"south":{"uv":[9.5,9.75,10.25,7.5],"texture":"#1"},"west":{"uv":[1,12.25,1.75,10],"texture":"#1"},"up":{"uv":[7.25,12.25,6.5,11.5],"texture":"#1"},"down":{"uv":[12.25,6,11.5,6.75],"texture":"#1"}}},{"from":[6.75,-3.45781,0.89091],"to":[9.25,1.79219,3.39091],"rotation":{"angle":-22.5,"axis":"x","origin":[8,1.41719,4.14091]},"faces":{"north":{"uv":[5,5.5,6.25,3],"texture":"#1"},"east":{"uv":[5,8,6.25,5.5],"texture":"#1"},"south":{"uv":[6.5,2.5,7.75,0],"texture":"#1"},"west":{"uv":[6.5,5,7.75,2.5],"texture":"#1"},"up":{"uv":[11.75,2.75,10.5,1.5],"texture":"#1"},"down":{"uv":[10.25,10,9,11.25],"texture":"#1"}}},{"from":[6.748,-0.98836,2.12928],"to":[9.252,3.26564,4.63328],"rotation":{"angle":45,"axis":"x","origin":[8,1.13864,3.38128]},"faces":{"north":{"uv":[6.5,7,7.75,5],"texture":"#1"},"east":{"uv":[6.5,9,7.75,7],"texture":"#1"},"south":{"uv":[8,2,9.25,0],"texture":"#1"},"west":{"uv":[8,4,9.25,2],"texture":"#1"},"up":{"uv":[8.75,11.25,7.5,10],"texture":"#1"},"down":{"uv":[3.25,10,2,11.25],"texture":"#1"}}}],"gui_light":"front","display":{"thirdperson_righthand":{"translation":[0,-2,3.75]},"thirdperson_lefthand":{"translation":[0,-2,3.75]},"ground":{"rotation":[0,0,90]},"gui":{"rotation":[90,45,-90],"translation":[0,0.5,0],"scale":[0.55,0.55,0.55]},"head":{"scale":[0,0,0]},"fixed":{"rotation":[-180,90,-180],"translation":[0,0,-2.25],"scale":[0.7,0.7,0.7]}}}