{"credit":"MadewithBlockbench","texture_size":[64,64],"textures":{"1":"ec_forgenfire:forgenfire_default_weapons/black_iron_hoe"},"elements":[{"from":[7.5,-2,7.5],"to":[8.5,20.25,8.5],"rotation":{"angle":0,"axis":"y","origin":[7,-5,7]},"faces":{"north":{"uv":[6.5,3.5,6.75,9.125],"texture":"#1"},"east":{"uv":[6.75,3.5,7,9.125],"texture":"#1"},"south":{"uv":[0,7,0.25,12.625],"texture":"#1"},"west":{"uv":[0.25,7,0.5,12.625],"texture":"#1"},"up":{"uv":[7.75,5.75,7.5,5.5],"texture":"#1"},"down":{"uv":[8,6,7.75,6.25],"texture":"#1"}}},{"from":[6.496,15.996,6.996],"to":[9.254,18.754,9.004],"rotation":{"angle":-45,"axis":"z","origin":[8,17.25,8]},"faces":{"north":{"uv":[0.5,7,1.25,7.75],"texture":"#1"},"east":{"uv":[5,7,5.5,7.75],"texture":"#1"},"south":{"uv":[1.25,7,2,7.75],"texture":"#1"},"west":{"uv":[7,5,7.5,5.75],"texture":"#1"},"up":{"uv":[6.25,7.5,5.5,7],"texture":"#1"},"down":{"uv":[7.75,5.75,7,6.25],"texture":"#1"}}},{"from":[6.43866,16.85327,7],"to":[7.28866,21.10327,9],"rotation":{"angle":-22.5,"axis":"z","origin":[7.68866,18.10327,8]},"faces":{"north":{"uv":[6.25,7,6.5,8.125],"texture":"#1"},"east":{"uv":[2,7,2.5,8.125],"texture":"#1"},"south":{"uv":[5.5,7.5,5.75,8.625],"texture":"#1"},"west":{"uv":[2.5,7,3,8.125],"texture":"#1"},"up":{"uv":[8.25,5.5,8,5],"texture":"#1"},"down":{"uv":[8.25,6,8,6.5],"texture":"#1"}}},{"from":[8.70934,16.85127,6.998],"to":[9.56334,21.10527,9.002],"rotation":{"angle":22.5,"axis":"z","origin":[8.31134,18.10327,8]},"faces":{"north":{"uv":[5.75,7.5,6,8.625],"texture":"#1"},"east":{"uv":[3,7,3.5,8.125],"texture":"#1"},"south":{"uv":[6,7.5,6.25,8.625],"texture":"#1"},"west":{"uv":[3.5,7,4,8.125],"texture":"#1"},"up":{"uv":[8.25,7,8,6.5],"texture":"#1"},"down":{"uv":[8.25,7,8,7.5],"texture":"#1"}}},{"from":[7,10,7],"to":[9,13,9],"rotation":{"angle":0,"axis":"y","origin":[7,-5,7]},"faces":{"north":{"uv":[7,3.5,7.5,4.25],"texture":"#1"},"east":{"uv":[4,7,4.5,7.75],"texture":"#1"},"south":{"uv":[7,4.25,7.5,5],"texture":"#1"},"west":{"uv":[4.5,7,5,7.75],"texture":"#1"},"up":{"uv":[8,7.25,7.5,6.75],"texture":"#1"},"down":{"uv":[8,7.25,7.5,7.75],"texture":"#1"}}},{"from":[6.998,-4.502,6.998],"to":[9.002,-1.998,9.002],"rotation":{"angle":0,"axis":"y","origin":[7,-5,7]},"faces":{"north":{"uv":[7,6.25,7.5,6.875],"texture":"#1"},"east":{"uv":[7,7,7.5,7.625],"texture":"#1"},"south":{"uv":[7.5,3.5,8,4.125],"texture":"#1"},"west":{"uv":[7.5,4.25,8,4.875],"texture":"#1"},"up":{"uv":[8,5.5,7.5,5],"texture":"#1"},"down":{"uv":[8,6.25,7.5,6.75],"texture":"#1"}}},{"from":[4,-8.5,8],"to":[12,-2,8],"rotation":{"angle":0,"axis":"y","origin":[7,-5,8]},"faces":{"north":{"uv":[6.5,0,8.5,1.625],"texture":"#1"},"east":{"uv":[0,0,0,1.625],"texture":"#1"},"south":{"uv":[6.5,1.75,8.5,3.375],"texture":"#1"},"west":{"uv":[0,0,0,1.625],"texture":"#1"},"up":{"uv":[2,0,0,0],"texture":"#1"},"down":{"uv":[2,0,0,0],"texture":"#1"}}},{"from":[7.00901,-5.57322,7],"to":[8.40901,-4.17322,9],"rotation":{"angle":45,"axis":"z","origin":[7.40901,-4.32322,8]},"faces":{"north":{"uv":[7.5,7.75,7.875,8.125],"texture":"#1"},"east":{"uv":[0.5,7.75,1,8.125],"texture":"#1"},"south":{"uv":[8,3.5,8.375,3.875],"texture":"#1"},"west":{"uv":[1,7.75,1.5,8.125],"texture":"#1"},"up":{"uv":[1.875,8.25,1.5,7.75],"texture":"#1"},"down":{"uv":[4.375,7.75,4,8.25],"texture":"#1"}}},{"from":[9.83744,-1.90165,7],"to":[11.23744,-0.50165,9],"rotation":{"angle":45,"axis":"z","origin":[10.23744,-4.65165,8]},"faces":{"north":{"uv":[8,4,8.375,4.375],"texture":"#1"},"east":{"uv":[4.5,7.75,5,8.125],"texture":"#1"},"south":{"uv":[8,4.5,8.375,4.875],"texture":"#1"},"west":{"uv":[5,7.75,5.5,8.125],"texture":"#1"},"up":{"uv":[8.125,6,7.75,5.5],"texture":"#1"},"down":{"uv":[7.375,7.75,7,8.25],"texture":"#1"}}},{"from":[-7,9,8],"to":[19,23,8],"rotation":{"angle":0,"axis":"y","origin":[7,0,8]},"faces":{"north":{"uv":[0,0,6.5,3.5],"texture":"#1"},"east":{"uv":[0,0,0,3.5],"texture":"#1"},"south":{"uv":[0,3.5,6.5,7],"texture":"#1"},"west":{"uv":[0,0,0,3.5],"texture":"#1"},"up":{"uv":[6.5,0,0,0],"texture":"#1"},"down":{"uv":[6.5,0,0,0],"texture":"#1"}}}],"gui_light":"front","display":{"thirdperson_righthand":{"rotation":[0,-90,0],"translation":[0,2.75,1.25]},"thirdperson_lefthand":{"rotation":[0,90,0],"translation":[0,2.75,1.25]},"firstperson_righthand":{"rotation":[-14.38,-74.03,-14.56],"translation":[-1,-1,0],"scale":[0.87,0.87,0.87]},"firstperson_lefthand":{"rotation":[137.7,84.21,-138.54],"translation":[-1,-1,0],"scale":[0.87,0.87,0.87]},"ground":{"translation":[0,8.75,0],"scale":[0.79,0.79,0.79]},"gui":{"rotation":[0,0,-45],"translation":[-0.5,-1.25,0],"scale":[0.56,0.56,0.56]},"head":{"scale":[0,0,0]},"fixed":{"translation":[0,0,-2],"scale":[0.75,0.75,0.75]}}}