{"credit":"MadewithBlockbench","texture_size":[64,64],"textures":{"2":"ec_forgenfire:forgenfire_default_weapons/black_iron_fishing_rod","particle":"ec_forgenfire:forgenfire_default_weapons/black_iron_fishing_rod"},"elements":[{"from":[7.492,-2.008,7.492],"to":[8.508,13.258,8.508],"rotation":{"angle":0,"axis":"y","origin":[7,-5,7]},"faces":{"north":{"uv":[3.5,3.5,3.75,7.375],"texture":"#2"},"east":{"uv":[3.75,3.5,4,7.375],"texture":"#2"},"south":{"uv":[4,3.5,4.25,7.375],"texture":"#2"},"west":{"uv":[4.25,3.5,4.5,7.375],"texture":"#2"},"up":{"uv":[3.5,6.75,3.25,6.5],"texture":"#2"},"down":{"uv":[5.75,6.5,5.5,6.75],"texture":"#2"}}},{"from":[7.25,10,7.25],"to":[8.75,12.25,8.75],"rotation":{"angle":0,"axis":"y","origin":[7,-5,7]},"faces":{"north":{"uv":[6,1.75,6.375,2.375],"texture":"#2"},"east":{"uv":[6,2.5,6.375,3.125],"texture":"#2"},"south":{"uv":[6,3.25,6.375,3.875],"texture":"#2"},"west":{"uv":[6,4,6.375,4.625],"texture":"#2"},"up":{"uv":[5.375,6.875,5,6.5],"texture":"#2"},"down":{"uv":[6.875,5.25,6.5,5.625],"texture":"#2"}}},{"from":[7.25,5,7.25],"to":[8.75,7.25,8.75],"rotation":{"angle":0,"axis":"y","origin":[7,-5,7]},"faces":{"north":{"uv":[6,1.75,6.375,2.375],"texture":"#2"},"east":{"uv":[6,2.5,6.375,3.125],"texture":"#2"},"south":{"uv":[6,3.25,6.375,3.875],"texture":"#2"},"west":{"uv":[6,4,6.375,4.625],"texture":"#2"},"up":{"uv":[5.375,6.875,5,6.5],"texture":"#2"},"down":{"uv":[6.875,5.25,6.5,5.625],"texture":"#2"}}},{"from":[4.6141,12.47224,7.494],"to":[5.6261,15.48424,8.506],"rotation":{"angle":22.5,"axis":"z","origin":[5.1201,20.10324,8]},"faces":{"north":{"uv":[1,6.5,1.25,7.25],"texture":"#2"},"east":{"uv":[6.5,1,6.75,1.75],"texture":"#2"},"south":{"uv":[1.25,6.5,1.5,7.25],"texture":"#2"},"west":{"uv":[1.5,6.5,1.75,7.25],"texture":"#2"},"up":{"uv":[6,6.75,5.75,6.5],"texture":"#2"},"down":{"uv":[6.75,5.75,6.5,6],"texture":"#2"}}},{"from":[4.58018,16.5783,7.496],"to":[7.58818,17.5863,8.504],"rotation":{"angle":-45,"axis":"z","origin":[5.58418,17.0823,8]},"faces":{"north":{"uv":[1.75,6.5,2.5,6.75],"texture":"#2"},"east":{"uv":[6.5,6,6.75,6.25],"texture":"#2"},"south":{"uv":[6.5,1.75,7.25,2],"texture":"#2"},"west":{"uv":[6.5,6.25,6.75,6.5],"texture":"#2"},"up":{"uv":[7.25,2.25,6.5,2],"texture":"#2"},"down":{"uv":[7.25,2.25,6.5,2.5],"texture":"#2"}}},{"from":[2.15147,17.75304,7.498],"to":[5.15547,18.75704,8.502],"rotation":{"angle":-22.5,"axis":"z","origin":[3.65347,18.25504,8]},"faces":{"north":{"uv":[2.5,6.5,3.25,6.75],"texture":"#2"},"east":{"uv":[6.5,6.5,6.75,6.75],"texture":"#2"},"south":{"uv":[6.5,2.5,7.25,2.75],"texture":"#2"},"west":{"uv":[6.75,1,7,1.25],"texture":"#2"},"up":{"uv":[7.25,3,6.5,2.75],"texture":"#2"},"down":{"uv":[7.25,3,6.5,3.25],"texture":"#2"}}},{"from":[5,3,6.75],"to":[8,6,9.25],"rotation":{"angle":45,"axis":"z","origin":[8,4,8]},"faces":{"north":{"uv":[4.5,3.5,5.25,4.25],"texture":"#2"},"east":{"uv":[4.5,5,5.125,5.75],"texture":"#2"},"south":{"uv":[4.5,4.25,5.25,5],"texture":"#2"},"west":{"uv":[5.25,3.5,5.875,4.25],"texture":"#2"},"up":{"uv":[6,4.875,5.25,4.25],"texture":"#2"},"down":{"uv":[6,5,5.25,5.625],"texture":"#2"}}},{"from":[6.998,-4.502,6.998],"to":[9.002,-1.998,9.002],"rotation":{"angle":0,"axis":"y","origin":[7,-5,7]},"faces":{"north":{"uv":[5.5,2.75,6,3.375],"texture":"#2"},"east":{"uv":[5,5.75,5.5,6.375],"texture":"#2"},"south":{"uv":[5.5,5.75,6,6.375],"texture":"#2"},"west":{"uv":[6,0,6.5,0.625],"texture":"#2"},"up":{"uv":[6.5,1.25,6,0.75],"texture":"#2"},"down":{"uv":[6.5,1.25,6,1.75],"texture":"#2"}}},{"from":[4,-8.5,8],"to":[12,-2,8],"rotation":{"angle":0,"axis":"y","origin":[7,-5,8]},"faces":{"north":{"uv":[3.5,0,5.5,1.625],"texture":"#2"},"east":{"uv":[0,0,0,1.625],"texture":"#2"},"south":{"uv":[3.5,1.75,5.5,3.375],"texture":"#2"},"west":{"uv":[0,0,0,1.625],"texture":"#2"},"up":{"uv":[2,0,0,0],"texture":"#2"},"down":{"uv":[2,0,0,0],"texture":"#2"}}},{"from":[7.00901,-5.57322,7],"to":[8.40901,-4.17322,9],"rotation":{"angle":45,"axis":"z","origin":[7.40901,-4.32322,8]},"faces":{"north":{"uv":[6.5,3.25,6.875,3.625],"texture":"#2"},"east":{"uv":[6,4.75,6.5,5.125],"texture":"#2"},"south":{"uv":[6.5,3.75,6.875,4.125],"texture":"#2"},"west":{"uv":[6,5.25,6.5,5.625],"texture":"#2"},"up":{"uv":[6.375,6.25,6,5.75],"texture":"#2"},"down":{"uv":[6.375,6.25,6,6.75],"texture":"#2"}}},{"from":[9.83744,-1.90165,7],"to":[11.23744,-0.50165,9],"rotation":{"angle":45,"axis":"z","origin":[10.23744,-4.65165,8]},"faces":{"north":{"uv":[6.5,4.25,6.875,4.625],"texture":"#2"},"east":{"uv":[0,6.5,0.5,6.875],"texture":"#2"},"south":{"uv":[6.5,4.75,6.875,5.125],"texture":"#2"},"west":{"uv":[6.5,0,7,0.375],"texture":"#2"},"up":{"uv":[0.875,7,0.5,6.5],"texture":"#2"},"down":{"uv":[6.875,0.5,6.5,1],"texture":"#2"}}},{"from":[3,8,8],"to":[17,21,8],"rotation":{"angle":0,"axis":"y","origin":[7,0,6]},"faces":{"north":{"uv":[0,0,3.5,3.25],"texture":"#2"},"east":{"uv":[0,0,0,3.25],"texture":"#2"},"south":{"uv":[0,3.25,3.5,6.5],"texture":"#2"},"west":{"uv":[0,0,0,3.25],"texture":"#2"},"up":{"uv":[3.5,0,0,0],"texture":"#2"},"down":{"uv":[3.5,0,0,0],"texture":"#2"}}},{"from":[2.575,8,7.95],"to":[2.675,19,8.05],"rotation":{"angle":0,"axis":"y","origin":[7,0,6]},"faces":{"north":{"uv":[5.5,0,5.625,2.75],"texture":"#2"},"east":{"uv":[5.75,0,5.875,2.75],"texture":"#2"},"south":{"uv":[4.5,5.75,4.625,8.5],"texture":"#2"},"west":{"uv":[4.75,5.75,4.875,8.5],"texture":"#2"},"up":{"uv":[2.875,6.875,2.75,6.75],"texture":"#2"},"down":{"uv":[3.125,6.75,3,6.875],"texture":"#2"}}},{"from":[2.075,6.95,7.45],"to":[3.175,8.05,8.55],"rotation":{"angle":-45,"axis":"z","origin":[2.625,7.5,8]},"faces":{"north":{"uv":[6.75,1.25,7,1.5],"texture":"#2"},"east":{"uv":[6.75,1.5,7,1.75],"texture":"#2"},"south":{"uv":[1.75,6.75,2,7],"texture":"#2"},"west":{"uv":[2,6.75,2.25,7],"texture":"#2"},"up":{"uv":[2.5,7,2.25,6.75],"texture":"#2"},"down":{"uv":[2.75,6.75,2.5,7],"texture":"#2"}}}],"gui_light":"front","display":{"thirdperson_righthand":{"rotation":[0,-90,0],"translation":[0,5.5,1.5]},"thirdperson_lefthand":{"rotation":[0,90,0],"translation":[0,5.5,1.5]},"firstperson_righthand":{"rotation":[0,-80,0],"translation":[-0.5,5.5,3]},"firstperson_lefthand":{"rotation":[-180,80,180],"translation":[-0.5,5.5,3]},"ground":{"translation":[0,8.75,0],"scale":[0.79,0.79,0.79]},"gui":{"rotation":[-180,0,-144.25],"translation":[0,2,0],"scale":[0.65,0.65,0.65]},"head":{"scale":[0,0,0]},"fixed":{"translation":[0,0,-2],"scale":[0.75,0.75,0.75]}}}