{"credit":"MadewithBlockbench","texture_size":[64,64],"textures":{"2":"ec_forgenfire:forgenfire_default_weapons/black_iron_shovel","particle":"ec_forgenfire:forgenfire_default_weapons/black_iron_shovel"},"elements":[{"from":[7.5,-2,7.5],"to":[8.5,20.25,8.5],"rotation":{"angle":0,"axis":"y","origin":[7,-5,7]},"faces":{"north":{"uv":[4,5.75,4.25,11.375],"texture":"#2"},"east":{"uv":[4.25,5.75,4.5,11.375],"texture":"#2"},"south":{"uv":[4.5,5.75,4.75,11.375],"texture":"#2"},"west":{"uv":[4.75,5.75,5,11.375],"texture":"#2"},"up":{"uv":[7.75,4.5,7.5,4.25],"texture":"#2"},"down":{"uv":[8,1,7.75,1.25],"texture":"#2"}}},{"from":[6.496,15.996,6.996],"to":[9.254,18.754,9.004],"rotation":{"angle":-45,"axis":"z","origin":[8,17.25,8]},"faces":{"north":{"uv":[5,5.75,5.75,6.5],"texture":"#2"},"east":{"uv":[7,3,7.5,3.75],"texture":"#2"},"south":{"uv":[5.75,5.75,6.5,6.5],"texture":"#2"},"west":{"uv":[7,3.75,7.5,4.5],"texture":"#2"},"up":{"uv":[7.75,5,7,4.5],"texture":"#2"},"down":{"uv":[7.75,5,7,5.5],"texture":"#2"}}},{"from":[6.43866,16.85327,7],"to":[7.28866,21.10327,9],"rotation":{"angle":-22.5,"axis":"z","origin":[7.68866,18.10327,8]},"faces":{"north":{"uv":[0,7.5,0.25,8.625],"texture":"#2"},"east":{"uv":[5,6.5,5.5,7.625],"texture":"#2"},"south":{"uv":[7.5,0,7.75,1.125],"texture":"#2"},"west":{"uv":[5.5,6.5,6,7.625],"texture":"#2"},"up":{"uv":[4,8,3.75,7.5],"texture":"#2"},"down":{"uv":[7.75,7.5,7.5,8],"texture":"#2"}}},{"from":[8.70934,16.85127,6.998],"to":[9.56334,21.10527,9.002],"rotation":{"angle":22.5,"axis":"z","origin":[8.31134,18.10327,8]},"faces":{"north":{"uv":[0.25,7.5,0.5,8.625],"texture":"#2"},"east":{"uv":[6.5,5.75,7,6.875],"texture":"#2"},"south":{"uv":[0.5,7.5,0.75,8.625],"texture":"#2"},"west":{"uv":[6,6.5,6.5,7.625],"texture":"#2"},"up":{"uv":[8,0.5,7.75,0],"texture":"#2"},"down":{"uv":[8,0.5,7.75,1],"texture":"#2"}}},{"from":[7,10,7],"to":[9,13,9],"rotation":{"angle":0,"axis":"y","origin":[7,-5,7]},"faces":{"north":{"uv":[7,0,7.5,0.75],"texture":"#2"},"east":{"uv":[7,0.75,7.5,1.5],"texture":"#2"},"south":{"uv":[7,1.5,7.5,2.25],"texture":"#2"},"west":{"uv":[7,2.25,7.5,3],"texture":"#2"},"up":{"uv":[8,1.75,7.5,1.25],"texture":"#2"},"down":{"uv":[2.25,7.5,1.75,8],"texture":"#2"}}},{"from":[6.998,-4.502,6.998],"to":[9.002,-1.998,9.002],"rotation":{"angle":0,"axis":"y","origin":[7,-5,7]},"faces":{"north":{"uv":[7,5.5,7.5,6.125],"texture":"#2"},"east":{"uv":[7,6.25,7.5,6.875],"texture":"#2"},"south":{"uv":[6.5,7,7,7.625],"texture":"#2"},"west":{"uv":[7,7,7.5,7.625],"texture":"#2"},"up":{"uv":[1.25,8,0.75,7.5],"texture":"#2"},"down":{"uv":[1.75,7.5,1.25,8],"texture":"#2"}}},{"from":[4,-8.5,8],"to":[12,-2,8],"rotation":{"angle":0,"axis":"y","origin":[7,-5,8]},"faces":{"north":{"uv":[0,5.75,2,7.375],"texture":"#2"},"east":{"uv":[0,0,0,1.625],"texture":"#2"},"south":{"uv":[2,5.75,4,7.375],"texture":"#2"},"west":{"uv":[0,0,0,1.625],"texture":"#2"},"up":{"uv":[2,0,0,0],"texture":"#2"},"down":{"uv":[2,0,0,0],"texture":"#2"}}},{"from":[7.00901,-5.57322,7],"to":[8.40901,-4.17322,9],"rotation":{"angle":45,"axis":"z","origin":[7.40901,-4.32322,8]},"faces":{"north":{"uv":[7.5,5.5,7.875,5.875],"texture":"#2"},"east":{"uv":[7.5,1.75,8,2.125],"texture":"#2"},"south":{"uv":[7.5,6,7.875,6.375],"texture":"#2"},"west":{"uv":[2.25,7.5,2.75,7.875],"texture":"#2"},"up":{"uv":[7.875,2.75,7.5,2.25],"texture":"#2"},"down":{"uv":[3.125,7.5,2.75,8],"texture":"#2"}}},{"from":[9.83744,-1.90165,7],"to":[11.23744,-0.50165,9],"rotation":{"angle":45,"axis":"z","origin":[10.23744,-4.65165,8]},"faces":{"north":{"uv":[7.5,6.5,7.875,6.875],"texture":"#2"},"east":{"uv":[7.5,2.75,8,3.125],"texture":"#2"},"south":{"uv":[7.5,7,7.875,7.375],"texture":"#2"},"west":{"uv":[3.25,7.5,3.75,7.875],"texture":"#2"},"up":{"uv":[7.875,3.75,7.5,3.25],"texture":"#2"},"down":{"uv":[7.875,3.75,7.5,4.25],"texture":"#2"}}},{"from":[1,9,8],"to":[15,32,8],"rotation":{"angle":0,"axis":"y","origin":[7,0,8]},"faces":{"north":{"uv":[0,0,3.5,5.75],"texture":"#2"},"east":{"uv":[0,0,0,5.75],"texture":"#2"},"south":{"uv":[3.5,0,7,5.75],"texture":"#2"},"west":{"uv":[0,0,0,5.75],"texture":"#2"},"up":{"uv":[3.5,0,0,0],"texture":"#2"},"down":{"uv":[3.5,0,0,0],"texture":"#2"}}}],"gui_light":"front","display":{"thirdperson_righthand":{"rotation":[0,-90,0],"translation":[0,2.5,1]},"thirdperson_lefthand":{"rotation":[0,-90,0],"translation":[0,2.5,1]},"firstperson_righthand":{"rotation":[-14.38,-74.03,-14.56],"translation":[-1,-1,0],"scale":[0.87,0.87,0.87]},"firstperson_lefthand":{"rotation":[-14.38,-74.03,-14.56],"translation":[-1,-1,0],"scale":[0.87,0.87,0.87]},"ground":{"translation":[0,8.75,0],"scale":[0.79,0.79,0.79]},"gui":{"rotation":[0,0,-45],"translation":[-0.75,-1,0],"scale":[0.56,0.56,0.56]},"head":{"scale":[0,0,0]},"fixed":{"translation":[0,0,-2],"scale":[0.75,0.75,0.75]}}}