{"credit":"MadewithBlockbench","texture_size":[64,64],"textures":{"0":"ec_forgenfire:forgenfire_default_weapons/black_iron_axe","particle":"ec_forgenfire:forgenfire_default_weapons/black_iron_axe"},"elements":[{"from":[7.5,-2,7.5],"to":[8.5,24.25,8.5],"rotation":{"angle":0,"axis":"y","origin":[7,-5,7]},"faces":{"north":{"uv":[4,5.5,4.25,12.125],"texture":"#0"},"east":{"uv":[4.25,5.5,4.5,12.125],"texture":"#0"},"south":{"uv":[4.5,5.5,4.75,12.125],"texture":"#0"},"west":{"uv":[4.75,5.5,5,12.125],"texture":"#0"},"up":{"uv":[7,7.75,6.75,7.5],"texture":"#0"},"down":{"uv":[8,6.5,7.75,6.75],"texture":"#0"}}},{"from":[6.496,19.996,6.996],"to":[9.254,22.754,9.004],"rotation":{"angle":-45,"axis":"z","origin":[8,21.25,8]},"faces":{"north":{"uv":[5,5.5,5.75,6.25],"texture":"#0"},"east":{"uv":[0,7.25,0.5,8],"texture":"#0"},"south":{"uv":[5.75,5.5,6.5,6.25],"texture":"#0"},"west":{"uv":[0.5,7.25,1,8],"texture":"#0"},"up":{"uv":[1.75,7.75,1,7.25],"texture":"#0"},"down":{"uv":[2.5,7.25,1.75,7.75],"texture":"#0"}}},{"from":[6.43866,20.85327,7],"to":[7.28866,25.10327,9],"rotation":{"angle":-22.5,"axis":"z","origin":[7.68866,22.10327,8]},"faces":{"north":{"uv":[5.5,7.5,5.75,8.625],"texture":"#0"},"east":{"uv":[5,6.25,5.5,7.375],"texture":"#0"},"south":{"uv":[7.5,5.5,7.75,6.625],"texture":"#0"},"west":{"uv":[5.5,6.25,6,7.375],"texture":"#0"},"up":{"uv":[6.5,8.5,6.25,8],"texture":"#0"},"down":{"uv":[6.75,8,6.5,8.5],"texture":"#0"}}},{"from":[8.70934,20.85127,6.998],"to":[9.56334,25.10527,9.002],"rotation":{"angle":22.5,"axis":"z","origin":[8.31134,22.10327,8]},"faces":{"north":{"uv":[5.75,7.5,6,8.625],"texture":"#0"},"east":{"uv":[6,6.25,6.5,7.375],"texture":"#0"},"south":{"uv":[6,7.5,6.25,8.625],"texture":"#0"},"west":{"uv":[6.5,5.5,7,6.625],"texture":"#0"},"up":{"uv":[8.25,7,8,6.5],"texture":"#0"},"down":{"uv":[8.25,7,8,7.5],"texture":"#0"}}},{"from":[7,12,7],"to":[9,15,9],"rotation":{"angle":0,"axis":"y","origin":[7,-5,7]},"faces":{"north":{"uv":[6.5,6.75,7,7.5],"texture":"#0"},"east":{"uv":[7,5.5,7.5,6.25],"texture":"#0"},"south":{"uv":[7,6.25,7.5,7],"texture":"#0"},"west":{"uv":[7,7,7.5,7.75],"texture":"#0"},"up":{"uv":[8,7.75,7.5,7.25],"texture":"#0"},"down":{"uv":[1.5,7.75,1,8.25],"texture":"#0"}}},{"from":[-2.25,8,8],"to":[18.25,30,8],"rotation":{"angle":0,"axis":"y","origin":[7,-5,8]},"faces":{"north":{"uv":[0,0,5.125,5.5],"texture":"#0"},"east":{"uv":[0,0,0,5.5],"texture":"#0"},"south":{"uv":[5.25,0,10.375,5.5],"texture":"#0"},"west":{"uv":[0,0,0,5.5],"texture":"#0"},"up":{"uv":[5.125,0,0,0],"texture":"#0"},"down":{"uv":[5.125,0,0,0],"texture":"#0"}}},{"from":[6.998,-4.502,6.998],"to":[9.002,-1.998,9.002],"rotation":{"angle":0,"axis":"y","origin":[7,-5,7]},"faces":{"north":{"uv":[2.5,7.25,3,7.875],"texture":"#0"},"east":{"uv":[3,7.25,3.5,7.875],"texture":"#0"},"south":{"uv":[3.5,7.25,4,7.875],"texture":"#0"},"west":{"uv":[5,7.5,5.5,8.125],"texture":"#0"},"up":{"uv":[6.75,8,6.25,7.5],"texture":"#0"},"down":{"uv":[8,6.75,7.5,7.25],"texture":"#0"}}},{"from":[4,-8.5,8],"to":[12,-2,8],"rotation":{"angle":0,"axis":"y","origin":[7,-5,8]},"faces":{"north":{"uv":[0,5.5,2,7.125],"texture":"#0"},"east":{"uv":[0,0,0,1.625],"texture":"#0"},"south":{"uv":[2,5.5,4,7.125],"texture":"#0"},"west":{"uv":[0,0,0,1.625],"texture":"#0"},"up":{"uv":[2,0,0,0],"texture":"#0"},"down":{"uv":[2,0,0,0],"texture":"#0"}}},{"from":[7.00901,-5.57322,7],"to":[8.40901,-4.17322,9],"rotation":{"angle":45,"axis":"z","origin":[7.40901,-4.32322,8]},"faces":{"north":{"uv":[0.5,8,0.875,8.375],"texture":"#0"},"east":{"uv":[1.5,7.75,2,8.125],"texture":"#0"},"south":{"uv":[2.5,8,2.875,8.375],"texture":"#0"},"west":{"uv":[2,7.75,2.5,8.125],"texture":"#0"},"up":{"uv":[8.125,6,7.75,5.5],"texture":"#0"},"down":{"uv":[8.125,6,7.75,6.5],"texture":"#0"}}},{"from":[9.83744,-1.90165,7],"to":[11.23744,-0.50165,9],"rotation":{"angle":45,"axis":"z","origin":[10.23744,-4.65165,8]},"faces":{"north":{"uv":[3,8,3.375,8.375],"texture":"#0"},"east":{"uv":[6.75,7.75,7.25,8.125],"texture":"#0"},"south":{"uv":[3.5,8,3.875,8.375],"texture":"#0"},"west":{"uv":[7.25,7.75,7.75,8.125],"texture":"#0"},"up":{"uv":[8.125,8.25,7.75,7.75],"texture":"#0"},"down":{"uv":[0.375,8,0,8.5],"texture":"#0"}}}],"gui_light":"front","display":{"thirdperson_righthand":{"rotation":[0,-90,0],"translation":[0,2.75,1]},"thirdperson_lefthand":{"rotation":[0,-90,0],"translation":[0,2.75,1]},"firstperson_righthand":{"rotation":[-29.33,-81.97,-29.83],"translation":[0,-1,0]},"firstperson_lefthand":{"rotation":[-29.33,-81.97,-29.83],"translation":[0,-1,0]},"ground":{"translation":[0,8.75,0],"scale":[0.79,0.79,0.79]},"gui":{"rotation":[0,0,-45],"translation":[-2,-2,0],"scale":[0.51,0.51,0.51]},"head":{"scale":[0,0,0]},"fixed":{"translation":[0,0,-2]}}}