{"samus.flame_warrior.aa_blades_spin":{"category":"master","sounds":["flame_warrior:samus/flame_warrior/aa_blades_spin"]},"samus.flame_warrior.aa_cut":{"category":"master","sounds":["flame_warrior:samus/flame_warrior/aa_cut"]},"samus.flame_warrior.aa_dash":{"category":"master","sounds":["flame_warrior:samus/flame_warrior/aa_dash"]},"samus.flame_warrior.aa_pierce":{"category":"master","sounds":["flame_warrior:samus/flame_warrior/aa_pierce"]},"samus.flame_warrior.aa_slash":{"category":"master","sounds":["flame_warrior:samus/flame_warrior/aa_slash"]},"samus.flame_warrior.aa_spin":{"category":"master","sounds":["flame_warrior:samus/flame_warrior/aa_spin"]},"mcmodels.4100d69693ffbf35fcb82e8607716d81":{"category":"master","sounds":[]}}