{"parent":"minecraft:item/generated","textures":{"layer0":"minecraft:item/brick"},"overrides":[{"predicate":{"custom_model_data":2520},"model":"mount_2:rpg_mount_2_model/icon_capybara"},{"predicate":{"custom_model_data":2521},"model":"mount_2:rpg_mount_2_model/icon_horse_glacial"},{"predicate":{"custom_model_data":2522},"model":"mount_2:rpg_mount_2_model/icon_horse_magma"},{"predicate":{"custom_model_data":2523},"model":"mount_2:rpg_mount_2_model/icon_horse_pegasus"},{"predicate":{"custom_model_data":2524},"model":"mount_2:rpg_mount_2_model/icon_horse_spartan"},{"predicate":{"custom_model_data":2525},"model":"mount_2:rpg_mount_2_model/icon_horse_unicorn"},{"predicate":{"custom_model_data":2526},"model":"mount_2:rpg_mount_2_model/icon_kitsune_demonic"},{"predicate":{"custom_model_data":2527},"model":"mount_2:rpg_mount_2_model/icon_kitsune_inferno"},{"predicate":{"custom_model_data":2528},"model":"mount_2:rpg_mount_2_model/icon_kitsune_normal"},{"predicate":{"custom_model_data":2529},"model":"mount_2:rpg_mount_2_model/icon_phantom_ender"},{"predicate":{"custom_model_data":2530},"model":"mount_2:rpg_mount_2_model/icon_phantom_ghost"},{"predicate":{"custom_model_data":2531},"model":"mount_2:rpg_mount_2_model/icon_phoenix_darkflame"},{"predicate":{"custom_model_data":2532},"model":"mount_2:rpg_mount_2_model/icon_phoenix_flame"},{"predicate":{"custom_model_data":2533},"model":"mount_2:rpg_mount_2_model/icon_phoenix_light"},{"predicate":{"custom_model_data":2534},"model":"mount_2:rpg_mount_2_model/icon_phoenix_thunder"},{"predicate":{"custom_model_data":2535},"model":"mount_3:rpg_mount_3_model/icon_basilisk_obsidian"},{"predicate":{"custom_model_data":2536},"model":"mount_3:rpg_mount_3_model/icon_basilisk_snowstorm"},{"predicate":{"custom_model_data":2537},"model":"mount_3:rpg_mount_3_model/icon_basilisk_wild"},{"predicate":{"custom_model_data":2538},"model":"mount_3:rpg_mount_3_model/icon_hippogryph_common"},{"predicate":{"custom_model_data":2539},"model":"mount_3:rpg_mount_3_model/icon_hippogryph_crystal"},{"predicate":{"custom_model_data":2540},"model":"mount_3:rpg_mount_3_model/icon_hippogryph_fallen"},{"predicate":{"custom_model_data":2541},"model":"mount_3:rpg_mount_3_model/icon_hippogryph_royal"},{"predicate":{"custom_model_data":2542},"model":"mount_3:rpg_mount_3_model/icon_raptor_nightmare"},{"predicate":{"custom_model_data":2543},"model":"mount_3:rpg_mount_3_model/icon_raptor_red"},{"predicate":{"custom_model_data":2544},"model":"mount_3:rpg_mount_3_model/icon_raptor_undead"},{"predicate":{"custom_model_data":2545},"model":"mount_3:rpg_mount_3_model/icon_sky_serpent_jade"},{"predicate":{"custom_model_data":2546},"model":"mount_3:rpg_mount_3_model/icon_sky_serpent_magma"},{"predicate":{"custom_model_data":2547},"model":"mount_3:rpg_mount_3_model/icon_sky_serpent_solar"},{"predicate":{"custom_model_data":2548},"model":"mount_3:rpg_mount_3_model/icon_sky_serpent_spectral"},{"predicate":{"custom_model_data":2549},"model":"mount_3:rpg_mount_3_model/icon_stag_demonic"},{"predicate":{"custom_model_data":2550},"model":"mount_3:rpg_mount_3_model/icon_stag_heavenly"},{"predicate":{"custom_model_data":2551},"model":"mount_3:rpg_mount_3_model/icon_stag_rune"},{"predicate":{"custom_model_data":2552},"model":"mount_3:rpg_mount_3_model/icon_stag_void"},{"predicate":{"custom_model_data":2553},"model":"mount_4:rpg_mount_4_model/icon_frog_green"},{"predicate":{"custom_model_data":2554},"model":"mount_4:rpg_mount_4_model/icon_frog_permafrost"},{"predicate":{"custom_model_data":2555},"model":"mount_4:rpg_mount_4_model/icon_frog_royal"},{"predicate":{"custom_model_data":2556},"model":"mount_4:rpg_mount_4_model/icon_golem_arcane"},{"predicate":{"custom_model_data":2557},"model":"mount_4:rpg_mount_4_model/icon_golem_corrupted"},{"predicate":{"custom_model_data":2558},"model":"mount_4:rpg_mount_4_model/icon_golem_magma"},{"predicate":{"custom_model_data":2559},"model":"mount_4:rpg_mount_4_model/icon_golem_royal"},{"predicate":{"custom_model_data":2560},"model":"mount_4:rpg_mount_4_model/icon_tusker_demonic"},{"predicate":{"custom_model_data":2561},"model":"mount_4:rpg_mount_4_model/icon_tusker_dreamlight"},{"predicate":{"custom_model_data":2562},"model":"mount_4:rpg_mount_4_model/icon_tusker_forest"},{"predicate":{"custom_model_data":2563},"model":"mount_4:rpg_mount_4_model/icon_wolfhawk_dire"},{"predicate":{"custom_model_data":2564},"model":"mount_4:rpg_mount_4_model/icon_wolfhawk_fallen"},{"predicate":{"custom_model_data":2565},"model":"mount_4:rpg_mount_4_model/icon_wolfhawk_fullmoon"},{"predicate":{"custom_model_data":2566},"model":"mount_4:rpg_mount_4_model/icon_wolfhawk_stormcloud"},{"predicate":{"custom_model_data":2567},"model":"mount_4:rpg_mount_4_model/icon_wyvern_ender"},{"predicate":{"custom_model_data":2568},"model":"mount_4:rpg_mount_4_model/icon_wyvern_green"},{"predicate":{"custom_model_data":2569},"model":"mount_4:rpg_mount_4_model/icon_wyvern_inferno"},{"predicate":{"custom_model_data":2570},"model":"mount_4:rpg_mount_4_model/icon_wyvern_undead"},{"predicate":{"custom_model_data":3531},"model":"pet_6:rpg_pet_2_model/icon_assassin"},{"predicate":{"custom_model_data":3532},"model":"pet_6:rpg_pet_2_model/icon_dark_knight"},{"predicate":{"custom_model_data":3533},"model":"pet_6:rpg_pet_2_model/icon_dragon_warrior"},{"predicate":{"custom_model_data":3538},"model":"pet_6:rpg_pet_2_model/icon_martial_artist"},{"predicate":{"custom_model_data":3540},"model":"pet_6:rpg_pet_2_model/icon_ninja_samurai"},{"predicate":{"custom_model_data":3541},"model":"pet_6:rpg_pet_2_model/icon_paladin"},{"predicate":{"custom_model_data":3543},"model":"pet_6:rpg_pet_2_model/icon_reaper"},{"predicate":{"custom_model_data":3547},"model":"pet_6:rpg_pet_2_model/icon_warrior"},{"predicate":{"custom_model_data":3548},"model":"item/brick"}]}