{"parent":"minecraft:item/generated","textures":{"layer0":"minecraft:item/coal"},"overrides":[{"predicate":{"custom_model_data":2266},"model":"awakened_assassin:awakened_assassin_model/icon_crimson_arc"},{"predicate":{"custom_model_data":2267},"model":"awakened_assassin:awakened_assassin_model/icon_deadly_calm"},{"predicate":{"custom_model_data":2268},"model":"awakened_assassin:awakened_assassin_model/icon_death_bloom"},{"predicate":{"custom_model_data":2269},"model":"awakened_assassin:awakened_assassin_model/icon_last_dance"},{"predicate":{"custom_model_data":2270},"model":"awakened_assassin:awakened_assassin_model/icon_lethal_combo"},{"predicate":{"custom_model_data":2271},"model":"awakened_assassin:awakened_assassin_model/icon_ravaging_dash"},{"predicate":{"custom_model_data":2272},"model":"awakened_assassin:awakened_assassin_model/icon_shadowquake"},{"predicate":{"custom_model_data":2273},"model":"water_samurai:water_samurai_model/icon_constant_flux"},{"predicate":{"custom_model_data":2274},"model":"water_samurai:water_samurai_model/icon_flowing_dance"},{"predicate":{"custom_model_data":2275},"model":"water_samurai:water_samurai_model/icon_splashing_water_flow"},{"predicate":{"custom_model_data":2276},"model":"water_samurai:water_samurai_model/icon_striking_tide"},{"predicate":{"custom_model_data":2277},"model":"water_samurai:water_samurai_model/icon_water_surface_slash"},{"predicate":{"custom_model_data":2278},"model":"water_samurai:water_samurai_model/icon_water_wheel"},{"predicate":{"custom_model_data":2279},"model":"water_samurai:water_samurai_model/icon_whirlpool"},{"predicate":{"custom_model_data":2280},"model":"thunder_ronin:thunder_ronin_model/icon_crackling_skyfall"},{"predicate":{"custom_model_data":2281},"model":"thunder_ronin:thunder_ronin_model/icon_flaming_thunder_god"},{"predicate":{"custom_model_data":2282},"model":"thunder_ronin:thunder_ronin_model/icon_flashstorm_reversal"},{"predicate":{"custom_model_data":2283},"model":"thunder_ronin:thunder_ronin_model/icon_lightning_reflex"},{"predicate":{"custom_model_data":2284},"model":"thunder_ronin:thunder_ronin_model/icon_thunder_slash"},{"predicate":{"custom_model_data":2285},"model":"thunder_ronin:thunder_ronin_model/icon_thunderclap_and_flash"},{"predicate":{"custom_model_data":2286},"model":"thunder_ronin:thunder_ronin_model/icon_thunderous_barrage"},{"predicate":{"custom_model_data":2287},"model":"awakened_warrior:awakened_warrior_model/icon_berserkers_leap"},{"predicate":{"custom_model_data":2288},"model":"awakened_warrior:awakened_warrior_model/icon_bloodbound_barrier"},{"predicate":{"custom_model_data":2289},"model":"awakened_warrior:awakened_warrior_model/icon_brutal_combo"},{"predicate":{"custom_model_data":2290},"model":"awakened_warrior:awakened_warrior_model/icon_bulwark_instinct"},{"predicate":{"custom_model_data":2291},"model":"awakened_warrior:awakened_warrior_model/icon_relentless_whirlwind"},{"predicate":{"custom_model_data":2292},"model":"awakened_warrior:awakened_warrior_model/icon_strike_of_fury"},{"predicate":{"custom_model_data":2293},"model":"awakened_warrior:awakened_warrior_model/icon_vicious_strike"},{"predicate":{"custom_model_data":2301},"model":"flame_warrior:flame_warrior_model/icon_blazing_slash"},{"predicate":{"custom_model_data":2302},"model":"flame_warrior:flame_warrior_model/icon_blazing_spirit"},{"predicate":{"custom_model_data":2303},"model":"flame_warrior:flame_warrior_model/icon_blazing_universe"},{"predicate":{"custom_model_data":2304},"model":"flame_warrior:flame_warrior_model/icon_blooming_flame_undulation"},{"predicate":{"custom_model_data":2305},"model":"flame_warrior:flame_warrior_model/icon_flame_tiger"},{"predicate":{"custom_model_data":2306},"model":"flame_warrior:flame_warrior_model/icon_rising_scorching_sun"},{"predicate":{"custom_model_data":2307},"model":"flame_warrior:flame_warrior_model/icon_unknowing_fire"},{"predicate":{"custom_model_data":5575},"model":"pet_6:rpg_pet_2_model/fx_impact_red_1"},{"predicate":{"custom_model_data":5576},"model":"pet_6:rpg_pet_2_model/fx_impact_red_2"},{"predicate":{"custom_model_data":5577},"model":"pet_6:rpg_pet_2_model/fx_impact_red_3"},{"predicate":{"custom_model_data":5578},"model":"pet_6:rpg_pet_2_model/fx_impact_red_4"},{"predicate":{"custom_model_data":5579},"model":"pet_6:rpg_pet_2_model/fx_impact_red_5"},{"predicate":{"custom_model_data":5580},"model":"pet_6:rpg_pet_2_model/fx_impact_yellow_1"},{"predicate":{"custom_model_data":5581},"model":"pet_6:rpg_pet_2_model/fx_impact_yellow_2"},{"predicate":{"custom_model_data":5582},"model":"pet_6:rpg_pet_2_model/fx_impact_yellow_3"},{"predicate":{"custom_model_data":5583},"model":"pet_6:rpg_pet_2_model/fx_impact_yellow_4"},{"predicate":{"custom_model_data":5584},"model":"pet_6:rpg_pet_2_model/fx_impact_yellow_5"},{"predicate":{"custom_model_data":5585},"model":"pet_6:rpg_pet_2_model/fx_slash_black_1"},{"predicate":{"custom_model_data":5586},"model":"pet_6:rpg_pet_2_model/fx_slash_black_2"},{"predicate":{"custom_model_data":5587},"model":"pet_6:rpg_pet_2_model/fx_slash_black_3"},{"predicate":{"custom_model_data":5588},"model":"pet_6:rpg_pet_2_model/fx_slash_black_4"},{"predicate":{"custom_model_data":5589},"model":"pet_6:rpg_pet_2_model/fx_slash_black_5"},{"predicate":{"custom_model_data":5590},"model":"pet_6:rpg_pet_2_model/fx_slash_black_6"},{"predicate":{"custom_model_data":5591},"model":"pet_6:rpg_pet_2_model/fx_slash_purple_1"},{"predicate":{"custom_model_data":5592},"model":"pet_6:rpg_pet_2_model/fx_slash_purple_2"},{"predicate":{"custom_model_data":5593},"model":"pet_6:rpg_pet_2_model/fx_slash_purple_3"},{"predicate":{"custom_model_data":5594},"model":"pet_6:rpg_pet_2_model/fx_slash_purple_4"},{"predicate":{"custom_model_data":5595},"model":"pet_6:rpg_pet_2_model/fx_slash_purple_5"},{"predicate":{"custom_model_data":5596},"model":"pet_6:rpg_pet_2_model/fx_slash_purple_6"},{"predicate":{"custom_model_data":5597},"model":"pet_6:rpg_pet_2_model/fx_slash_red_1"},{"predicate":{"custom_model_data":5598},"model":"pet_6:rpg_pet_2_model/fx_slash_red_2"},{"predicate":{"custom_model_data":5599},"model":"pet_6:rpg_pet_2_model/fx_slash_red_3"},{"predicate":{"custom_model_data":5600},"model":"pet_6:rpg_pet_2_model/fx_slash_red_4"},{"predicate":{"custom_model_data":5601},"model":"pet_6:rpg_pet_2_model/fx_slash_red_5"},{"predicate":{"custom_model_data":5602},"model":"pet_6:rpg_pet_2_model/fx_slash_red_6"},{"predicate":{"custom_model_data":10000},"model":"dominicitem:dominicitem_models/fragmen1"},{"predicate":{"custom_model_data":10001},"model":"dominicitem:dominicitem_models/fragmen2"},{"predicate":{"custom_model_data":10002},"model":"dominicitem:dominicitem_models/fragmen3"},{"predicate":{"custom_model_data":10003},"model":"dominicitem:dominicitem_models/fragmen4"},{"predicate":{"custom_model_data":10004},"model":"dominicitem:dominicitem_models/fireruby1"},{"predicate":{"custom_model_data":10005},"model":"item/coal"}]}