{"parent":"item/generated","textures":{"layer0":"item/crossbow_standby"},"display":{"thirdperson_righthand":{"rotation":[-90,0,-60],"translation":[2,0.1,-3],"scale":[0.9,0.9,0.9]},"thirdperson_lefthand":{"rotation":[-90,0,30],"translation":[2,0.1,-3],"scale":[0.9,0.9,0.9]},"firstperson_righthand":{"rotation":[-90,0,-55],"translation":[1.13,3.2,1.13],"scale":[0.68,0.68,0.68]},"firstperson_lefthand":{"rotation":[-90,0,35],"translation":[1.13,3.2,1.13],"scale":[0.68,0.68,0.68]}},"overrides":[{"predicate":{"pulling":1},"model":"item/crossbow_pulling_0"},{"predicate":{"pulling":1,"pull":0.58},"model":"item/crossbow_pulling_1"},{"predicate":{"pulling":1,"pull":1.0},"model":"item/crossbow_pulling_2"},{"predicate":{"charged":1},"model":"item/crossbow_arrow"},{"predicate":{"charged":1,"firework":1},"model":"item/crossbow_firework"},{"predicate":{"custom_model_data":5039501},"model":"ec_forgenfire:forgenfire_weapons/amethyst/amethyst_crossbow"},{"predicate":{"pulling":1,"custom_model_data":5039501},"model":"ec_forgenfire:forgenfire_weapons/amethyst/amethyst_crossbow_0"},{"predicate":{"pulling":1,"pull":0.58,"custom_model_data":5039501},"model":"ec_forgenfire:forgenfire_weapons/amethyst/amethyst_crossbow_1"},{"predicate":{"pulling":1,"pull":1.0,"custom_model_data":5039501},"model":"ec_forgenfire:forgenfire_weapons/amethyst/amethyst_crossbow_2"},{"predicate":{"charged":1,"custom_model_data":5039501},"model":"ec_forgenfire:forgenfire_weapons/amethyst/amethyst_crossbow_charged"},{"predicate":{"charged":1,"firework":1,"custom_model_data":5039501},"model":"ec_forgenfire:forgenfire_weapons/amethyst/amethyst_crossbow_firework"},{"predicate":{"custom_model_data":5039900},"model":"ec_forgenfire:forgenfire_weapons/steel/steel_crossbow"},{"predicate":{"pulling":1,"custom_model_data":5039900},"model":"ec_forgenfire:forgenfire_weapons/steel/steel_crossbow_0"},{"predicate":{"pulling":1,"pull":0.58,"custom_model_data":5039900},"model":"ec_forgenfire:forgenfire_weapons/steel/steel_crossbow_1"},{"predicate":{"pulling":1,"pull":1.0,"custom_model_data":5039900},"model":"ec_forgenfire:forgenfire_weapons/steel/steel_crossbow_2"},{"predicate":{"charged":1,"custom_model_data":5039900},"model":"ec_forgenfire:forgenfire_weapons/steel/steel_crossbow_charged"},{"predicate":{"charged":1,"firework":1,"custom_model_data":5039900},"model":"ec_forgenfire:forgenfire_weapons/steel/steel_crossbow_firework"},{"predicate":{"custom_model_data":5039901},"model":"item/crossbow"}]}