{"parent":"item/handheld_rod","textures":{"layer0":"item/fishing_rod"},"overrides":[{"predicate":{"cast":1},"model":"item/fishing_rod_cast"},{"predicate":{"custom_model_data":5039602},"model":"ec_forgenfire:forgenfire_weapons/black_iron/black_iron_fishing_rod"},{"predicate":{"cast":1,"custom_model_data":5039602},"model":"ec_forgenfire:forgenfire_weapons/black_iron/black_iron_fishing_rod_cast"},{"predicate":{"custom_model_data":5039702},"model":"ec_forgenfire:forgenfire_weapons/jade/jade_fishing_rod"},{"predicate":{"cast":1,"custom_model_data":5039702},"model":"ec_forgenfire:forgenfire_weapons/jade/jade_fishing_rod_cast"},{"predicate":{"custom_model_data":5039703},"model":"item/fishing_rod"}]}