{"parent":"minecraft:item/handheld","textures":{"layer0":"minecraft:item/iron_sword"},"overrides":[{"predicate":{"custom_model_data":5039804},"model":"ec_forgenfire:forgenfire_weapons/knight/knight_trident"},{"predicate":{"custom_model_data":5039805},"model":"ec_forgenfire:forgenfire_weapons/knight/knight_spear"},{"predicate":{"custom_model_data":5039806},"model":"ec_forgenfire:forgenfire_weapons/knight/knight_sword"},{"predicate":{"custom_model_data":5039904},"model":"ec_forgenfire:forgenfire_weapons/steel/steel_trident"},{"predicate":{"custom_model_data":5039905},"model":"ec_forgenfire:forgenfire_weapons/steel/steel_scythe"},{"predicate":{"custom_model_data":5039906},"model":"ec_forgenfire:forgenfire_weapons/steel/steel_katana"},{"predicate":{"custom_model_data":5039907},"model":"item/iron_sword"}]}