{"parent":"item/generated","textures":{"layer0":"item/leather_boots","layer1":"item/leather_boots_overlay"},"overrides":[{"predicate":{"custom_model_data":5639500},"model":"ec_forgenfire:ia_auto_gen/amethyst_boots"},{"predicate":{"custom_model_data":5639501},"model":"ec_forgenfire:ia_auto_gen/black_iron_boots"},{"predicate":{"custom_model_data":5639502},"model":"ec_forgenfire:ia_auto_gen/jade_boots"},{"predicate":{"custom_model_data":5639503},"model":"ec_forgenfire:ia_auto_gen/knight_boots"},{"predicate":{"custom_model_data":5639504},"model":"ec_forgenfire:ia_auto_gen/steel_boots"},{"predicate":{"custom_model_data":5639505},"model":"item/leather_boots"}]}