{"parent":"item/generated","textures":{"layer0":"item/leather_leggings","layer1":"item/leather_leggings_overlay"},"overrides":[{"predicate":{"custom_model_data":5639500},"model":"ec_forgenfire:ia_auto_gen/amethyst_leggings"},{"predicate":{"custom_model_data":5639501},"model":"ec_forgenfire:ia_auto_gen/black_iron_leggings"},{"predicate":{"custom_model_data":5639502},"model":"ec_forgenfire:ia_auto_gen/jade_leggings"},{"predicate":{"custom_model_data":5639503},"model":"ec_forgenfire:ia_auto_gen/knight_leggings"},{"predicate":{"custom_model_data":5639504},"model":"ec_forgenfire:ia_auto_gen/steel_leggings"},{"predicate":{"custom_model_data":5639505},"model":"item/leather_leggings"}]}