{"parent":"item/generated","textures":{"layer0":"item/leather_chestplate","layer1":"item/leather_chestplate_overlay"},"overrides":[{"predicate":{"custom_model_data":5639500},"model":"ec_forgenfire:ia_auto_gen/amethyst_chestplate"},{"predicate":{"custom_model_data":5639501},"model":"ec_forgenfire:ia_auto_gen/black_iron_chestplate"},{"predicate":{"custom_model_data":5639502},"model":"ec_forgenfire:ia_auto_gen/jade_chestplate"},{"predicate":{"custom_model_data":5639503},"model":"ec_forgenfire:ia_auto_gen/knight_chestplate"},{"predicate":{"custom_model_data":5639504},"model":"ec_forgenfire:ia_auto_gen/steel_chestplate"},{"predicate":{"custom_model_data":5639505},"model":"item/leather_chestplate"}]}