{"parent":"minecraft:item/generated","textures":{"layer0":"minecraft:item/paper"},"overrides":[{"predicate":{"custom_model_data":10000},"model":"_iainternal:ia_auto_gen/icon_left_blue"},{"predicate":{"custom_model_data":10001},"model":"_iainternal:ia_auto_gen/icon_right_blue"},{"predicate":{"custom_model_data":10002},"model":"_iainternal:ia_auto_gen/icon_search"},{"predicate":{"custom_model_data":10003},"model":"_iainternal:ia_auto_gen/icon_cancel"},{"predicate":{"custom_model_data":10004},"model":"_iainternal:ia_auto_gen/icon_arrow_chest"},{"predicate":{"custom_model_data":10005},"model":"_iainternal:ia_auto_gen/icon_back_orange"},{"predicate":{"custom_model_data":10006},"model":"_iainternal:ia_auto_gen/icon_next_orange"},{"predicate":{"custom_model_data":5039503},"model":"ec_forgenfire:forgenfire_weapons/amethyst/amethyst_helmet"},{"predicate":{"custom_model_data":5039603},"model":"ec_forgenfire:forgenfire_weapons/black_iron/black_iron_helmet"},{"predicate":{"custom_model_data":5039703},"model":"ec_forgenfire:forgenfire_weapons/jade/jade_helmet"},{"predicate":{"custom_model_data":5039803},"model":"ec_forgenfire:forgenfire_weapons/knight/knight_helmet"},{"predicate":{"custom_model_data":5039903},"model":"ec_forgenfire:forgenfire_weapons/steel/steel_helmet"},{"predicate":{"custom_model_data":5039904},"model":"item/paper"}]}