{"parent":"minecraft:item/handheld","textures":{"layer0":"minecraft:item/stone_sword"},"overrides":[{"predicate":{"custom_model_data":2083},"model":"awakened_assassin:awakened_assassin_model/awakened_assassin_duskblade"},{"predicate":{"custom_model_data":2084},"model":"water_samurai:water_samurai_model/water_samurai_katana"},{"predicate":{"custom_model_data":2085},"model":"thunder_ronin:thunder_ronin_model/thunder_ronin_katana"},{"predicate":{"custom_model_data":2086},"model":"awakened_warrior:awakened_warrior_model/awakened_warrior_brutesword"},{"predicate":{"custom_model_data":2088},"model":"flame_warrior:flame_warrior_model/flame_warrior_katana"},{"predicate":{"custom_model_data":2089},"model":"item/stone_sword"}]}