{"credit":"MadewithBlockbench","texture_size":[64,64],"textures":{"0":"ec_forgenfire:forgenfire_default/blacksmith_anvil","particle":"ec_forgenfire:forgenfire_default/blacksmith_anvil"},"elements":[{"from":[2,0,3],"to":[14,3,13],"faces":{"north":{"uv":[5.25,1.75,8.25,2.5],"texture":"#0"},"east":{"uv":[6.25,2.5,8.75,3.25],"texture":"#0"},"south":{"uv":[5.25,1.75,8.25,2.5],"texture":"#0"},"west":{"uv":[6.25,2.5,8.75,3.25],"texture":"#0"},"up":{"uv":[3,5.5,0,3],"texture":"#0"},"down":{"uv":[3,5.5,0,3],"texture":"#0"}}},{"from":[3,3,4],"to":[13,5,12],"faces":{"north":{"uv":[2.25,6.75,4.75,7.25],"texture":"#0"},"east":{"uv":[6.75,7,8.75,7.5],"texture":"#0"},"south":{"uv":[2.25,6.75,4.75,7.25],"texture":"#0"},"west":{"uv":[6.75,7,8.75,7.5],"texture":"#0"},"up":{"uv":[5.5,6.75,3,4.75],"texture":"#0"},"down":{"uv":[5.5,6.75,3,4.75],"texture":"#0"}}},{"from":[4,5,5],"to":[12,8,11],"faces":{"north":{"uv":[5.5,6.25,7.5,7],"texture":"#0"},"east":{"uv":[5.25,7,6.75,7.75],"texture":"#0"},"south":{"uv":[5.5,6.25,7.5,7],"texture":"#0"},"west":{"uv":[5.25,7,6.75,7.75],"texture":"#0"}}},{"from":[1,8,2],"to":[14,15,14],"faces":{"north":{"uv":[3,3,6.25,4.75],"texture":"#0"},"east":{"uv":[3.25,0,6.25,1.75],"texture":"#0"},"south":{"uv":[3,3,6.25,4.75],"texture":"#0"},"west":{"uv":[3.25,0,6.25,1.75],"texture":"#0"},"up":{"uv":[3.25,3,0,0],"texture":"#0"},"down":{"uv":[3.25,3,0,0],"texture":"#0"}}},{"from":[11,15,2],"to":[14,16,14],"faces":{"north":{"uv":[5.25,2.75,6,3],"texture":"#0"},"east":{"uv":[6.25,4.5,9.25,4.75],"texture":"#0"},"south":{"uv":[6,2.75,5.25,3],"texture":"#0"},"west":{"uv":[6.25,4.5,9.25,4.75],"texture":"#0"},"up":{"uv":[2.25,8.5,1.5,5.5],"texture":"#0"},"down":{"uv":[2.25,8.5,1.5,5.5],"texture":"#0"}}},{"from":[1,15,2],"to":[7,16,14],"faces":{"north":{"uv":[7.75,7.5,9.25,7.75],"texture":"#0"},"east":{"uv":[6.25,1.5,9.25,1.75],"texture":"#0"},"south":{"uv":[9.25,7.5,7.75,7.75],"texture":"#0"},"west":{"uv":[6.25,1.5,9.25,1.75],"texture":"#0"},"up":{"uv":[1.5,8.5,0,5.5],"texture":"#0"},"down":{"uv":[1.5,8.5,0,5.5],"texture":"#0"}}},{"from":[7,15,2],"to":[11,16,5],"faces":{"north":{"uv":[5.25,2.5,6.25,2.75],"texture":"#0"},"east":{"uv":[7.75,7.75,8.5,8],"texture":"#0"},"south":{"uv":[5.25,2.5,6.25,2.75],"texture":"#0"},"west":{"uv":[7.75,7.75,8.5,8],"texture":"#0"},"up":{"uv":[7.75,7.5,6.75,8.25],"texture":"#0"},"down":{"uv":[7.75,8.25,6.75,7.5],"texture":"#0"}}},{"from":[7,15,11],"to":[11,16,14],"faces":{"north":{"uv":[5.25,2.5,6.25,2.75],"texture":"#0"},"east":{"uv":[7.75,7.75,8.5,8],"texture":"#0"},"south":{"uv":[6.25,2.5,5.25,2.75],"texture":"#0"},"west":{"uv":[7.75,7.75,8.5,8],"texture":"#0"},"up":{"uv":[7.75,8.25,6.75,7.5],"texture":"#0"},"down":{"uv":[7.75,8.25,6.75,7.5],"texture":"#0"}}},{"from":[-1,9,3],"to":[1,15,13],"faces":{"north":{"uv":[4.25,7.25,4.75,8.75],"texture":"#0"},"east":{"uv":[5.5,4.75,8,6.25],"texture":"#0"},"south":{"uv":[4.25,7.25,4.75,8.75],"texture":"#0"},"west":{"uv":[5.5,4.75,8,6.25],"texture":"#0"},"up":{"uv":[5.25,9.25,4.75,6.75],"texture":"#0"},"down":{"uv":[5.25,9.25,4.75,6.75],"texture":"#0"}}},{"from":[-3,10,4],"to":[-1,15,12],"faces":{"north":{"uv":[7.75,3.25,8.25,4.5],"texture":"#0"},"east":{"uv":[3.25,1.75,5.25,3],"texture":"#0"},"south":{"uv":[7.75,3.25,8.25,4.5],"texture":"#0"},"west":{"uv":[3.25,1.75,5.25,3],"texture":"#0"},"up":{"uv":[3.25,9.25,2.75,7.25],"texture":"#0"},"down":{"uv":[3.25,9.25,2.75,7.25],"texture":"#0"}}},{"from":[14,9,4],"to":[16,15,12],"faces":{"north":{"uv":[3.25,7.25,3.75,8.75],"texture":"#0"},"east":{"uv":[6.25,0,8.25,1.5],"texture":"#0"},"south":{"uv":[3.25,7.25,3.75,8.75],"texture":"#0"},"west":{"uv":[6.25,0,8.25,1.5],"texture":"#0"},"up":{"uv":[2.75,9.25,2.25,7.25],"texture":"#0"},"down":{"uv":[2.75,9.25,2.25,7.25],"texture":"#0"}}},{"from":[16,10,5],"to":[18,15,11],"faces":{"north":{"uv":[2.25,5.5,2.75,6.75],"texture":"#0"},"east":{"uv":[6.25,3.25,7.75,4.5],"texture":"#0"},"south":{"uv":[2.25,5.5,2.75,6.75],"texture":"#0"},"west":{"uv":[6.25,3.25,7.75,4.5],"texture":"#0"},"up":{"uv":[4.25,8.75,3.75,7.25],"texture":"#0"},"down":{"uv":[4.25,8.75,3.75,7.25],"texture":"#0"}}},{"from":[18,12,6],"to":[20,15,10],"faces":{"north":{"uv":[5.75,7.75,6.25,8.5],"texture":"#0"},"east":{"uv":[7.5,6.25,8.5,7],"texture":"#0"},"south":{"uv":[5.75,7.75,6.25,8.5],"texture":"#0"},"west":{"uv":[7.5,6.25,8.5,7],"texture":"#0"},"up":{"uv":[5.75,8.75,5.25,7.75],"texture":"#0"},"down":{"uv":[5.75,8.75,5.25,7.75],"texture":"#0"}}},{"from":[17.05,10.8,6.1],"to":[19.9,12.25,9.9],"rotation":{"angle":45,"axis":"z","origin":[18.5,11.5,8]},"faces":{"north":{"uv":[7.5,6.875,7.625,7],"rotation":270,"texture":"#0"},"east":{"uv":[7.5,6.875,7.625,7],"rotation":90,"texture":"#0"},"south":{"uv":[7.5,6.875,7.625,7],"rotation":90,"texture":"#0"},"west":{"uv":[7.5,6.875,7.625,7],"rotation":90,"texture":"#0"},"up":{"uv":[7.5,6.875,7.625,7],"rotation":90,"texture":"#0"},"down":{"uv":[7.5,6.875,7.625,7],"rotation":90,"texture":"#0"}}},{"from":[-4.4,9.95,6],"to":[-2.5,14.5,10],"rotation":{"angle":22.5,"axis":"z","origin":[-4,13.5,8]},"faces":{"north":{"uv":[6.25,7.75,5.75,8.5],"texture":"#0"},"east":{"uv":[8.5,6.25,7.5,7],"texture":"#0"},"south":{"uv":[6.25,7.75,5.75,8.5],"texture":"#0"},"west":{"uv":[8.5,6.25,7.5,7],"texture":"#0"},"up":{"uv":[5.25,8.75,5.75,7.75],"texture":"#0"},"down":{"uv":[5.25,8.75,5.75,7.75],"texture":"#0"}}}],"gui_light":"front","display":{"thirdperson_righthand":{"rotation":[67.5,0,0],"translation":[0.25,1,0.5],"scale":[0.48094,0.48094,0.48094]},"thirdperson_lefthand":{"rotation":[67.5,0,0],"translation":[0.25,1,0.5],"scale":[0.48094,0.48094,0.48094]},"firstperson_righthand":{"rotation":[4,0,0],"translation":[-8.87,3.2,1.13],"scale":[0.50234,0.50234,0.50234]},"firstperson_lefthand":{"rotation":[4,0,0],"translation":[-8.87,3.2,1.13],"scale":[0.50234,0.50234,0.50234]},"ground":{"translation":[0,4.75,0],"scale":[0.5,0.5,0.5]},"gui":{"rotation":[-2,180,0],"translation":[0,-0.75,0],"scale":[0.60938,0.60938,0.60938]},"head":{"translation":[-0.25,-5,2.5],"scale":[1.6,1.6,1.6]},"fixed":{"rotation":[90,0,-180],"translation":[0,0,-18.75],"scale":[2.45898,2.45898,2.45898]}}}