{"credit":"MadewithBlockbench","texture_size":[256,256],"textures":{"0":"ec_forgenfire:forgenfire_default/forger","particle":"ec_forgenfire:forgenfire_default/forger"},"elements":[{"from":[16,-16,-15],"to":[31,-13,31],"faces":{"north":{"uv":[1.625,6.6875,2.5625,6.875],"texture":"#0"},"east":{"uv":[5,2.375,7.875,2.5625],"texture":"#0"},"south":{"uv":[1.625,6.6875,2.5625,6.875],"texture":"#0"},"west":{"uv":[5.4375,4.1875,8.3125,4.375],"texture":"#0"},"up":{"uv":[4.4375,5.4375,3.5,2.5625],"texture":"#0"},"down":{"uv":[4.4375,5.4375,3.5,2.5625],"texture":"#0"}}},{"from":[16,-13,-13],"to":[29,-6,29],"faces":{"north":{"uv":[0.8125,6.3125,1.625,6.75],"texture":"#0"},"east":{"uv":[4.4375,2.5625,7.0625,3],"texture":"#0"},"south":{"uv":[0.8125,6.3125,1.625,6.75],"texture":"#0"},"west":{"uv":[4.4375,3,7.0625,3.4375],"texture":"#0"},"up":{"uv":[0.8125,7,0,4.375],"texture":"#0"}}},{"from":[16,-16,-15],"to":[31,-13,31],"faces":{"north":{"uv":[1.625,6.6875,2.5625,6.875],"texture":"#0"},"east":{"uv":[5,2.375,7.875,2.5625],"texture":"#0"},"west":{"uv":[5.4375,4.1875,8.3125,4.375],"texture":"#0"},"up":{"uv":[4.4375,5.4375,3.5,2.5625],"texture":"#0"}}},{"from":[-12,-6,-12],"to":[28,0,28],"faces":{"north":{"uv":[4.4375,4.4375,6.9375,4.8125],"texture":"#0"},"east":{"uv":[4.4375,4.4375,6.9375,4.8125],"texture":"#0"},"south":{"uv":[4.4375,4.4375,6.9375,4.8125],"texture":"#0"},"west":{"uv":[4.4375,4.4375,6.9375,4.8125],"texture":"#0"},"up":{"uv":[2.5,2.5625,0,0],"texture":"#0"},"down":{"uv":[5,0,2.5,2.5625],"texture":"#0"}}},{"from":[14,0,-5],"to":[22,8,23],"faces":{"north":{"uv":[4.9375,6.5625,5.4375,7.0625],"texture":"#0"},"east":{"uv":[5,0.375,6.75,0.875],"texture":"#0"},"south":{"uv":[4.9375,6.5625,5.4375,7.0625],"texture":"#0"},"west":{"uv":[5,0.875,6.75,1.375],"texture":"#0"},"up":{"uv":[4.9375,6.9375,4.4375,5.1875],"texture":"#0"},"down":{"uv":[4.9375,6.9375,4.4375,5.1875],"texture":"#0"}}},{"from":[2,0,1],"to":[14,8,23],"faces":{"north":{"uv":[2.8125,6.1875,3.5625,6.6875],"texture":"#0"},"south":{"uv":[3.5625,6.1875,4.3125,6.6875],"texture":"#0"}}},{"from":[14,-16,-15],"to":[16,-5,-10],"faces":{"north":{"uv":[3.375,4.375,3.5,5.0625],"texture":"#0"},"east":{"uv":[3.0625,4.375,3.375,5.0625],"texture":"#0"},"south":{"uv":[3.375,4.375,3.5,5.0625],"texture":"#0"},"west":{"uv":[3.0625,4.375,3.375,5.0625],"texture":"#0"},"up":{"uv":[3.4375,5.375,3.3125,5.0625],"texture":"#0"},"down":{"uv":[3.4375,5.375,3.3125,5.0625],"texture":"#0"}}},{"from":[2,-7,-15],"to":[14,-4,-10],"faces":{"north":{"uv":[3.6875,6.6875,4.4375,6.875],"texture":"#0"},"east":{"uv":[6.6875,5.5,7,5.6875],"texture":"#0"},"south":{"uv":[3.6875,6.6875,4.4375,6.875],"texture":"#0"},"west":{"uv":[6.6875,5.5,7,5.6875],"texture":"#0"},"up":{"uv":[6.1875,6.875,5.4375,6.5625],"texture":"#0"},"down":{"uv":[6.1875,6.875,5.4375,6.5625],"texture":"#0"}}},{"from":[12,-9,-15],"to":[14,-7,-10],"faces":{"north":{"uv":[4.0625,6.0625,4.1875,6.1875],"texture":"#0"},"east":{"uv":[6.75,1.875,7.0625,2],"texture":"#0"},"south":{"uv":[4.0625,6.0625,4.1875,6.1875],"texture":"#0"},"west":{"uv":[6.75,1.875,7.0625,2],"texture":"#0"},"up":{"uv":[2.9375,5.9375,2.8125,5.625],"texture":"#0"},"down":{"uv":[2.9375,5.9375,2.8125,5.625],"texture":"#0"}}},{"from":[2,-9,-15],"to":[4,-7,-10],"faces":{"north":{"uv":[4.1875,6.0625,4.0625,6.1875],"texture":"#0"},"east":{"uv":[6.75,1.875,7.0625,2],"texture":"#0"},"south":{"uv":[4.0625,6.0625,4.1875,6.1875],"texture":"#0"},"west":{"uv":[6.75,1.875,7.0625,2],"texture":"#0"},"up":{"uv":[2.9375,5.9375,2.8125,5.625],"texture":"#0"},"down":{"uv":[2.9375,5.9375,2.8125,5.625],"texture":"#0"}}},{"from":[0,-16,-15],"to":[2,-5,-10],"rotation":{"angle":0,"axis":"y","origin":[16,0,0]},"faces":{"north":{"uv":[3.5,4.375,3.375,5.0625],"texture":"#0"},"east":{"uv":[3.375,4.375,3.0625,5.0625],"texture":"#0"},"south":{"uv":[3.5,4.375,3.375,5.0625],"texture":"#0"},"west":{"uv":[3.375,4.375,3.0625,5.0625],"texture":"#0"},"up":{"uv":[3.3125,5.375,3.4375,5.0625],"texture":"#0"},"down":{"uv":[3.3125,5.375,3.4375,5.0625],"texture":"#0"}}},{"from":[-13,-13,-13],"to":[0,-6,29],"rotation":{"angle":0,"axis":"y","origin":[16,0,0]},"faces":{"north":{"uv":[0.8125,6.3125,1.625,6.75],"texture":"#0"},"east":{"uv":[7.0625,3,4.4375,3.4375],"texture":"#0"},"south":{"uv":[1.625,6.3125,0.8125,6.75],"texture":"#0"},"west":{"uv":[7.0625,2.5625,4.4375,3],"texture":"#0"},"up":{"uv":[0,7,0.8125,4.375],"texture":"#0"},"down":{"uv":[0,7,0.8125,4.375],"texture":"#0"}}},{"from":[-15,-16,-15],"to":[0,-13,31],"rotation":{"angle":0,"axis":"y","origin":[16,0,0]},"faces":{"north":{"uv":[2.5625,6.6875,1.625,6.875],"texture":"#0"},"east":{"uv":[8.3125,4.1875,5.4375,4.375],"texture":"#0"},"south":{"uv":[2.5625,6.6875,1.625,6.875],"texture":"#0"},"west":{"uv":[7.875,2.375,5,2.5625],"texture":"#0"},"up":{"uv":[3.5,5.4375,4.4375,2.5625],"texture":"#0"},"down":{"uv":[3.5,5.4375,4.4375,2.5625],"texture":"#0"}}},{"from":[3,8,-10],"to":[13,11,-5],"faces":{"north":{"uv":[6.6875,5.3125,7.3125,5.5],"texture":"#0"},"east":{"uv":[0.8125,6.75,1.125,6.9375],"texture":"#0"},"south":{"uv":[6.6875,5.3125,7.3125,5.5],"texture":"#0"},"west":{"uv":[0.8125,6.75,1.125,6.9375],"texture":"#0"},"up":{"uv":[6.8125,6.875,6.1875,6.5625],"texture":"#0"},"down":{"uv":[6.8125,6.875,6.1875,6.5625],"texture":"#0"}}},{"from":[13,0,-10],"to":[15,10,-5],"faces":{"north":{"uv":[4.3125,6.0625,4.4375,6.6875],"texture":"#0"},"east":{"uv":[4.0625,5.4375,4.375,6.0625],"texture":"#0"},"south":{"uv":[4.3125,6.0625,4.4375,6.6875],"texture":"#0"},"west":{"uv":[4.0625,5.4375,4.375,6.0625],"texture":"#0"},"up":{"uv":[2.75,6.5625,2.625,6.25],"texture":"#0"},"down":{"uv":[2.75,6.5625,2.625,6.25],"texture":"#0"}}},{"from":[11,6,-10],"to":[13,8,-5],"faces":{"north":{"uv":[4.1875,6.0625,4.3125,6.1875],"texture":"#0"},"east":{"uv":[6.75,2,7.0625,2.125],"texture":"#0"},"south":{"uv":[4.1875,6.0625,4.3125,6.1875],"texture":"#0"},"west":{"uv":[6.75,2,7.0625,2.125],"texture":"#0"},"up":{"uv":[3.0625,5.9375,2.9375,5.625],"texture":"#0"},"down":{"uv":[3.0625,5.9375,2.9375,5.625],"texture":"#0"}}},{"from":[3,6,-10],"to":[5,8,-5],"faces":{"north":{"uv":[4.1875,6.0625,4.3125,6.1875],"texture":"#0"},"east":{"uv":[6.75,2,7.0625,2.125],"texture":"#0"},"south":{"uv":[4.1875,6.0625,4.3125,6.1875],"texture":"#0"},"west":{"uv":[6.75,2,7.0625,2.125],"texture":"#0"},"up":{"uv":[3.0625,5.9375,2.9375,5.625],"texture":"#0"},"down":{"uv":[3.0625,5.9375,2.9375,5.625],"texture":"#0"}}},{"from":[-6,0,-5],"to":[2,8,23],"rotation":{"angle":0,"axis":"y","origin":[16,0,0]},"faces":{"north":{"uv":[4.9375,6.5625,5.4375,7.0625],"texture":"#0"},"east":{"uv":[6.75,0.875,5,1.375],"texture":"#0"},"south":{"uv":[5.4375,6.5625,4.9375,7.0625],"texture":"#0"},"west":{"uv":[6.75,0.375,5,0.875],"texture":"#0"},"up":{"uv":[4.4375,6.9375,4.9375,5.1875],"texture":"#0"},"down":{"uv":[4.4375,6.9375,4.9375,5.1875],"texture":"#0"}}},{"from":[1,0,-10],"to":[3,10,-5],"rotation":{"angle":0,"axis":"y","origin":[16,0,0]},"faces":{"north":{"uv":[4.4375,6.0625,4.3125,6.6875],"texture":"#0"},"east":{"uv":[4.375,5.4375,4.0625,6.0625],"texture":"#0"},"south":{"uv":[4.4375,6.0625,4.3125,6.6875],"texture":"#0"},"west":{"uv":[4.375,5.4375,4.0625,6.0625],"texture":"#0"},"up":{"uv":[2.625,6.5625,2.75,6.25],"texture":"#0"},"down":{"uv":[2.625,6.5625,2.75,6.25],"texture":"#0"}}},{"from":[0,-16,29],"to":[16,-13,31],"faces":{"south":{"uv":[6.4375,3.9375,7.4375,4.125],"texture":"#0"},"up":{"uv":[7.6875,5.3125,6.6875,5.1875],"texture":"#0"},"down":{"uv":[7.6875,5.3125,6.6875,5.1875],"texture":"#0"}}},{"from":[0,-16,-2],"to":[16,-6,29],"faces":{"north":{"uv":[1.8125,5.625,2.8125,6.25],"texture":"#0"},"south":{"uv":[4.9375,5.6875,5.9375,6.3125],"texture":"#0"},"up":{"uv":[1.8125,6.3125,0.8125,4.375],"texture":"#0"},"down":{"uv":[1.8125,6.3125,0.8125,4.375],"texture":"#0"}}},{"from":[-6,8,-5],"to":[22,12,23],"faces":{"north":{"uv":[5,1.375,6.75,1.625],"texture":"#0"},"east":{"uv":[5,1.375,6.75,1.625],"texture":"#0"},"south":{"uv":[5,1.375,6.75,1.625],"texture":"#0"},"west":{"uv":[5,1.375,6.75,1.625],"texture":"#0"},"up":{"uv":[1.75,4.3125,0,2.5625],"texture":"#0"},"down":{"uv":[3.5,2.5625,1.75,4.3125],"texture":"#0"}}},{"from":[-5.30031,12.14604,1],"to":[10.69969,24.14604,17],"rotation":{"angle":22.5,"axis":"z","origin":[8.7853,19.27322,9.125]},"faces":{"north":{"uv":[3.0625,5.4375,4.0625,6.1875],"texture":"#0"},"east":{"uv":[5.4375,3.4375,6.4375,4.1875],"texture":"#0"},"south":{"uv":[3.0625,5.4375,4.0625,6.1875],"texture":"#0"},"west":{"uv":[5.4375,3.4375,6.4375,4.1875],"texture":"#0"},"up":{"uv":[5.4375,4.4375,4.4375,3.4375],"texture":"#0"},"down":{"uv":[5.4375,4.4375,4.4375,3.4375],"texture":"#0"}}},{"from":[-7.30031,24.14604,-1],"to":[12.69969,28.14604,19],"rotation":{"angle":22.5,"axis":"z","origin":[8.7853,19.27322,9.125]},"faces":{"north":{"uv":[4.9375,6.3125,6.1875,6.5625],"texture":"#0"},"east":{"uv":[4.9375,6.3125,6.1875,6.5625],"texture":"#0"},"south":{"uv":[4.9375,6.3125,6.1875,6.5625],"texture":"#0"},"west":{"uv":[4.9375,6.3125,6.1875,6.5625],"texture":"#0"},"up":{"uv":[3.0625,5.625,1.8125,4.375],"texture":"#0"},"down":{"uv":[3.0625,5.625,1.8125,4.375],"texture":"#0"}}},{"from":[5.11986,23.545,-0.75],"to":[25.11986,27.545,19.25],"rotation":{"angle":-22.5,"axis":"z","origin":[8.7853,19.27322,9.125]},"faces":{"north":{"uv":[6.1875,6.3125,4.9375,6.5625],"texture":"#0"},"east":{"uv":[6.1875,6.3125,4.9375,6.5625],"texture":"#0"},"south":{"uv":[6.1875,6.3125,4.9375,6.5625],"texture":"#0"},"west":{"uv":[6.1875,6.3125,4.9375,6.5625],"texture":"#0"},"up":{"uv":[1.8125,5.625,3.0625,4.375],"texture":"#0"},"down":{"uv":[1.8125,5.625,3.0625,4.375],"texture":"#0"}}},{"from":[7.11986,11.545,1.25],"to":[23.11986,23.545,17.25],"rotation":{"angle":-22.5,"axis":"z","origin":[8.7853,19.27322,9.125]},"faces":{"north":{"uv":[4.0625,5.4375,3.0625,6.1875],"texture":"#0"},"east":{"uv":[6.4375,3.4375,5.4375,4.1875],"texture":"#0"},"south":{"uv":[4.0625,5.4375,3.0625,6.1875],"texture":"#0"},"west":{"uv":[6.4375,3.4375,5.4375,4.1875],"texture":"#0"},"up":{"uv":[4.4375,4.4375,5.4375,3.4375],"texture":"#0"},"down":{"uv":[4.4375,4.4375,5.4375,3.4375],"texture":"#0"}}},{"from":[6.75,-16,-16],"to":[9.75,-13,-1],"rotation":{"angle":0,"axis":"y","origin":[0.5,0,0]},"faces":{"north":{"uv":[2.8125,5.9375,3,6.125],"texture":"#0"},"east":{"uv":[2.5625,6.6875,3.5,6.875],"texture":"#0"},"south":{"uv":[2.8125,5.9375,3,6.125],"texture":"#0"},"west":{"uv":[2.5625,6.6875,3.5,6.875],"texture":"#0"},"up":{"uv":[3.6875,7.625,3.5,6.6875],"texture":"#0"},"down":{"uv":[3.6875,7.625,3.5,6.6875],"texture":"#0"}}},{"from":[7.5,-11,-13],"to":[10.5,-8,2],"rotation":{"angle":0,"axis":"y","origin":[0.5,0,0]},"faces":{"north":{"uv":[2.8125,5.9375,3,6.125],"texture":"#0"},"east":{"uv":[2.5625,6.6875,3.5,6.875],"texture":"#0"},"south":{"uv":[2.8125,5.9375,3,6.125],"texture":"#0"},"west":{"uv":[2.5625,6.6875,3.5,6.875],"texture":"#0"},"up":{"uv":[3.6875,7.625,3.5,6.6875],"texture":"#0"},"down":{"uv":[3.6875,7.625,3.5,6.6875],"texture":"#0"}}},{"from":[5.5,-12.75,-13.7],"to":[8.5,-9.75,1.3],"rotation":{"angle":22.5,"axis":"z","origin":[7.75,-11.5,-6.2]},"faces":{"north":{"uv":[2.8125,5.9375,3,6.125],"texture":"#0"},"east":{"uv":[2.5625,6.6875,3.5,6.875],"texture":"#0"},"south":{"uv":[2.8125,5.9375,3,6.125],"texture":"#0"},"west":{"uv":[2.5625,6.6875,3.5,6.875],"texture":"#0"},"up":{"uv":[3.6875,7.625,3.5,6.6875],"texture":"#0"},"down":{"uv":[3.6875,7.625,3.5,6.6875],"texture":"#0"}}},{"from":[9.5,-13.5,-13.7],"to":[12.5,-10.5,1.3],"rotation":{"angle":-22.5,"axis":"z","origin":[11.25,-11.5,-6.2]},"faces":{"north":{"uv":[2.8125,5.9375,3,6.125],"texture":"#0"},"east":{"uv":[2.5625,6.6875,3.5,6.875],"texture":"#0"},"south":{"uv":[2.8125,5.9375,3,6.125],"texture":"#0"},"west":{"uv":[2.5625,6.6875,3.5,6.875],"texture":"#0"},"up":{"uv":[3.6875,7.625,3.5,6.6875],"texture":"#0"},"down":{"uv":[3.6875,7.625,3.5,6.6875],"texture":"#0"}}},{"from":[2.5,-13,-13],"to":[5.5,-10,2],"rotation":{"angle":0,"axis":"y","origin":[0.5,0,0]},"faces":{"north":{"uv":[2.8125,5.9375,3,6.125],"texture":"#0"},"east":{"uv":[2.5625,6.6875,3.5,6.875],"texture":"#0"},"south":{"uv":[2.8125,5.9375,3,6.125],"texture":"#0"},"west":{"uv":[2.5625,6.6875,3.5,6.875],"texture":"#0"},"up":{"uv":[3.6875,7.625,3.5,6.6875],"texture":"#0"},"down":{"uv":[3.6875,7.625,3.5,6.6875],"texture":"#0"}}},{"from":[2.75,-16,-14],"to":[5.75,-13,1],"rotation":{"angle":-22.5,"axis":"z","origin":[4.25,-14.5,-6.5]},"faces":{"north":{"uv":[2.8125,5.9375,3,6.125],"texture":"#0"},"east":{"uv":[2.5625,6.6875,3.5,6.875],"texture":"#0"},"south":{"uv":[2.8125,5.9375,3,6.125],"texture":"#0"},"west":{"uv":[2.5625,6.6875,3.5,6.875],"texture":"#0"},"up":{"uv":[3.6875,7.625,3.5,6.6875],"texture":"#0"},"down":{"uv":[3.6875,7.625,3.5,6.6875],"texture":"#0"}}},{"from":[10.5,-16,-14],"to":[13.5,-13,1],"rotation":{"angle":22.5,"axis":"z","origin":[12,-14.5,-6.5]},"faces":{"north":{"uv":[2.8125,5.9375,3,6.125],"texture":"#0"},"east":{"uv":[2.5625,6.6875,3.5,6.875],"texture":"#0"},"south":{"uv":[2.8125,5.9375,3,6.125],"texture":"#0"},"west":{"uv":[2.5625,6.6875,3.5,6.875],"texture":"#0"},"up":{"uv":[3.6875,7.625,3.5,6.6875],"texture":"#0"},"down":{"uv":[3.6875,7.625,3.5,6.6875],"texture":"#0"}}},{"from":[-7,12,-6],"to":[23,16,25],"faces":{"north":{"uv":[7.5625,2.03125,9.4375,2.28125],"texture":"#0"},"east":{"uv":[7.5625,2.03125,9.4375,2.28125],"texture":"#0"},"south":{"uv":[7.5625,2.03125,9.4375,2.28125],"texture":"#0"},"west":{"uv":[7.5625,2.03125,9.4375,2.28125],"texture":"#0"},"up":{"uv":[7.5625,0,9.4375,1.9375],"texture":"#0"},"down":{"uv":[7.5625,0,9.4375,1.9375],"texture":"#0"}}}],"gui_light":"front","display":{"thirdperson_righthand":{"rotation":[52,0,0],"translation":[0,2,1.5],"scale":[0.22266,0.22266,0.22266]},"thirdperson_lefthand":{"rotation":[52,0,0],"translation":[0,2,1.5],"scale":[0.22266,0.22266,0.22266]},"firstperson_righthand":{"rotation":[0,180,0],"translation":[-9.62,5.2,-4.12],"scale":[0.26961,0.26961,0.26961]},"firstperson_lefthand":{"rotation":[0,180,0],"translation":[-9.62,5.2,-4.12],"scale":[0.26961,0.26961,0.26961]},"ground":{"translation":[0,9.5,0],"scale":[0.19,0.19,0.19]},"gui":{"rotation":[30,225,0],"translation":[0,0.75,0],"scale":[0.20148,0.20148,0.20148]},"head":{"translation":[-0.25,-5.25,0],"scale":[1.65,1.65,1.65]},"fixed":{"rotation":[-90,0,0],"translation":[0,-32.25,-50.25],"scale":[2.1,2.1,2.1]}}}