{"credit":"MadewithBlockbench","texture_size":[32,32],"textures":{"0":"ec_forgenfire:forgenfire_default/forge_hammer","particle":"ec_forgenfire:forgenfire_default/forge_hammer"},"elements":[{"from":[7.5,3.5,7.5],"to":[8.5,12.5,8.5],"rotation":{"angle":0,"axis":"y","origin":[8,9.25,8]},"faces":{"north":{"uv":[0,5,0.5,9.5],"texture":"#0"},"east":{"uv":[0.5,5,1,9.5],"texture":"#0"},"south":{"uv":[0,5,0.5,9.5],"texture":"#0"},"west":{"uv":[0.5,5,1,9.5],"texture":"#0"},"up":{"uv":[4.5,7.5,4,7],"texture":"#0"},"down":{"uv":[4.5,7.5,4,7],"texture":"#0"}}},{"from":[5.5,9,6.5],"to":[10.5,12,9.5],"rotation":{"angle":0,"axis":"y","origin":[8,9.25,8]},"faces":{"north":{"uv":[0,14.5,2.5,16],"texture":"#0"},"east":{"uv":[2.75,14.5,4.25,16],"texture":"#0"},"south":{"uv":[0,14.5,2.5,16],"texture":"#0"},"west":{"uv":[2.75,14.5,4.25,16],"texture":"#0"},"up":{"uv":[2.5,14.25,0,12.75],"texture":"#0"},"down":{"uv":[2.5,14.25,0,12.75],"texture":"#0"}}}],"gui_light":"front","display":{"thirdperson_righthand":{"rotation":[-151,-87.43,-150.42],"translation":[0,1.25,0.75],"scale":[1.44141,1.44141,1.44141]},"thirdperson_lefthand":{"rotation":[-151,-87.43,-150.42],"translation":[0,1.25,0.75],"scale":[1.44141,1.44141,1.44141]},"firstperson_righthand":{"rotation":[-139.35,76.04,127.63],"translation":[-1,2.5,0],"scale":[1.56992,1.57969,1.56992]},"firstperson_lefthand":{"rotation":[-139.35,76.04,127.63],"translation":[-1,2.5,0],"scale":[1.56992,1.57969,1.56992]},"ground":{"rotation":[79,0,0],"translation":[0,-1,0],"scale":[1.53398,1.53398,1.53398]},"gui":{"rotation":[36,-29,31],"translation":[0.75,-0.75,0],"scale":[1.66375,1.66375,1.66375]},"head":{"translation":[0,-30.5,0],"scale":[0,0,0]},"fixed":{"rotation":[-10.25,0,0],"translation":[0,0,-4.5],"scale":[3.42969,3.42969,3.42969]}}}