{
	"credit": "MadewithBlockbench",
	"texture_size": [128, 128],
	"textures": {
		"0": "ec_forgenfire:forgenfire_default/mold_base",
		"1": "ec_forgenfire:forgenfire_default/mold_tools",
		"particle": "ec_forgenfire:forgenfire_default/mold_base"
	},
	"elements": [
		{
			"from": [2, 0, -1],
			"to": [14, 3, 22],
			"faces": {
				"north": {"uv": [6, 0, 9, 0.75], "texture": "#0"},
				"east": {"uv": [0, 5.75, 5.75, 6.5], "texture": "#0"},
				"south": {"uv": [6, 0.75, 9, 1.5], "texture": "#0"},
				"west": {"uv": [5.75, 5.75, 11.5, 6.5], "texture": "#0"},
				"up": {"uv": [3, 5.75, 0, 0], "texture": "#0"},
				"down": {"uv": [6, 0, 3, 5.75], "texture": "#0"}
			}
		},
		{
			"from": [2.1, 3, 0.25],
			"to": [14.1, 3, 23.25],
			"faces": {
				"north": {"uv": [0, 0, 6, 0], "texture": "#1"},
				"east": {"uv": [0, 0, 11.5, 0], "texture": "#1"},
				"south": {"uv": [0, 0, 6, 0], "texture": "#1"},
				"west": {"uv": [0, 0, 11.5, 0], "texture": "#1"},
				"up": {"uv": [7.5, 14.25, 6, 11.375], "texture": "#1"},
				"down": {"uv": [6, 0, 8, 2], "texture": "#1"}
			}
		}
	],
	"gui_light": "front",
	"display": {
		"thirdperson_righthand": {
			"rotation": [0, -88, -72],
			"translation": [-3.75, 4.5, 3.25],
			"scale": [0.73438, 0.73438, 0.73438]
		},
		"thirdperson_lefthand": {
			"rotation": [0, -88, -72],
			"translation": [-3.75, 4.5, 3.25],
			"scale": [0.73438, 0.73438, 0.73438]
		},
		"firstperson_righthand": {
			"rotation": [0, 90, 34],
			"translation": [-10.5, 5.5, -3.75]
		},
		"firstperson_lefthand": {
			"rotation": [0, 90, 34],
			"translation": [-10.5, 5.5, -3.75]
		},
		"ground": {
			"translation": [0, 4.25, -1],
			"scale": [0.6543, 0.6543, 0.6543]
		},
		"gui": {
			"rotation": [99, 147, -36],
			"translation": [-2.5, -0.75, 0],
			"scale": [0.65039, 0.65039, 0.65039]
		},
		"head": {
			"translation": [0, -36.5, -4]
		},
		"fixed": {
			"rotation": [-90, 0, 0],
			"translation": [0, -5.5, -14.25],
			"scale": [1.79492, 1.79492, 1.79492]
		}
	}
}