{"credit":"MadewithBlockbench","texture_size":[32,32],"textures":{"0":"ec_forgenfire:forgenfire_default/lava_still","particle":"ec_forgenfire:forgenfire_default/lava_still"},"elements":[{"from":[21.19822,-0.05,5.60857],"to":[23.94822,1.65,8.35857],"rotation":{"angle":45,"axis":"y","origin":[22.57322,0.8,9.98357]},"faces":{"north":{"uv":[1.5,7,3,8],"texture":"#0"},"east":{"uv":[6.5,7,8,8],"texture":"#0"},"south":{"uv":[0,7.5,1.5,8.5],"texture":"#0"},"west":{"uv":[3,7.5,4.5,8.5],"texture":"#0"},"up":{"uv":[6.5,6.5,5,5],"texture":"#0"},"down":{"uv":[1.5,6,0,7.5],"texture":"#0"}}},{"from":[14.875,0.15,6.66403],"to":[20.125,1.35,8.91403],"rotation":{"angle":0,"axis":"y","origin":[15,1,9.91403]},"faces":{"north":{"uv":[7.5,6.5,10,7],"texture":"#0"},"east":{"uv":[8.5,5,9.5,5.5],"texture":"#0"},"south":{"uv":[6.5,8,9,8.5],"texture":"#0"},"west":{"uv":[5.5,8.5,6.5,9],"texture":"#0"},"up":{"uv":[2.5,6,0,5],"texture":"#0"},"down":{"uv":[5,5,2.5,6],"texture":"#0"}}},{"from":[-7.91839,0.45,6.65268],"to":[-6.41839,1.3,9.90268],"rotation":{"angle":-22.5,"axis":"y","origin":[-6.29339,0.875,8.40268]},"faces":{"north":{"uv":[8.5,5.5,9.5,6],"texture":"#0"},"east":{"uv":[3.5,6,5,6.5],"texture":"#0"},"south":{"uv":[8.5,6,9.5,6.5],"texture":"#0"},"west":{"uv":[2.5,8.5,4,9],"texture":"#0"},"up":{"uv":[4,8.5,3,7],"texture":"#0"},"down":{"uv":[8.5,5,7.5,6.5],"texture":"#0"}}},{"from":[-7.125,0.4,6.16403],"to":[13.125,1.35,9.66403],"rotation":{"angle":0,"axis":"y","origin":[14,1,9.91403]},"faces":{"north":{"uv":[0,4,10,4.5],"texture":"#0"},"east":{"uv":[8,7,10,7.5],"texture":"#0"},"south":{"uv":[0,4.5,10,5],"texture":"#0"},"west":{"uv":[8,7.5,10,8],"texture":"#0"},"up":{"uv":[10,2,0,0],"texture":"#0"},"down":{"uv":[10,2,0,4],"texture":"#0"}}},{"from":[12.875,-0.1,5.91403],"to":[15.125,1.85,9.91403],"rotation":{"angle":0,"axis":"y","origin":[15,1,9.91403]},"faces":{"north":{"uv":[1.5,8,2.5,9],"texture":"#0"},"east":{"uv":[1.5,6,3.5,7],"texture":"#0"},"south":{"uv":[0,8.5,1,9.5],"texture":"#0"},"west":{"uv":[3.5,6.5,5.5,7.5],"texture":"#0"},"up":{"uv":[7.5,7,6.5,5],"texture":"#0"},"down":{"uv":[6.5,6.5,5.5,8.5],"texture":"#0"}}}],"gui_light":"front","display":{"thirdperson_righthand":{"rotation":[50.5,0,0],"translation":[-5.5,5,3.75],"scale":[0.69531,0.69531,0.69531]},"thirdperson_lefthand":{"rotation":[50.5,0,0],"translation":[-5.5,5,3.75],"scale":[0.69531,0.69531,0.69531]},"firstperson_righthand":{"rotation":[21,0,0],"translation":[-9.5,7.25,-1]},"firstperson_lefthand":{"rotation":[21,0,0],"translation":[-9.5,7.25,-1]},"ground":{"translation":[0,7.75,0],"scale":[0.82227,0.82227,0.82227]},"gui":{"rotation":[90,-58,-24],"translation":[2.25,-2.5,0],"scale":[0.70508,0.70508,0.70508]},"head":{"translation":[-1.25,-17.5,0],"scale":[2.25,2.25,2.25]},"fixed":{"rotation":[90,90,0],"translation":[0,0,8.5],"scale":[1.38672,1.38672,1.38672]}}}