{"credit":"MadewithBlockbench","texture_size":[32,32],"textures":{"0":"ec_forgenfire:forgenfire_default/lava_still","particle":"ec_forgenfire:forgenfire_default/lava_still"},"elements":[{"from":[19.46079,-0.05,6.16403],"to":[23.21079,1.65,9.91403],"rotation":{"angle":45,"axis":"y","origin":[21.33579,0.8,8.03903]},"faces":{"north":{"uv":[8,7.5,10,8.25],"texture":"#0"},"east":{"uv":[2,7.5,4,8.25],"texture":"#0"},"south":{"uv":[4,7.5,6,8.25],"texture":"#0"},"west":{"uv":[6,7.5,8,8.25],"texture":"#0"},"up":{"uv":[7,6.5,5,4.5],"rotation":90,"texture":"#0"},"down":{"uv":[2,6.5,0,8.5],"rotation":270,"texture":"#0"}}},{"from":[-0.125,0.15,7.16403],"to":[20.125,1.35,8.91403],"rotation":{"angle":0,"axis":"y","origin":[15,1,9.91403]},"faces":{"north":{"uv":[5,3.5,15.25,4],"texture":"#0"},"east":{"uv":[8,8.5,9,9],"texture":"#0"},"south":{"uv":[5,4,15.25,4.5],"texture":"#0"},"west":{"uv":[8,9,9,9.5],"texture":"#0"},"up":{"uv":[10.25,1,0,0],"texture":"#0"},"down":{"uv":[10.25,1,0,2],"texture":"#0"}}},{"from":[-4.125,0.05,6.16403],"to":[5.125,1.45,8.91403],"rotation":{"angle":-22.5,"axis":"y","origin":[-5,0.75,8.03903]},"faces":{"north":{"uv":[2,6.5,6.75,7.25],"texture":"#0"},"east":{"uv":[0,8.5,1.5,9.25],"texture":"#0"},"south":{"uv":[7,4.5,11.75,5.25],"texture":"#0"},"west":{"uv":[1.5,8.5,3,9.25],"texture":"#0"},"up":{"uv":[4.75,3.5,0,2],"texture":"#0"},"down":{"uv":[4.75,3.5,0,5],"texture":"#0"}}},{"from":[-4.125,0.125,7.08597],"to":[5.125,1.4,9.83597],"rotation":{"angle":22.5,"axis":"y","origin":[-5,0.75,7.96097]},"faces":{"north":{"uv":[7,5.5,11.75,6.25],"texture":"#0"},"east":{"uv":[3,8.5,4.5,9.25],"texture":"#0"},"south":{"uv":[7,6.5,11.75,7.25],"texture":"#0"},"west":{"uv":[4.5,8.5,6,9.25],"texture":"#0"},"up":{"uv":[4.75,6.5,0,5],"texture":"#0"},"down":{"uv":[9.75,2,5,3.5],"texture":"#0"}}},{"from":[-5.65145,0.275,7.06628],"to":[-4.00145,1.375,8.71628],"rotation":{"angle":45,"axis":"y","origin":[-4.52645,0.8125,7.59128]},"faces":{"north":{"uv":[9,8.5,9.75,9],"texture":"#0"},"east":{"uv":[9,9,9.75,9.5],"texture":"#0"},"south":{"uv":[0,9.5,0.75,10],"texture":"#0"},"west":{"uv":[1,9.5,1.75,10],"texture":"#0"},"up":{"uv":[6.75,9.25,6,8.5],"texture":"#0"},"down":{"uv":[7.75,8.5,7,9.25],"texture":"#0"}}}],"gui_light":"front","display":{"thirdperson_righthand":{"rotation":[50.5,0,0],"translation":[-5.5,5,3.75],"scale":[0.69531,0.69531,0.69531]},"thirdperson_lefthand":{"rotation":[50.5,0,0],"translation":[-5.5,5,3.75],"scale":[0.69531,0.69531,0.69531]},"firstperson_righthand":{"rotation":[21,0,0],"translation":[-9.5,7.25,-1]},"firstperson_lefthand":{"rotation":[21,0,0],"translation":[-9.5,7.25,-1]},"ground":{"translation":[0,7.75,0],"scale":[0.82227,0.82227,0.82227]},"gui":{"rotation":[90,-58,-24],"translation":[2.25,-2.5,0],"scale":[0.70508,0.70508,0.70508]},"head":{"translation":[-1.25,-17.5,0],"scale":[2.25,2.25,2.25]},"fixed":{"rotation":[90,90,0],"translation":[0,0,8.5],"scale":[1.38672,1.38672,1.38672]}}}