{"credit":"MadewithBlockbench","texture_size":[32,32],"textures":{"0":"ec_forgenfire:forgenfire_default/lava_still","particle":"ec_forgenfire:forgenfire_default/lava_still"},"elements":[{"from":[1.875,-0.55,10.66403],"to":[13.125,1.65,12.91403],"rotation":{"angle":0,"axis":"y","origin":[15,1,9.91403]},"faces":{"north":{"uv":[0,0,5.5,1],"texture":"#0"},"east":{"uv":[0,6,1,7],"texture":"#0"},"south":{"uv":[0,1,5.5,2],"texture":"#0"},"west":{"uv":[1,6,2,7],"texture":"#0"},"up":{"uv":[5.5,3,0,2],"texture":"#0"},"down":{"uv":[5.5,3,0,4],"texture":"#0"}}},{"from":[-5.125,0.05,5.66403],"to":[21.125,1.05,6.66403],"rotation":{"angle":0,"axis":"y","origin":[15,1,9.91403]},"faces":{"north":{"uv":[0,0,5.5,1],"texture":"#0"},"east":{"uv":[0,6,1,7],"texture":"#0"},"south":{"uv":[0,1,5.5,2],"texture":"#0"},"west":{"uv":[1,6,2,7],"texture":"#0"},"up":{"uv":[5.5,3,0,2],"texture":"#0"},"down":{"uv":[5.5,3,0,4],"texture":"#0"}}},{"from":[8.875,-0.45,10.16403],"to":[20.125,1.55,12.41403],"rotation":{"angle":22.5,"axis":"y","origin":[10.5,0.55,6.78903]},"faces":{"north":{"uv":[0,4,4.5,5],"texture":"#0"},"east":{"uv":[2,6,3,7],"texture":"#0"},"south":{"uv":[4.5,4,9,5],"texture":"#0"},"west":{"uv":[3,6,4,7],"texture":"#0"},"up":{"uv":[4.5,6,0,5],"texture":"#0"},"down":{"uv":[9,5,4.5,6],"texture":"#0"}}},{"from":[-4.125,-0.45,10.16403],"to":[7.125,1.55,12.41403],"rotation":{"angle":-22.5,"axis":"y","origin":[5.5,0.55,6.78903]},"faces":{"north":{"uv":[5.5,0,10,1],"texture":"#0"},"east":{"uv":[4,6,5,7],"texture":"#0"},"south":{"uv":[5.5,1,10,2],"texture":"#0"},"west":{"uv":[5,6,6,7],"texture":"#0"},"up":{"uv":[10,3,5.5,2],"texture":"#0"},"down":{"uv":[10,3,5.5,4],"texture":"#0"}}}],"gui_light":"front","display":{"thirdperson_righthand":{"rotation":[50.5,0,0],"translation":[-5.5,5,3.75],"scale":[0.69531,0.69531,0.69531]},"thirdperson_lefthand":{"rotation":[50.5,0,0],"translation":[-5.5,5,3.75],"scale":[0.69531,0.69531,0.69531]},"firstperson_righthand":{"rotation":[21,0,0],"translation":[-9.5,7.25,-1]},"firstperson_lefthand":{"rotation":[21,0,0],"translation":[-9.5,7.25,-1]},"ground":{"translation":[0,7.75,0],"scale":[0.82227,0.82227,0.82227]},"gui":{"rotation":[90,-58,-24],"translation":[2.25,-2.5,0],"scale":[0.70508,0.70508,0.70508]},"head":{"translation":[-1.25,-17.5,0],"scale":[2.25,2.25,2.25]},"fixed":{"rotation":[90,90,0],"translation":[0,0,8.5],"scale":[1.38672,1.38672,1.38672]}}}