{"credit":"MadewithBlockbench","texture_size":[32,32],"textures":{"0":"ec_forgenfire:forgenfire_default/lava_still","particle":"ec_forgenfire:forgenfire_default/lava_still"},"elements":[{"from":[14.7876,0,-0.91183],"to":[17.7876,2.5,2.08817],"rotation":{"angle":-45,"axis":"y","origin":[8.26961,0.9375,8.69454]},"faces":{"north":{"uv":[10,4.5,11.5,5.5],"texture":"#0"},"east":{"uv":[10,5.5,11.5,6.5],"texture":"#0"},"south":{"uv":[10,6.5,11.5,7.5],"texture":"#0"},"west":{"uv":[9.5,10,11,11],"texture":"#0"},"up":{"uv":[9.5,9.5,8,8],"texture":"#0"},"down":{"uv":[9.5,9.5,8,11],"texture":"#0"}}},{"from":[1.92862,0.25,7.88204],"to":[18.92862,2.25,9.63204],"rotation":{"angle":0,"axis":"y","origin":[8.26961,0.9375,8.69454]},"faces":{"north":{"uv":[0,0,11,1],"texture":"#0"},"east":{"uv":[6.5,10.5,7.5,11.5],"texture":"#0"},"south":{"uv":[0,1,11,2],"texture":"#0"},"west":{"uv":[11,1,12,2],"texture":"#0"},"up":{"uv":[11,3,0,2],"texture":"#0"},"down":{"uv":[11,3,0,4],"texture":"#0"}}},{"from":[-0.43204,0.45,4.91403],"to":[2.81796,2.8,12.91403],"rotation":{"angle":0,"axis":"y","origin":[0.69296,1,10.91403]},"faces":{"north":{"uv":[6.5,10.5,4,11],"texture":"#0"},"east":{"uv":[13.5,8,9.5,8.5],"texture":"#0"},"south":{"uv":[12.5,7.5,10,8],"texture":"#0"},"west":{"uv":[13.5,8.5,9.5,9],"texture":"#0"},"up":{"uv":[2.5,4,0,8],"texture":"#0"},"down":{"uv":[7.5,8,10,4],"texture":"#0"}}},{"from":[2.06796,0.55,-2.33597],"to":[5.31796,2.6,5.66403],"rotation":{"angle":-45,"axis":"y","origin":[1.19296,1.625,1.91403]},"faces":{"north":{"uv":[6.5,10.5,4,11],"texture":"#0"},"east":{"uv":[13.5,8,9.5,8.5],"texture":"#0"},"south":{"uv":[12.5,7.5,10,8],"texture":"#0"},"west":{"uv":[13.5,8.5,9.5,9],"texture":"#0"},"up":{"uv":[2.5,4,0,8],"texture":"#0"},"down":{"uv":[7.5,8,10,4],"texture":"#0"}}}],"gui_light":"front","display":{"thirdperson_righthand":{"rotation":[50.5,0,0],"translation":[-5.5,5,3.75],"scale":[0.69531,0.69531,0.69531]},"thirdperson_lefthand":{"rotation":[50.5,0,0],"translation":[-5.5,5,3.75],"scale":[0.69531,0.69531,0.69531]},"firstperson_righthand":{"rotation":[21,0,0],"translation":[-9.5,7.25,-1]},"firstperson_lefthand":{"rotation":[21,0,0],"translation":[-9.5,7.25,-1]},"ground":{"translation":[0,7.75,0],"scale":[0.82227,0.82227,0.82227]},"gui":{"rotation":[90,-44.75,0],"translation":[-0.25,0.25,0],"scale":[0.75781,0.75781,0.75781]},"head":{"translation":[-1.25,-17.5,0],"scale":[2.25,2.25,2.25]},"fixed":{"rotation":[90,90,0],"translation":[0,0,8.5],"scale":[1.38672,1.38672,1.38672]}}}