{"credit":"MadewithBlockbench","texture_size":[48,48],"textures":{"0":"ec_forgenfire:forgenfire_default/lava_still","particle":"ec_forgenfire:forgenfire_default/lava_still"},"elements":[{"from":[4.375,-0.45,8.66403],"to":[14.125,3.55,13.91403],"rotation":{"angle":0,"axis":"y","origin":[11.62869,1.425,11.27804]},"faces":{"north":{"uv":[7.33333,6.66667,10.66667,8],"texture":"#0"},"east":{"uv":[4.66667,9,6.5,10.33333],"texture":"#0"},"south":{"uv":[8.33333,2,11.66667,3.33333],"texture":"#0"},"west":{"uv":[9.33333,0,11.16667,1.33333],"texture":"#0"},"up":{"uv":[8,3.83333,4.66667,2],"texture":"#0"},"down":{"uv":[8,4.33333,4.66667,6.16667],"texture":"#0"}}},{"from":[10.19711,-0.2,1.73261],"to":[11.94711,2.8,4.73261],"rotation":{"angle":-22.5,"axis":"y","origin":[11.62869,1.425,11.27804]},"faces":{"north":{"uv":[11.66667,12,12.33333,13],"texture":"#0"},"east":{"uv":[1.66667,11,2.66667,12],"texture":"#0"},"south":{"uv":[0,12.33333,0.66667,13.33333],"texture":"#0"},"west":{"uv":[3,11,4,12],"texture":"#0"},"up":{"uv":[1.66667,13.33333,1,12.33333],"texture":"#0"},"down":{"uv":[2.66667,12.33333,2,13.33333],"texture":"#0"}}},{"from":[12.69711,-0.2,7.98261],"to":[14.94711,2.8,10.73261],"rotation":{"angle":-22.5,"axis":"y","origin":[11.62869,1.425,11.27804]},"faces":{"north":{"uv":[12,1.33333,12.83333,2.33333],"texture":"#0"},"east":{"uv":[6.33333,11.66667,7.33333,12.66667],"texture":"#0"},"south":{"uv":[12,2.66667,12.83333,3.66667],"texture":"#0"},"west":{"uv":[7.66667,11.66667,8.66667,12.66667],"texture":"#0"},"up":{"uv":[12.83333,5,12,4],"texture":"#0"},"down":{"uv":[5.16667,12,4.33333,13],"texture":"#0"}}},{"from":[4.375,-0.45,2.08597],"to":[14.125,3.55,7.33597],"rotation":{"angle":0,"axis":"y","origin":[1,1,-1.66403]},"faces":{"north":{"uv":[8.33333,3.66667,11.66667,5],"texture":"#0"},"east":{"uv":[7,10,8.83333,11.33333],"texture":"#0"},"south":{"uv":[7.33333,8.33333,10.66667,9.66667],"texture":"#0"},"west":{"uv":[9.33333,10,11.16667,11.33333],"texture":"#0"},"up":{"uv":[3.33333,8.5,0,6.66667],"texture":"#0"},"down":{"uv":[7,6.66667,3.66667,8.5],"texture":"#0"}}},{"from":[14.875,-0.25,2.58597],"to":[15.625,2.75,6.08597],"rotation":{"angle":0,"axis":"y","origin":[1,1,-1.66403]},"faces":{"north":{"uv":[13,0,13.33333,1],"texture":"#0"},"east":{"uv":[8.33333,5.33333,9.5,6.33333],"texture":"#0"},"south":{"uv":[13,5.33333,13.33333,6.33333],"texture":"#0"},"west":{"uv":[10,5.33333,11.16667,6.33333],"texture":"#0"},"up":{"uv":[6,13.16667,5.66667,12],"texture":"#0"},"down":{"uv":[6.66667,13,6.33333,14.16667],"texture":"#0"}}},{"from":[14.875,-0.25,9.91403],"to":[15.625,2.75,13.41403],"rotation":{"angle":0,"axis":"y","origin":[1,1,17.66403]},"faces":{"north":{"uv":[8.33333,13,8.66667,14],"texture":"#0"},"east":{"uv":[4.66667,10.66667,5.83333,11.66667],"texture":"#0"},"south":{"uv":[9,13,9.33333,14],"texture":"#0"},"west":{"uv":[0,11,1.16667,12],"texture":"#0"},"up":{"uv":[7.33333,14.16667,7,13],"texture":"#0"},"down":{"uv":[8,13,7.66667,14.16667],"texture":"#0"}}},{"from":[-0.875,-0.7,1.58597],"to":[4.375,3.55,14.33597],"rotation":{"angle":0,"axis":"y","origin":[1,1,-1.66403]},"faces":{"north":{"uv":[0,9,1.83333,10.5],"texture":"#0"},"east":{"uv":[0,4.66667,4.33333,6.16667],"texture":"#0"},"south":{"uv":[2.33333,9,4.16667,10.5],"texture":"#0"},"west":{"uv":[4.66667,0,9,1.5],"texture":"#0"},"up":{"uv":[1.83333,4.33333,0,0],"texture":"#0"},"down":{"uv":[4.16667,0,2.33333,4.33333],"texture":"#0"}}},{"from":[12.625,-0.2,3.51403],"to":[14.875,2.8,6.26403],"rotation":{"angle":22.5,"axis":"y","origin":[16,1.3,3.66403]},"faces":{"north":{"uv":[9,11.66667,9.83333,12.66667],"texture":"#0"},"east":{"uv":[11,6.66667,12,7.66667],"texture":"#0"},"south":{"uv":[11.66667,9.33333,12.5,10.33333],"texture":"#0"},"west":{"uv":[11,8,12,9],"texture":"#0"},"up":{"uv":[11.16667,12.66667,10.33333,11.66667],"texture":"#0"},"down":{"uv":[12.5,10.66667,11.66667,11.66667],"texture":"#0"}}},{"from":[10.125,-0.2,9.51403],"to":[11.875,2.8,12.51403],"rotation":{"angle":22.5,"axis":"y","origin":[16,1.3,3.66403]},"faces":{"north":{"uv":[3,12.33333,3.66667,13.33333],"texture":"#0"},"east":{"uv":[11.66667,0,12.66667,1],"texture":"#0"},"south":{"uv":[12.33333,6.66667,13,7.66667],"texture":"#0"},"west":{"uv":[11.66667,5.33333,12.66667,6.33333],"texture":"#0"},"up":{"uv":[13,9,12.33333,8],"texture":"#0"},"down":{"uv":[13.33333,12,12.66667,13],"texture":"#0"}}}],"gui_light":"front","display":{"thirdperson_righthand":{"rotation":[50.5,0,0],"translation":[-5.5,5,3.75],"scale":[0.69531,0.69531,0.69531]},"thirdperson_lefthand":{"rotation":[50.5,0,0],"translation":[-5.5,5,3.75],"scale":[0.69531,0.69531,0.69531]},"firstperson_righthand":{"rotation":[21,0,0],"translation":[-9.5,7.25,-1]},"firstperson_lefthand":{"rotation":[21,0,0],"translation":[-9.5,7.25,-1]},"ground":{"translation":[0,7.75,0],"scale":[0.82227,0.82227,0.82227]},"gui":{"rotation":[90,-44.75,0],"translation":[0.5,-0.5,0],"scale":[0.75781,0.75781,0.75781]},"head":{"translation":[-1.25,-17.5,0],"scale":[2.25,2.25,2.25]},"fixed":{"rotation":[90,90,0],"translation":[0,0,8.5],"scale":[1.38672,1.38672,1.38672]}}}