{"credit":"MadewithBlockbench","texture_size":[32,32],"textures":{"0":"ec_forgenfire:forgenfire_default/lava_still","particle":"ec_forgenfire:forgenfire_default/lava_still"},"elements":[{"from":[19.43046,-0.05,6.48725],"to":[22.18046,1.65,9.23725],"rotation":{"angle":-45,"axis":"y","origin":[20.80546,0.8,7.86225]},"faces":{"north":{"uv":[9,11,10.5,12],"texture":"#0"},"east":{"uv":[10.5,11,12,12],"texture":"#0"},"south":{"uv":[11.5,10,13,11],"texture":"#0"},"west":{"uv":[12,4,13.5,5],"texture":"#0"},"up":{"uv":[6,9.5,4.5,8],"texture":"#0"},"down":{"uv":[6,11,4.5,12.5],"texture":"#0"}}},{"from":[-5.125,0.15,6.66403],"to":[20.125,2.35,8.91403],"rotation":{"angle":0,"axis":"y","origin":[15,1,9.91403]},"faces":{"north":{"uv":[0,0,12.5,1],"texture":"#0"},"east":{"uv":[9,12,10,13],"texture":"#0"},"south":{"uv":[0,1,12.5,2],"texture":"#0"},"west":{"uv":[10,12,11,13],"texture":"#0"},"up":{"uv":[12.5,3,0,2],"texture":"#0"},"down":{"uv":[12.5,3,0,4],"texture":"#0"}}},{"from":[-4.125,-0.1,1.66403],"to":[-0.875,2.6,13.91403],"rotation":{"angle":0,"axis":"y","origin":[15,1,9.91403]},"faces":{"north":{"uv":[6,11,7.5,12.5],"texture":"#0"},"east":{"uv":[0,4,6,5.5],"texture":"#0"},"south":{"uv":[7.5,11,9,12.5],"texture":"#0"},"west":{"uv":[0,5.5,6,7],"texture":"#0"},"up":{"uv":[7.5,10,6,4],"texture":"#0"},"down":{"uv":[1.5,7,0,13],"texture":"#0"}}},{"from":[-5.375,0.15,0.66403],"to":[-3.125,2.1,9.16403],"rotation":{"angle":-45,"axis":"y","origin":[4.5,1.25,7.78903]},"faces":{"north":{"uv":[11,12,12,13],"texture":"#0"},"east":{"uv":[1.5,7,6,8],"texture":"#0"},"south":{"uv":[12,11,13,12],"texture":"#0"},"west":{"uv":[7.5,4,12,5],"texture":"#0"},"up":{"uv":[8.5,9.5,7.5,5],"texture":"#0"},"down":{"uv":[2.5,8,1.5,12.5],"texture":"#0"}}},{"from":[-3.125,1.9,1.16403],"to":[10.875,2.6,1.91403],"rotation":{"angle":-45,"axis":"y","origin":[4.5,1.25,7.78903]},"faces":{"north":{"uv":[8.5,7,15.5,7.5],"texture":"#0"},"east":{"uv":[4.5,9.5,5,10],"texture":"#0"},"south":{"uv":[8.5,7.5,15.5,8],"texture":"#0"},"west":{"uv":[5,9.5,5.5,10],"texture":"#0"},"up":{"uv":[15.5,8.5,8.5,8],"texture":"#0"},"down":{"uv":[15.5,8.5,8.5,9],"texture":"#0"}}},{"from":[-3.125,1.9,14.08597],"to":[10.875,2.6,14.83597],"rotation":{"angle":45,"axis":"y","origin":[4.5,1.25,8.21097]},"faces":{"north":{"uv":[8.5,9,15.5,9.5],"texture":"#0"},"east":{"uv":[5.5,9.5,6,10],"texture":"#0"},"south":{"uv":[7.5,9.5,14.5,10],"texture":"#0"},"west":{"uv":[12.5,1,13,1.5],"texture":"#0"},"up":{"uv":[11.5,10.5,4.5,10],"texture":"#0"},"down":{"uv":[11.5,10.5,4.5,11],"texture":"#0"}}},{"from":[-5.375,0.15,6.83597],"to":[-3.125,2.1,15.33597],"rotation":{"angle":45,"axis":"y","origin":[4.5,1.25,8.21097]},"faces":{"north":{"uv":[12,12,13,13],"texture":"#0"},"east":{"uv":[8.5,5,13,6],"texture":"#0"},"south":{"uv":[12.5,0,13.5,1],"texture":"#0"},"west":{"uv":[8.5,6,13,7],"texture":"#0"},"up":{"uv":[3.5,12.5,2.5,8],"texture":"#0"},"down":{"uv":[4.5,8,3.5,12.5],"texture":"#0"}}}],"gui_light":"front","display":{"thirdperson_righthand":{"rotation":[50.5,0,0],"translation":[-5.5,5,3.75],"scale":[0.69531,0.69531,0.69531]},"thirdperson_lefthand":{"rotation":[50.5,0,0],"translation":[-5.5,5,3.75],"scale":[0.69531,0.69531,0.69531]},"firstperson_righthand":{"rotation":[21,0,0],"translation":[-9.5,7.25,-1]},"firstperson_lefthand":{"rotation":[21,0,0],"translation":[-9.5,7.25,-1]},"ground":{"translation":[0,7.75,0],"scale":[0.82227,0.82227,0.82227]},"gui":{"rotation":[90,-58,-24],"translation":[2.25,-2.5,0],"scale":[0.70508,0.70508,0.70508]},"head":{"translation":[-1.25,-17.5,0],"scale":[2.25,2.25,2.25]},"fixed":{"rotation":[90,90,0],"translation":[0,0,8.5],"scale":[1.38672,1.38672,1.38672]}}}