{"credit":"MadewithBlockbench","texture_size":[32,32],"textures":{"0":"ec_forgenfire:forgenfire_default/lava_still","particle":"ec_forgenfire:forgenfire_default/lava_still"},"elements":[{"from":[1.875,-0.45,1.91403],"to":[13.125,3.05,13.91403],"rotation":{"angle":0,"axis":"y","origin":[15,1,10.91403]},"faces":{"north":{"uv":[0,9.5,5.5,11.5],"texture":"#0"},"east":{"uv":[7,6,13,8],"texture":"#0"},"south":{"uv":[5.5,10,11,12],"texture":"#0"},"west":{"uv":[7,8,13,10],"texture":"#0"},"up":{"uv":[5.5,6,0,0],"texture":"#0"},"down":{"uv":[11,0,5.5,6],"texture":"#0"}}},{"from":[9.75,-0.25,3.93903],"to":[16.75,2.85,11.18903],"rotation":{"angle":45,"axis":"y","origin":[13.5,1.3,7.91403]},"faces":{"north":{"uv":[11,0,14.5,1.5],"texture":"#0"},"east":{"uv":[11,1.5,14.5,3],"texture":"#0"},"south":{"uv":[11,3,14.5,4.5],"texture":"#0"},"west":{"uv":[11,4.5,14.5,6],"texture":"#0"},"up":{"uv":[3.5,9.5,0,6],"texture":"#0"},"down":{"uv":[7,6,3.5,9.5],"texture":"#0"}}},{"from":[1.125,-0.2,8.16403],"to":[3.375,2.8,12.91403],"rotation":{"angle":-22.5,"axis":"y","origin":[0,1.3,10.41403]},"faces":{"north":{"uv":[9,12,10,13.5],"texture":"#0"},"east":{"uv":[11,10,13.5,11.5],"texture":"#0"},"south":{"uv":[10,12,11,13.5],"texture":"#0"},"west":{"uv":[0,11.5,2.5,13],"texture":"#0"},"up":{"uv":[6,14.5,5,12],"texture":"#0"},"down":{"uv":[7,12,6,14.5],"texture":"#0"}}},{"from":[1.125,-0.2,3.08597],"to":[3.375,2.8,7.83597],"rotation":{"angle":22.5,"axis":"y","origin":[0,1.3,5.58597]},"faces":{"north":{"uv":[0,13,1,14.5],"texture":"#0"},"east":{"uv":[2.5,11.5,5,13],"texture":"#0"},"south":{"uv":[1,13,2,14.5],"texture":"#0"},"west":{"uv":[11,11.5,13.5,13],"texture":"#0"},"up":{"uv":[8,14.5,7,12],"texture":"#0"},"down":{"uv":[9,12,8,14.5],"texture":"#0"}}}],"gui_light":"front","display":{"thirdperson_righthand":{"rotation":[50.5,0,0],"translation":[-5.5,5,3.75],"scale":[0.69531,0.69531,0.69531]},"thirdperson_lefthand":{"rotation":[50.5,0,0],"translation":[-5.5,5,3.75],"scale":[0.69531,0.69531,0.69531]},"firstperson_righthand":{"rotation":[21,0,0],"translation":[-9.5,7.25,-1]},"firstperson_lefthand":{"rotation":[21,0,0],"translation":[-9.5,7.25,-1]},"ground":{"translation":[0,7.75,0],"scale":[0.82227,0.82227,0.82227]},"gui":{"rotation":[90,-58,-24],"translation":[2.25,-2.5,0],"scale":[0.70508,0.70508,0.70508]},"head":{"translation":[-1.25,-17.5,0],"scale":[2.25,2.25,2.25]},"fixed":{"rotation":[90,90,0],"translation":[0,0,8.5],"scale":[1.38672,1.38672,1.38672]}}}