{
	"credit": "MadewithBlockbench",
	"texture_size": [32, 32],
	"textures": {
		"0": "ec_forgenfire:forgenfire_default/lava_still",
		"particle": "ec_forgenfire:forgenfire_default/lava_still"
	},
	"elements": [
		{
			"from": [5.875, 0.15, 4.16403],
			"to": [15.125, 4.6, 10.16403],
			"rotation": {"angle": 0, "axis": "y", "origin": [9, 1, 5.91403]},
			"faces": {
				"north": {"uv": [7.5, 2.5, 11.5, 4.5], "texture": "#0"},
				"east": {"uv": [7.5, 8.5, 10.5, 10.5], "texture": "#0"},
				"south": {"uv": [3.5, 8.5, 7.5, 10.5], "texture": "#0"},
				"west": {"uv": [0, 9.5, 3, 11.5], "texture": "#0"},
				"up": {"uv": [7.5, 3, 3.5, 0], "texture": "#0"},
				"down": {"uv": [7.5, 3, 3.5, 6], "texture": "#0"}
			}
		},
		{
			"from": [-0.125, 0.4, 4.16403],
			"to": [7.125, 5.35, 10.91403],
			"rotation": {"angle": -45, "axis": "y", "origin": [4, 2.125, 7.53903]},
			"faces": {
				"north": {"uv": [3.5, 6, 7, 8.5], "texture": "#0"},
				"east": {"uv": [0, 7, 3.5, 9.5], "texture": "#0"},
				"south": {"uv": [7, 6, 10.5, 8.5], "texture": "#0"},
				"west": {"uv": [7.5, 0, 11, 2.5], "texture": "#0"},
				"up": {"uv": [3.5, 3.5, 0, 0], "texture": "#0"},
				"down": {"uv": [3.5, 3.5, 0, 7], "texture": "#0"}
			}
		},
		{
			"from": [-1.5, 1.4, 10.28903],
			"to": [3.5, 3.85, 12.03903],
			"rotation": {"angle": 22.5, "axis": "y", "origin": [2, 1.625, 11.41403]},
			"faces": {
				"north": {"uv": [0, 11.5, 2.5, 12.5], "texture": "#0"},
				"east": {"uv": [2.5, 12.5, 3.5, 13.5], "texture": "#0"},
				"south": {"uv": [11.5, 2, 14, 3], "texture": "#0"},
				"west": {"uv": [3.5, 12.5, 4.5, 13.5], "texture": "#0"},
				"up": {"uv": [5, 12.5, 2.5, 11.5], "texture": "#0"},
				"down": {"uv": [14, 3, 11.5, 4], "texture": "#0"}
			}
		},
		{
			"from": [2.76118, 1.4, 0.36374],
			"to": [7.76118, 3.85, 2.11374],
			"rotation": {"angle": -45, "axis": "y", "origin": [2.51118, 2, 0.73874]},
			"faces": {
				"north": {"uv": [5, 11.5, 7.5, 12.5], "texture": "#0"},
				"east": {"uv": [10.5, 12.5, 11.5, 13.5], "texture": "#0"},
				"south": {"uv": [7.5, 11.5, 10, 12.5], "texture": "#0"},
				"west": {"uv": [11.5, 12.5, 12.5, 13.5], "texture": "#0"},
				"up": {"uv": [12.5, 12.5, 10, 11.5], "texture": "#0"},
				"down": {"uv": [2.5, 12.5, 0, 13.5], "texture": "#0"}
			}
		},
		{
			"from": [-4.81507, 1.4, 8.47148],
			"to": [2.43493, 3.85, 10.47148],
			"rotation": {"angle": 0, "axis": "y", "origin": [-2.71507, 2, 13.09648]},
			"faces": {
				"north": {"uv": [7.5, 4.5, 11, 5.5], "texture": "#0"},
				"east": {"uv": [4.5, 12.5, 5.5, 13.5], "texture": "#0"},
				"south": {"uv": [3, 10.5, 6.5, 11.5], "texture": "#0"},
				"west": {"uv": [5.5, 12.5, 6.5, 13.5], "texture": "#0"},
				"up": {"uv": [14, 6.5, 10.5, 5.5], "texture": "#0"},
				"down": {"uv": [10, 10.5, 6.5, 11.5], "texture": "#0"}
			}
		},
		{
			"from": [-4.81507, 1.4, 3.87148],
			"to": [2.43493, 3.85, 5.87148],
			"rotation": {"angle": 0, "axis": "y", "origin": [-2.71507, 2, 13.09648]},
			"faces": {
				"north": {"uv": [10.5, 6.5, 14, 7.5], "texture": "#0"},
				"east": {"uv": [8.5, 12.5, 9.5, 13.5], "texture": "#0"},
				"south": {"uv": [10.5, 7.5, 14, 8.5], "texture": "#0"},
				"west": {"uv": [9.5, 12.5, 10.5, 13.5], "texture": "#0"},
				"up": {"uv": [14, 9.5, 10.5, 8.5], "texture": "#0"},
				"down": {"uv": [14, 9.5, 10.5, 10.5], "texture": "#0"}
			}
		},
		{
			"from": [-5.56507, 1.4, 6.22148],
			"to": [0.68493, 3.85, 8.22148],
			"rotation": {"angle": 0, "axis": "y", "origin": [-2.71507, 2, 13.09648]},
			"faces": {
				"north": {"uv": [10, 10.5, 13, 11.5], "texture": "#0"},
				"east": {"uv": [6.5, 12.5, 7.5, 13.5], "texture": "#0"},
				"south": {"uv": [11, 0, 14, 1], "texture": "#0"},
				"west": {"uv": [7.5, 12.5, 8.5, 13.5], "texture": "#0"},
				"up": {"uv": [14, 2, 11, 1], "texture": "#0"},
				"down": {"uv": [14, 4.5, 11, 5.5], "texture": "#0"}
			}
		}
	],
	"gui_light": "front",
	"display": {
		"thirdperson_righthand": {
			"rotation": [50.5, 0, 0],
			"translation": [-5.5, 5, 3.75],
			"scale": [0.69531, 0.69531, 0.69531]
		},
		"thirdperson_lefthand": {
			"rotation": [50.5, 0, 0],
			"translation": [-5.5, 5, 3.75],
			"scale": [0.69531, 0.69531, 0.69531]
		},
		"firstperson_righthand": {
			"rotation": [21, 0, 0],
			"translation": [-9.5, 7.25, -1]
		},
		"firstperson_lefthand": {
			"rotation": [21, 0, 0],
			"translation": [-9.5, 7.25, -1]
		},
		"ground": {
			"translation": [0, 7.75, 0],
			"scale": [0.82227, 0.82227, 0.82227]
		},
		"gui": {
			"rotation": [90, -58, -24],
			"translation": [2.25, -2.5, 0],
			"scale": [0.70508, 0.70508, 0.70508]
		},
		"head": {
			"translation": [-1.25, -17.5, 0],
			"scale": [2.25, 2.25, 2.25]
		},
		"fixed": {
			"rotation": [90, 90, 0],
			"translation": [0, 0, 8.5],
			"scale": [1.38672, 1.38672, 1.38672]
		}
	}
}