{"credit":"MadewithBlockbench","texture_size":[32,32],"textures":{"0":"ec_forgenfire:forgenfire_default/lava_still","particle":"ec_forgenfire:forgenfire_default/lava_still"},"elements":[{"from":[14.7876,0,-0.91183],"to":[17.7876,2,2.08817],"rotation":{"angle":-45,"axis":"y","origin":[8.26961,0.9375,8.69454]},"faces":{"north":{"uv":[8,6,9.5,7],"texture":"#0"},"east":{"uv":[6.5,8,8,9],"texture":"#0"},"south":{"uv":[8,7,9.5,8],"texture":"#0"},"west":{"uv":[8,8,9.5,9],"texture":"#0"},"up":{"uv":[9.5,3.5,8,2],"texture":"#0"},"down":{"uv":[6.5,8,5,9.5],"texture":"#0"}}},{"from":[12.92862,0.25,7.88204],"to":[18.92862,1.75,9.63204],"rotation":{"angle":0,"axis":"y","origin":[8.26961,0.9375,8.69454]},"faces":{"north":{"uv":[5,7,8,8],"texture":"#0"},"east":{"uv":[4,9,5,10],"texture":"#0"},"south":{"uv":[7,5,10,6],"texture":"#0"},"west":{"uv":[6.5,9,7.5,10],"texture":"#0"},"up":{"uv":[11,1,8,0],"texture":"#0"},"down":{"uv":[11,1,8,2],"texture":"#0"}}},{"from":[10.92862,0.25,4.88204],"to":[12.92862,1.75,12.63204],"rotation":{"angle":0,"axis":"y","origin":[8.26961,0.9375,8.69454]},"faces":{"north":{"uv":[7.5,9,8.5,10],"texture":"#0"},"east":{"uv":[0,6,4,7],"texture":"#0"},"south":{"uv":[8.5,9,9.5,10],"texture":"#0"},"west":{"uv":[4,6,8,7],"texture":"#0"},"up":{"uv":[1,11,0,7],"texture":"#0"},"down":{"uv":[8,0,7,4],"texture":"#0"}}},{"from":[-3.07138,0.5,5.88204],"to":[10.92862,1.25,11.63204],"rotation":{"angle":0,"axis":"y","origin":[8.26961,0.9375,8.69454]},"faces":{"north":{"uv":[7,4,14,4.5],"texture":"#0"},"east":{"uv":[8,3.5,11,4],"texture":"#0"},"south":{"uv":[7,4.5,14,5],"texture":"#0"},"west":{"uv":[1,9,4,9.5],"texture":"#0"},"up":{"uv":[7,3,0,0],"texture":"#0"},"down":{"uv":[7,3,0,6],"texture":"#0"}}},{"from":[-1.74838,0.575,14.67592],"to":[2.35162,1.175,18.80092],"rotation":{"angle":-45,"axis":"y","origin":[8.26961,0.9375,8.69454]},"faces":{"north":{"uv":[1,9.5,3,10],"texture":"#0"},"east":{"uv":[9.5,2,11.5,2.5],"texture":"#0"},"south":{"uv":[9.5,2.5,11.5,3],"texture":"#0"},"west":{"uv":[9.5,3,11.5,3.5],"texture":"#0"},"up":{"uv":[3,9,1,7],"texture":"#0"},"down":{"uv":[5,7,3,9],"texture":"#0"}}}],"gui_light":"front","display":{"thirdperson_righthand":{"rotation":[50.5,0,0],"translation":[-5.5,5,3.75],"scale":[0.69531,0.69531,0.69531]},"thirdperson_lefthand":{"rotation":[50.5,0,0],"translation":[-5.5,5,3.75],"scale":[0.69531,0.69531,0.69531]},"firstperson_righthand":{"rotation":[21,0,0],"translation":[-9.5,7.25,-1]},"firstperson_lefthand":{"rotation":[21,0,0],"translation":[-9.5,7.25,-1]},"ground":{"translation":[0,7.75,0],"scale":[0.82227,0.82227,0.82227]},"gui":{"rotation":[90,-44.75,0],"translation":[0.5,0.25,0],"scale":[0.75781,0.75781,0.75781]},"head":{"translation":[-1.25,-17.5,0],"scale":[2.25,2.25,2.25]},"fixed":{"rotation":[90,90,0],"translation":[0,0,8.5],"scale":[1.38672,1.38672,1.38672]}}}