{"credit":"MadewithBlockbench","texture_size":[64,64],"textures":{"0":"ec_forgenfire:forgenfire_default/lava_still","particle":"ec_forgenfire:forgenfire_default/lava_still"},"elements":[{"from":[21.19822,-0.05,5.60857],"to":[23.94822,1.65,8.35857],"rotation":{"angle":45,"axis":"y","origin":[22.57322,0.8,9.98357]},"faces":{"north":{"uv":[1.5,5.5,2.25,6],"texture":"#0"},"east":{"uv":[2.25,5.5,3,6],"texture":"#0"},"south":{"uv":[3,5.5,3.75,6],"texture":"#0"},"west":{"uv":[3.75,5.5,4.5,6],"texture":"#0"},"up":{"uv":[0.75,6.25,0,5.5],"texture":"#0"},"down":{"uv":[1.5,5.5,0.75,6.25],"texture":"#0"}}},{"from":[-4.125,0.15,7.16403],"to":[20.125,1.35,8.41403],"rotation":{"angle":0,"axis":"y","origin":[15,1,9.91403]},"faces":{"north":{"uv":[3,4,9,4.25],"texture":"#0"},"east":{"uv":[1.5,6,1.75,6.25],"texture":"#0"},"south":{"uv":[3,4.25,9,4.5],"texture":"#0"},"west":{"uv":[1.75,6,2,6.25],"texture":"#0"},"up":{"uv":[9,4.75,3,4.5],"texture":"#0"},"down":{"uv":[6,4.75,0,5],"texture":"#0"}}},{"from":[-4.125,0.15,6.16403],"to":[8.125,2.35,9.41403],"rotation":{"angle":0,"axis":"y","origin":[15,1,9.91403]},"faces":{"north":{"uv":[0,5,3,5.5],"texture":"#0"},"east":{"uv":[4.5,5.5,5.25,6],"texture":"#0"},"south":{"uv":[3,5,6,5.5],"texture":"#0"},"west":{"uv":[5.25,5.5,6,6],"texture":"#0"},"up":{"uv":[6,3.25,3,2.5],"texture":"#0"},"down":{"uv":[6,3.25,3,4],"texture":"#0"}}},{"from":[-2.47065,-0.85,0.41266],"to":[3.77935,4.35,14.66266],"rotation":{"angle":0,"axis":"y","origin":[-1.84565,0.75,9.53766]},"faces":{"north":{"uv":[0,3.5,1.5,4.75],"texture":"#0"},"east":{"uv":[3,0,6.5,1.25],"texture":"#0"},"south":{"uv":[1.5,3.5,3,4.75],"texture":"#0"},"west":{"uv":[3,1.25,6.5,2.5],"texture":"#0"},"up":{"uv":[1.5,3.5,0,0],"texture":"#0"},"down":{"uv":[3,0,1.5,3.5],"texture":"#0"}}}],"gui_light":"front","display":{"thirdperson_righthand":{"rotation":[50.5,0,0],"translation":[-5.5,5,3.75],"scale":[0.69531,0.69531,0.69531]},"thirdperson_lefthand":{"rotation":[50.5,0,0],"translation":[-5.5,5,3.75],"scale":[0.69531,0.69531,0.69531]},"firstperson_righthand":{"rotation":[21,0,0],"translation":[-9.5,7.25,-1]},"firstperson_lefthand":{"rotation":[21,0,0],"translation":[-9.5,7.25,-1]},"ground":{"translation":[0,7.75,0],"scale":[0.82227,0.82227,0.82227]},"gui":{"rotation":[90,-58,-24],"translation":[2.25,-2.5,0],"scale":[0.70508,0.70508,0.70508]},"head":{"translation":[-1.25,-17.5,0],"scale":[2.25,2.25,2.25]},"fixed":{"rotation":[90,90,0],"translation":[0,0,8.5],"scale":[1.38672,1.38672,1.38672]}}}