{
	"credit": "MadewithBlockbench",
	"texture_size": [64, 64],
	"textures": {
		"0": "ec_forgenfire:forgenfire_default/lava_still",
		"particle": "ec_forgenfire:forgenfire_default/lava_still"
	},
	"elements": [
		{
			"from": [19.375, -0.35, 7.91403],
			"to": [24.625, 3.85, 13.16403],
			"rotation": {"angle": -45, "axis": "y", "origin": [24, 1.375, 9.16403]},
			"faces": {
				"north": {"uv": [2.5, 4.75, 3.75, 5.75], "texture": "#0"},
				"east": {"uv": [3.75, 4.75, 5, 5.75], "texture": "#0"},
				"south": {"uv": [5, 4.75, 6.25, 5.75], "texture": "#0"},
				"west": {"uv": [0, 5.25, 1.25, 6.25], "texture": "#0"},
				"up": {"uv": [1.25, 5.25, 0, 4], "texture": "#0"},
				"down": {"uv": [2.5, 4, 1.25, 5.25], "texture": "#0"}
			}
		},
		{
			"from": [-0.125, 0.15, 2.66403],
			"to": [21.125, 2.6, 4.66403],
			"rotation": {"angle": -22.5, "axis": "y", "origin": [10.5, 1.375, 8.66403]},
			"faces": {
				"north": {"uv": [0, 0, 5.25, 0.5], "texture": "#0"},
				"east": {"uv": [4.25, 5.75, 4.75, 6.25], "texture": "#0"},
				"south": {"uv": [0, 0.5, 5.25, 1], "texture": "#0"},
				"west": {"uv": [4.75, 5.75, 5.25, 6.25], "texture": "#0"},
				"up": {"uv": [5.25, 1.5, 0, 1], "texture": "#0"},
				"down": {"uv": [5.25, 1.5, 0, 2], "texture": "#0"}
			}
		},
		{
			"from": [-1.06808, 0.65, -1.42682],
			"to": [1.18192, 2.85, 8.82318],
			"rotation": {"angle": -45, "axis": "y", "origin": [1.30692, 1.75, 3.69818]},
			"faces": {
				"north": {"uv": [5.25, 5.75, 5.75, 6.25], "texture": "#0"},
				"east": {"uv": [5.25, 0, 7.75, 0.5], "texture": "#0"},
				"south": {"uv": [5.75, 5.75, 6.25, 6.25], "texture": "#0"},
				"west": {"uv": [5.25, 0.5, 7.75, 1], "texture": "#0"},
				"up": {"uv": [5.75, 3.5, 5.25, 1], "texture": "#0"},
				"down": {"uv": [1.75, 5.25, 1.25, 7.75], "texture": "#0"}
			}
		},
		{
			"from": [-4.1946, 0.4, 5.68193],
			"to": [-1.9446, 3.1, 12.18193],
			"rotation": {"angle": 0, "axis": "y", "origin": [-3.8196, 1.75, 7.05693]},
			"faces": {
				"north": {"uv": [3.25, 5.75, 3.75, 6.5], "texture": "#0"},
				"east": {"uv": [2.5, 4, 4.25, 4.75], "texture": "#0"},
				"south": {"uv": [3.75, 5.75, 4.25, 6.5], "texture": "#0"},
				"west": {"uv": [4.25, 4, 6, 4.75], "texture": "#0"},
				"up": {"uv": [6.25, 3.25, 5.75, 1.5], "texture": "#0"},
				"down": {"uv": [3.25, 5.75, 2.75, 7.5], "texture": "#0"}
			}
		},
		{
			"from": [-1.8289, 0.65, 8.12925],
			"to": [0.4211, 2.85, 18.37925],
			"rotation": {"angle": 45, "axis": "y", "origin": [1.5461, 1.75, 12.87925]},
			"faces": {
				"north": {"uv": [0.5, 6.25, 1, 6.75], "texture": "#0"},
				"east": {"uv": [5.25, 3.5, 7.75, 4], "texture": "#0"},
				"south": {"uv": [6.25, 1.5, 6.75, 2], "texture": "#0"},
				"west": {"uv": [5.75, 1, 8.25, 1.5], "texture": "#0"},
				"up": {"uv": [2.25, 7.75, 1.75, 5.25], "texture": "#0"},
				"down": {"uv": [2.75, 5.75, 2.25, 8.25], "texture": "#0"}
			}
		},
		{
			"from": [-0.125, 0.15, 12.33597],
			"to": [21.125, 2.6, 14.33597],
			"rotation": {"angle": 22.5, "axis": "y", "origin": [10.5, 1.375, 7.33597]},
			"faces": {
				"north": {"uv": [0, 2, 5.25, 2.5], "texture": "#0"},
				"east": {"uv": [6, 4, 6.5, 4.5], "texture": "#0"},
				"south": {"uv": [0, 2.5, 5.25, 3], "texture": "#0"},
				"west": {"uv": [0, 6.25, 0.5, 6.75], "texture": "#0"},
				"up": {"uv": [5.25, 3.5, 0, 3], "texture": "#0"},
				"down": {"uv": [5.25, 3.5, 0, 4], "texture": "#0"}
			}
		}
	],
	"gui_light": "front",
	"display": {
		"thirdperson_righthand": {
			"rotation": [50.5, 0, 0],
			"translation": [-5.5, 5, 3.75],
			"scale": [0.69531, 0.69531, 0.69531]
		},
		"thirdperson_lefthand": {
			"rotation": [50.5, 0, 0],
			"translation": [-5.5, 5, 3.75],
			"scale": [0.69531, 0.69531, 0.69531]
		},
		"firstperson_righthand": {
			"rotation": [21, 0, 0],
			"translation": [-9.5, 7.25, -1]
		},
		"firstperson_lefthand": {
			"rotation": [21, 0, 0],
			"translation": [-9.5, 7.25, -1]
		},
		"ground": {
			"translation": [0, 7.75, 0],
			"scale": [0.82227, 0.82227, 0.82227]
		},
		"gui": {
			"rotation": [90, -58, -24],
			"translation": [2.25, -2.5, 0],
			"scale": [0.70508, 0.70508, 0.70508]
		},
		"head": {
			"translation": [-1.25, -17.5, 0],
			"scale": [2.25, 2.25, 2.25]
		},
		"fixed": {
			"rotation": [90, 90, 0],
			"translation": [0, 0, 8.5],
			"scale": [1.38672, 1.38672, 1.38672]
		}
	}
}