{"credit":"MadewithBlockbench","texture_size":[32,32],"textures":{"0":"ec_forgenfire:forgenfire_default/lava_still","particle":"ec_forgenfire:forgenfire_default/lava_still"},"elements":[{"from":[19.43046,-0.05,6.48725],"to":[22.18046,1.65,9.23725],"rotation":{"angle":-45,"axis":"y","origin":[20.80546,0.8,7.86225]},"faces":{"north":{"uv":[6.5,3.5,8,4.5],"texture":"#0"},"east":{"uv":[5.5,6.5,7,7.5],"texture":"#0"},"south":{"uv":[0,7,1.5,8],"texture":"#0"},"west":{"uv":[3,7,4.5,8],"texture":"#0"},"up":{"uv":[6.5,5,5,3.5],"texture":"#0"},"down":{"uv":[4.5,5.5,3,7],"texture":"#0"}}},{"from":[-4.125,0.15,7.16403],"to":[20.125,1.35,8.41403],"rotation":{"angle":0,"axis":"y","origin":[15,1,9.91403]},"faces":{"north":{"uv":[0,0,12,0.5],"texture":"#0"},"east":{"uv":[1,8,1.5,8.5],"texture":"#0"},"south":{"uv":[0,0.5,12,1],"texture":"#0"},"west":{"uv":[4,8,4.5,8.5],"texture":"#0"},"up":{"uv":[12,1.5,0,1],"texture":"#0"},"down":{"uv":[12,1.5,0,2],"texture":"#0"}}},{"from":[-1.625,0.15,0.66403],"to":[-0.375,1.35,10.91403],"rotation":{"angle":22.5,"axis":"y","origin":[8,0.75,9.78903]},"faces":{"north":{"uv":[8,8,8.5,8.5],"texture":"#0"},"east":{"uv":[2,5,7,5.5],"texture":"#0"},"south":{"uv":[0,8.5,0.5,9],"texture":"#0"},"west":{"uv":[5,2,10,2.5],"texture":"#0"},"up":{"uv":[2.5,10.5,2,5.5],"texture":"#0"},"down":{"uv":[3,5.5,2.5,10.5],"texture":"#0"}}},{"from":[-2.27931,0.05,-2.54069],"to":[-1.02931,1.45,5.70931],"rotation":{"angle":-22.5,"axis":"y","origin":[-1.65431,0.75,0.08431]},"faces":{"north":{"uv":[0.5,8.5,1,9],"texture":"#0"},"east":{"uv":[4.5,5.5,8.5,6],"texture":"#0"},"south":{"uv":[1,8.5,1.5,9],"texture":"#0"},"west":{"uv":[4.5,6,8.5,6.5],"texture":"#0"},"up":{"uv":[5,10.5,4.5,6.5],"texture":"#0"},"down":{"uv":[5.5,6.5,5,10.5],"texture":"#0"}}},{"from":[1.75657,0.4,-5.17992],"to":[4.00657,1.1,-4.32992],"rotation":{"angle":22.5,"axis":"y","origin":[2.13157,0.75,-5.05492]},"faces":{"north":{"uv":[0,8,1,8.5],"texture":"#0"},"east":{"uv":[3,8.5,3.5,9],"texture":"#0"},"south":{"uv":[3,8,4,8.5],"texture":"#0"},"west":{"uv":[3.5,8.5,4,9],"texture":"#0"},"up":{"uv":[9,4,8,3.5],"texture":"#0"},"down":{"uv":[9,4,8,4.5],"texture":"#0"}}},{"from":[1.50657,0.15,-5.17992],"to":[2.85657,1.35,-0.92992],"rotation":{"angle":-45,"axis":"y","origin":[2.13157,0.75,-5.05492]},"faces":{"north":{"uv":[4,8.5,4.5,9],"texture":"#0"},"east":{"uv":[7,6.5,9,7],"texture":"#0"},"south":{"uv":[8.5,5.5,9,6],"texture":"#0"},"west":{"uv":[7,7,9,7.5],"texture":"#0"},"up":{"uv":[2,9,1.5,7],"texture":"#0"},"down":{"uv":[6,7.5,5.5,9.5],"texture":"#0"}}},{"from":[-1.15764,0.45,-3.18728],"to":[0.34236,1.15,6.71272],"rotation":{"angle":-22.5,"axis":"y","origin":[0.71736,0.75,-0.81228]},"faces":{"north":{"uv":[6,8,7,8.5],"texture":"#0"},"east":{"uv":[5,2.5,10,3],"texture":"#0"},"south":{"uv":[7,8,8,8.5],"texture":"#0"},"west":{"uv":[5,3,10,3.5],"texture":"#0"},"up":{"uv":[1,7,0,2],"texture":"#0"},"down":{"uv":[2,2,1,7],"texture":"#0"}}},{"from":[-3.8241,0.55,1.52689],"to":[-1.0741,1.05,7.92689],"rotation":{"angle":22.5,"axis":"y","origin":[1.3009,0.8,2.35189]},"faces":{"north":{"uv":[6,7.5,7.5,8],"texture":"#0"},"east":{"uv":[6.5,4.5,9.5,5],"texture":"#0"},"south":{"uv":[7.5,7.5,9,8],"texture":"#0"},"west":{"uv":[7,5,10,5.5],"texture":"#0"},"up":{"uv":[3.5,5,2,2],"texture":"#0"},"down":{"uv":[5,2,3.5,5],"texture":"#0"}}}],"gui_light":"front","display":{"thirdperson_righthand":{"rotation":[50.5,0,0],"translation":[-5.5,5,3.75],"scale":[0.69531,0.69531,0.69531]},"thirdperson_lefthand":{"rotation":[50.5,0,0],"translation":[-5.5,5,3.75],"scale":[0.69531,0.69531,0.69531]},"firstperson_righthand":{"rotation":[21,0,0],"translation":[-9.5,7.25,-1]},"firstperson_lefthand":{"rotation":[21,0,0],"translation":[-9.5,7.25,-1]},"ground":{"translation":[0,7.75,0],"scale":[0.82227,0.82227,0.82227]},"gui":{"rotation":[90,-58,-24],"translation":[2.25,-2.5,0],"scale":[0.70508,0.70508,0.70508]},"head":{"translation":[-1.25,-17.5,0],"scale":[2.25,2.25,2.25]},"fixed":{"rotation":[90,90,0],"translation":[0,0,8.5],"scale":[1.38672,1.38672,1.38672]}}}