{"credit":"MadewithBlockbench","texture_size":[32,32],"textures":{"0":"ec_forgenfire:forgenfire_default/lava_still","particle":"ec_forgenfire:forgenfire_default/lava_still"},"elements":[{"from":[14.7876,0,-0.91183],"to":[17.7876,2,2.08817],"rotation":{"angle":-45,"axis":"y","origin":[8.26961,0.9375,8.69454]},"faces":{"north":{"uv":[10,4.5,11.5,5.5],"texture":"#0"},"east":{"uv":[10,5.5,11.5,6.5],"texture":"#0"},"south":{"uv":[10,6.5,11.5,7.5],"texture":"#0"},"west":{"uv":[9.5,10,11,11],"texture":"#0"},"up":{"uv":[9.5,9.5,8,8],"texture":"#0"},"down":{"uv":[9.5,9.5,8,11],"texture":"#0"}}},{"from":[-3.07138,0.25,7.88204],"to":[18.92862,1.75,9.63204],"rotation":{"angle":0,"axis":"y","origin":[8.26961,0.9375,8.69454]},"faces":{"north":{"uv":[0,0,11,1],"texture":"#0"},"east":{"uv":[6.5,10.5,7.5,11.5],"texture":"#0"},"south":{"uv":[0,1,11,2],"texture":"#0"},"west":{"uv":[11,1,12,2],"texture":"#0"},"up":{"uv":[11,3,0,2],"texture":"#0"},"down":{"uv":[11,3,0,4],"texture":"#0"}}},{"from":[-1.94638,0.45,-2.24296],"to":[2.80362,1.55,5.75704],"rotation":{"angle":22.5,"axis":"y","origin":[7.92862,1,2.75704]},"faces":{"north":{"uv":[10,7.5,12.5,8],"texture":"#0"},"east":{"uv":[9.5,8,13.5,8.5],"texture":"#0"},"south":{"uv":[4,10.5,6.5,11],"texture":"#0"},"west":{"uv":[9.5,8.5,13.5,9],"texture":"#0"},"up":{"uv":[2.5,8,0,4],"texture":"#0"},"down":{"uv":[7.5,4,10,8],"texture":"#0"}}},{"from":[2.99165,0.4,-2.24296],"to":[7.74165,1.475,5.75704],"rotation":{"angle":-22.5,"axis":"y","origin":[-2.13335,1,2.75704]},"faces":{"north":{"uv":[11,0,13.5,0.5],"texture":"#0"},"east":{"uv":[4,10,8,10.5],"texture":"#0"},"south":{"uv":[11,0.5,13.5,1],"texture":"#0"},"west":{"uv":[10,4,14,4.5],"texture":"#0"},"up":{"uv":[2.5,8,0,4],"texture":"#0"},"down":{"uv":[7.5,4,10,8],"texture":"#0"}}},{"from":[0.89763,0.5,0.17502],"to":[4.89763,1.5,8.17502],"rotation":{"angle":0,"axis":"y","origin":[5.39763,1.075,1.55002]},"faces":{"north":{"uv":[11,2,13,2.5],"texture":"#0"},"east":{"uv":[9.5,9,13.5,9.5],"texture":"#0"},"south":{"uv":[11,2.5,13,3],"texture":"#0"},"west":{"uv":[9.5,9.5,13.5,10],"texture":"#0"},"up":{"uv":[0,8,2.5,4],"texture":"#0"},"down":{"uv":[7.5,4,10,8],"texture":"#0"}}},{"from":[-0.10237,0.6,9.67502],"to":[3.89763,1.55,13.67502],"rotation":{"angle":-45,"axis":"y","origin":[2.89763,1.075,12.67502]},"faces":{"north":{"uv":[11,3,13,3.5],"texture":"#0"},"east":{"uv":[11,3.5,13,4],"texture":"#0"},"south":{"uv":[4,11,6,11.5],"texture":"#0"},"west":{"uv":[7.5,11,9.5,11.5],"texture":"#0"},"up":{"uv":[6,10,4,8],"texture":"#0"},"down":{"uv":[8,8,6,10],"texture":"#0"}}}],"gui_light":"front","display":{"thirdperson_righthand":{"rotation":[50.5,0,0],"translation":[-5.5,5,3.75],"scale":[0.69531,0.69531,0.69531]},"thirdperson_lefthand":{"rotation":[50.5,0,0],"translation":[-5.5,5,3.75],"scale":[0.69531,0.69531,0.69531]},"firstperson_righthand":{"rotation":[21,0,0],"translation":[-9.5,7.25,-1]},"firstperson_lefthand":{"rotation":[21,0,0],"translation":[-9.5,7.25,-1]},"ground":{"translation":[0,7.75,0],"scale":[0.82227,0.82227,0.82227]},"gui":{"rotation":[90,-44.75,0],"translation":[-0.5,0.25,0],"scale":[0.75781,0.75781,0.75781]},"head":{"translation":[-1.25,-17.5,0],"scale":[2.25,2.25,2.25]},"fixed":{"rotation":[90,90,0],"translation":[0,0,8.5],"scale":[1.38672,1.38672,1.38672]}}}