{"credit":"MadewithBlockbench","texture_size":[64,64],"textures":{"0":"ec_forgenfire:forgenfire_default/lava_still","particle":"ec_forgenfire:forgenfire_default/lava_still"},"elements":[{"from":[-0.125,-0.45,1.91403],"to":[14.125,3.05,13.91403],"rotation":{"angle":0,"axis":"y","origin":[1,1,10.91403]},"faces":{"north":{"uv":[3.75,0,7.375,0.875],"texture":"#0"},"east":{"uv":[3.75,5,6.75,5.875],"texture":"#0"},"south":{"uv":[3.75,1,7.375,1.875],"texture":"#0"},"west":{"uv":[5.75,2,8.75,2.875],"texture":"#0"},"up":{"uv":[3.625,3,0,0],"texture":"#0"},"down":{"uv":[3.625,3,0,6],"texture":"#0"}}},{"from":[0.625,0.55,8.01403],"to":[6.625,4.05,13.66403],"rotation":{"angle":0,"axis":"y","origin":[1,1,10.91403]},"faces":{"north":{"uv":[8.75,1.25,10.25,2.125],"texture":"#0"},"east":{"uv":[0,9,1.375,9.875],"texture":"#0"},"south":{"uv":[1.5,8.75,3,9.625],"texture":"#0"},"west":{"uv":[9,8.75,10.375,9.625],"texture":"#0"},"up":{"uv":[6.75,7.375,5.25,6],"texture":"#0"},"down":{"uv":[8.25,4.5,6.75,5.875],"texture":"#0"}}},{"from":[6.875,0.55,4.76403],"to":[14.625,3.8,10.91403],"rotation":{"angle":0,"axis":"y","origin":[1,1,10.91403]},"faces":{"north":{"uv":[8.25,5.5,10.25,6.375],"texture":"#0"},"east":{"uv":[6,8.75,7.5,9.625],"texture":"#0"},"south":{"uv":[8.25,6.5,10.25,7.375],"texture":"#0"},"west":{"uv":[7.5,8.75,9,9.625],"texture":"#0"},"up":{"uv":[5.75,3.5,3.75,2],"texture":"#0"},"down":{"uv":[5.75,3.5,3.75,5],"texture":"#0"}}},{"from":[0.625,0.55,2.16403],"to":[6.625,4.05,7.81403],"rotation":{"angle":0,"axis":"y","origin":[1,1,10.91403]},"faces":{"north":{"uv":[3,8.75,4.5,9.625],"texture":"#0"},"east":{"uv":[9.25,0,10.625,0.875],"texture":"#0"},"south":{"uv":[4.5,8.75,6,9.625],"texture":"#0"},"west":{"uv":[9.25,2.25,10.625,3.125],"texture":"#0"},"up":{"uv":[8.25,7.375,6.75,6],"texture":"#0"},"down":{"uv":[1.5,7.5,0,8.875],"texture":"#0"}}},{"from":[12.625,-0.2,8.16403],"to":[14.875,2.8,12.91403],"rotation":{"angle":22.5,"axis":"y","origin":[16,1.3,10.41403]},"faces":{"north":{"uv":[5,9.75,5.625,10.5],"texture":"#0"},"east":{"uv":[7.5,1.25,8.75,2],"texture":"#0"},"south":{"uv":[5.75,9.75,6.375,10.5],"texture":"#0"},"west":{"uv":[9.25,3.25,10.5,4],"texture":"#0"},"up":{"uv":[3.375,11,2.75,9.75],"texture":"#0"},"down":{"uv":[4.125,9.75,3.5,11],"texture":"#0"}}},{"from":[12.625,-0.2,3.08597],"to":[14.875,2.8,7.83597],"rotation":{"angle":-22.5,"axis":"y","origin":[16,1.3,5.58597]},"faces":{"north":{"uv":[6.5,9.75,7.125,10.5],"texture":"#0"},"east":{"uv":[9.5,7.5,10.75,8.25],"texture":"#0"},"south":{"uv":[7.25,9.75,7.875,10.5],"texture":"#0"},"west":{"uv":[1.5,9.75,2.75,10.5],"texture":"#0"},"up":{"uv":[10.375,5.25,9.75,4],"texture":"#0"},"down":{"uv":[4.875,9.75,4.25,11],"texture":"#0"}}},{"from":[-1.125,-0.55,11.91403],"to":[5.125,4.3,17.91403],"rotation":{"angle":-45,"axis":"y","origin":[2.5,1.75,14.41403]},"faces":{"north":{"uv":[7.5,0,9.125,1.25],"texture":"#0"},"east":{"uv":[5,7.5,6.5,8.75],"texture":"#0"},"south":{"uv":[1.5,7.5,3.125,8.75],"texture":"#0"},"west":{"uv":[6.5,7.5,8,8.75],"texture":"#0"},"up":{"uv":[7.375,4.5,5.75,3],"texture":"#0"},"down":{"uv":[1.625,6,0,7.5],"texture":"#0"}}},{"from":[-1.125,-0.55,-1.91403],"to":[5.125,4.3,4.08597],"rotation":{"angle":45,"axis":"y","origin":[2.5,1.75,1.58597]},"faces":{"north":{"uv":[7.5,3,9.125,4.25],"texture":"#0"},"east":{"uv":[8,7.5,9.5,8.75],"texture":"#0"},"south":{"uv":[3.25,7.5,4.875,8.75],"texture":"#0"},"west":{"uv":[8.25,4.25,9.75,5.5],"texture":"#0"},"up":{"uv":[3.375,7.5,1.75,6],"texture":"#0"},"down":{"uv":[5.125,6,3.5,7.5],"texture":"#0"}}}],"gui_light":"front","display":{"thirdperson_righthand":{"rotation":[50.5,0,0],"translation":[-5.5,5,3.75],"scale":[0.69531,0.69531,0.69531]},"thirdperson_lefthand":{"rotation":[50.5,0,0],"translation":[-5.5,5,3.75],"scale":[0.69531,0.69531,0.69531]},"firstperson_righthand":{"rotation":[21,0,0],"translation":[-9.5,7.25,-1]},"firstperson_lefthand":{"rotation":[21,0,0],"translation":[-9.5,7.25,-1]},"ground":{"translation":[0,7.75,0],"scale":[0.82227,0.82227,0.82227]},"gui":{"rotation":[90,-58,-24],"translation":[2.25,-2.5,0],"scale":[0.70508,0.70508,0.70508]},"head":{"translation":[-1.25,-17.5,0],"scale":[2.25,2.25,2.25]},"fixed":{"rotation":[90,90,0],"translation":[0,0,8.5],"scale":[1.38672,1.38672,1.38672]}}}