{"credit":"MadewithBlockbench","texture_size":[32,32],"textures":{"0":"ec_forgenfire:forgenfire_default/lava_still","particle":"ec_forgenfire:forgenfire_default/lava_still"},"elements":[{"from":[19.46079,-0.05,6.16403],"to":[23.21079,1.65,9.91403],"rotation":{"angle":45,"axis":"y","origin":[21.33579,0.8,8.03903]},"faces":{"north":{"uv":[0,8.5,2,9.5],"texture":"#0"},"east":{"uv":[2,8.5,4,9.5],"texture":"#0"},"south":{"uv":[4,8.5,6,9.5],"texture":"#0"},"west":{"uv":[6,8.5,8,9.5],"texture":"#0"},"up":{"uv":[2,5,0,3],"texture":"#0"},"down":{"uv":[4,3,2,5],"texture":"#0"}}},{"from":[-0.125,0.15,7.16403],"to":[20.125,1.35,8.91403],"rotation":{"angle":0,"axis":"y","origin":[15,1,9.91403]},"faces":{"north":{"uv":[0,2,10,2.5],"texture":"#0"},"east":{"uv":[6,9.5,7,10],"texture":"#0"},"south":{"uv":[0,2.5,10,3],"texture":"#0"},"west":{"uv":[7,9.5,8,10],"texture":"#0"},"up":{"uv":[10,1,0,0],"texture":"#0"},"down":{"uv":[10,1,0,2],"texture":"#0"}}},{"from":[1.42633,0.05,5.37179],"to":[4.17633,1.45,10.62179],"rotation":{"angle":-22.5,"axis":"y","origin":[-3.19867,0.75,4.99679]},"faces":{"north":{"uv":[6,8,7.5,8.5],"texture":"#0"},"east":{"uv":[0,9.5,2.5,10],"texture":"#0"},"south":{"uv":[9.5,4,11,4.5],"texture":"#0"},"west":{"uv":[2.5,9.5,5,10],"texture":"#0"},"up":{"uv":[7.5,5.5,6,3],"texture":"#0"},"down":{"uv":[7.5,5.5,6,8],"texture":"#0"}}},{"from":[-6.82367,0.05,3.62179],"to":[1.42633,1.45,5.37179],"rotation":{"angle":-22.5,"axis":"y","origin":[-3.19867,0.75,4.99679]},"faces":{"north":{"uv":[8,8.5,12,9],"texture":"#0"},"east":{"uv":[8,9.5,9,10],"texture":"#0"},"south":{"uv":[8,9,12,9.5],"texture":"#0"},"west":{"uv":[9,9.5,10,10],"texture":"#0"},"up":{"uv":[6,6,2,5],"texture":"#0"},"down":{"uv":[6,6,2,7],"texture":"#0"}}},{"from":[-7.42633,0.05,-5.37821],"to":[-2.17633,1.7,-3.62821],"rotation":{"angle":22.5,"axis":"y","origin":[19.19867,0.75,4.99679]},"faces":{"north":{"uv":[7.5,4.5,10,5.5],"texture":"#0"},"east":{"uv":[9.5,3,10.5,4],"texture":"#0"},"south":{"uv":[7.5,5.5,10,6.5],"texture":"#0"},"west":{"uv":[5,9.5,6,10.5],"texture":"#0"},"up":{"uv":[10,7.5,7.5,6.5],"texture":"#0"},"down":{"uv":[10,7.5,7.5,8.5],"texture":"#0"}}},{"from":[-6.65145,0.275,7.06628],"to":[-3.00145,3.375,10.71628],"rotation":{"angle":45,"axis":"y","origin":[-4.52645,0.8125,7.59128]},"faces":{"north":{"uv":[0,7,2,8.5],"texture":"#0"},"east":{"uv":[2,7,4,8.5],"texture":"#0"},"south":{"uv":[4,7,6,8.5],"texture":"#0"},"west":{"uv":[7.5,3,9.5,4.5],"texture":"#0"},"up":{"uv":[6,5,4,3],"texture":"#0"},"down":{"uv":[2,5,0,7],"texture":"#0"}}}],"gui_light":"front","display":{"thirdperson_righthand":{"rotation":[50.5,0,0],"translation":[-5.5,5,3.75],"scale":[0.69531,0.69531,0.69531]},"thirdperson_lefthand":{"rotation":[50.5,0,0],"translation":[-5.5,5,3.75],"scale":[0.69531,0.69531,0.69531]},"firstperson_righthand":{"rotation":[21,0,0],"translation":[-9.5,7.25,-1]},"firstperson_lefthand":{"rotation":[21,0,0],"translation":[-9.5,7.25,-1]},"ground":{"translation":[0,7.75,0],"scale":[0.82227,0.82227,0.82227]},"gui":{"rotation":[90,-58,-24],"translation":[2.25,-2.5,0],"scale":[0.70508,0.70508,0.70508]},"head":{"translation":[-1.25,-17.5,0],"scale":[2.25,2.25,2.25]},"fixed":{"rotation":[90,90,0],"translation":[0,0,8.5],"scale":[1.38672,1.38672,1.38672]}}}