{"credit":"MadewithBlockbench","texture_size":[32,32],"textures":{"1":"ec_forgenfire:forgenfire_default/lava_still"},"elements":[{"from":[5,0,-1],"to":[12,6,15],"faces":{"north":{"uv":[7,6,10.5,9],"texture":"#1"},"east":{"uv":[7,0,15,3],"texture":"#1"},"south":{"uv":[0,8,3.5,11],"texture":"#1"},"west":{"uv":[7,3,15,6],"texture":"#1"},"up":{"uv":[3.5,8,0,0],"texture":"#1"},"down":{"uv":[7,0,3.5,8],"texture":"#1"}}},{"from":[5.1,1.97183,17.28553],"to":[11.9,6.22183,21.53553],"rotation":{"angle":-45,"axis":"x","origin":[8.5,-1.77817,18.53553]},"faces":{"north":{"uv":[3.5,8,7,10],"texture":"#1"},"east":{"uv":[3.5,12,5.5,14],"texture":"#1"},"south":{"uv":[7,9,10.5,11],"texture":"#1"},"west":{"uv":[10.5,12,12.5,14],"texture":"#1"},"up":{"uv":[7,12,3.5,10],"texture":"#1"},"down":{"uv":[14,6,10.5,8],"texture":"#1"}}},{"from":[5.1,0.57183,-6.98553],"to":[11.9,4.79683,-2.73553],"rotation":{"angle":45,"axis":"x","origin":[8.5,-1.77817,-2.53553]},"faces":{"north":{"uv":[10.5,8,14,10],"texture":"#1"},"east":{"uv":[12.5,12,14.5,14],"texture":"#1"},"south":{"uv":[10.5,10,14,12],"texture":"#1"},"west":{"uv":[0,13,2,15],"texture":"#1"},"up":{"uv":[3.5,13,0,11],"texture":"#1"},"down":{"uv":[10.5,11,7,13],"texture":"#1"}}}],"gui_light":"front","display":{"thirdperson_righthand":{"rotation":[117.94,-67.51,89.88],"translation":[-0.5,2,0],"scale":[0.39844,0.39844,0.39844]},"thirdperson_lefthand":{"rotation":[117.94,-67.51,89.88],"translation":[-0.5,2,0],"scale":[0.39844,0.39844,0.39844]},"firstperson_righthand":{"rotation":[0,87.25,0],"translation":[-8.5,5.25,-4.75]},"firstperson_lefthand":{"rotation":[0,87.25,0],"translation":[-8.5,5.25,-4.75]},"gui":{"rotation":[81,65,-22],"translation":[1,0,0],"scale":[0.70117,0.70117,0.70117]},"head":{"rotation":[0,90,0],"translation":[1,-22,0],"scale":[1.375,1.375,1.375]}}}