{"credit":"MadewithBlockbench","texture_size":[64,64],"textures":{"0":"ec_forgenfire:forgenfire_default/lava_still","particle":"ec_forgenfire:forgenfire_default/lava_still"},"elements":[{"from":[6.125,-0.2,9.51403],"to":[7.875,2.8,12.51403],"rotation":{"angle":22.5,"axis":"y","origin":[12,1.3,3.66403]},"faces":{"north":{"uv":[8.25,8.5,8.75,9.25],"texture":"#0"},"east":{"uv":[8,3,8.75,3.75],"texture":"#0"},"south":{"uv":[8.75,0,9.25,0.75],"texture":"#0"},"west":{"uv":[8,3.75,8.75,4.5],"texture":"#0"},"up":{"uv":[1.25,9.5,0.75,8.75],"texture":"#0"},"down":{"uv":[1.75,8.75,1.25,9.5],"texture":"#0"}}},{"from":[11.8007,4.75806,8.78597],"to":[15.1757,8.10806,13.83597],"rotation":{"angle":45,"axis":"z","origin":[14.1757,5.10806,11.21097]},"faces":{"north":{"uv":[4.5,7.5,5.375,8.375],"texture":"#0"},"east":{"uv":[1,7,2.25,7.875],"texture":"#0"},"south":{"uv":[5.5,7.5,6.375,8.375],"texture":"#0"},"west":{"uv":[2.25,7,3.5,7.875],"texture":"#0"},"up":{"uv":[7.875,4.75,7,3.5],"texture":"#0"},"down":{"uv":[7.375,7,6.5,8.25],"texture":"#0"}}},{"from":[11.8007,4.75806,2.26403],"to":[15.1757,8.10806,7.31403],"rotation":{"angle":45,"axis":"z","origin":[14.1757,5.10806,4.78903]},"faces":{"north":{"uv":[7.5,1.25,8.375,2.125],"texture":"#0"},"east":{"uv":[5.25,6.5,6.5,7.375],"texture":"#0"},"south":{"uv":[3.5,7.5,4.375,8.375],"texture":"#0"},"west":{"uv":[6.5,6,7.75,6.875],"texture":"#0"},"up":{"uv":[7.625,1.25,6.75,0],"texture":"#0"},"down":{"uv":[0.875,7,0,8.25],"texture":"#0"}}},{"from":[10.375,-0.45,2.16403],"to":[15.125,5.55,7.41403],"rotation":{"angle":0,"axis":"y","origin":[7.62869,1.425,11.27804]},"faces":{"north":{"uv":[5.25,5,6.5,6.5],"texture":"#0"},"east":{"uv":[3,3,4.375,4.5],"texture":"#0"},"south":{"uv":[0,5.5,1.25,7],"texture":"#0"},"west":{"uv":[4,0,5.375,1.5],"texture":"#0"},"up":{"uv":[3.75,6.875,2.5,5.5],"texture":"#0"},"down":{"uv":[7,3.5,5.75,4.875],"texture":"#0"}}},{"from":[10.375,-0.45,8.66403],"to":[15.125,5.55,13.91403],"rotation":{"angle":0,"axis":"y","origin":[7.62869,1.425,11.27804]},"faces":{"north":{"uv":[4.5,3.5,5.75,5],"texture":"#0"},"east":{"uv":[0,3,1.375,4.5],"texture":"#0"},"south":{"uv":[4,5,5.25,6.5],"texture":"#0"},"west":{"uv":[1.5,3,2.875,4.5],"texture":"#0"},"up":{"uv":[6.75,1.375,5.5,0],"texture":"#0"},"down":{"uv":[2.5,5.5,1.25,6.875],"texture":"#0"}}},{"from":[10.875,-0.25,9.91403],"to":[11.625,2.75,13.41403],"rotation":{"angle":0,"axis":"y","origin":[-3,1,17.66403]},"faces":{"north":{"uv":[2.5,8.75,2.75,9.5],"texture":"#0"},"east":{"uv":[7.75,6,8.625,6.75],"texture":"#0"},"south":{"uv":[2.75,8.75,3,9.5],"texture":"#0"},"west":{"uv":[7.5,7.75,8.375,8.5],"texture":"#0"},"up":{"uv":[2,9.625,1.75,8.75],"texture":"#0"},"down":{"uv":[2.25,8.75,2,9.625],"texture":"#0"}}},{"from":[10.875,-0.25,2.58597],"to":[11.625,2.75,6.08597],"rotation":{"angle":0,"axis":"y","origin":[-3,1,-1.66403]},"faces":{"north":{"uv":[2.25,8.75,2.5,9.5],"texture":"#0"},"east":{"uv":[7.5,7,8.375,7.75],"texture":"#0"},"south":{"uv":[8.75,2.25,9,3],"texture":"#0"},"west":{"uv":[7.75,0,8.625,0.75],"texture":"#0"},"up":{"uv":[4,6.375,3.75,5.5],"texture":"#0"},"down":{"uv":[6.5,8.5,6.25,9.375],"texture":"#0"}}},{"from":[8.69711,-0.2,7.98261],"to":[10.94711,2.8,10.73261],"rotation":{"angle":-22.5,"axis":"y","origin":[7.62869,1.425,11.27804]},"faces":{"north":{"uv":[3.25,8.5,3.875,9.25],"texture":"#0"},"east":{"uv":[8,4.5,8.75,5.25],"texture":"#0"},"south":{"uv":[4,8.5,4.625,9.25],"texture":"#0"},"west":{"uv":[8,5.25,8.75,6],"texture":"#0"},"up":{"uv":[5.375,9.25,4.75,8.5],"texture":"#0"},"down":{"uv":[6.125,8.5,5.5,9.25],"texture":"#0"}}},{"from":[2.375,-0.45,2.08597],"to":[10.125,3.55,7.33597],"rotation":{"angle":0,"axis":"y","origin":[-3,1,-1.66403]},"faces":{"north":{"uv":[2,4.5,4,5.5],"texture":"#0"},"east":{"uv":[3.75,6.5,5.125,7.5],"texture":"#0"},"south":{"uv":[4.5,2.5,6.5,3.5],"texture":"#0"},"west":{"uv":[6.5,5,7.875,6],"texture":"#0"},"up":{"uv":[4,1.375,2,0],"texture":"#0"},"down":{"uv":[4,1.5,2,2.875],"texture":"#0"}}},{"from":[8.625,-0.2,3.51403],"to":[10.875,2.8,6.26403],"rotation":{"angle":22.5,"axis":"y","origin":[12,1.3,3.66403]},"faces":{"north":{"uv":[0,8.25,0.625,9],"texture":"#0"},"east":{"uv":[8,2.25,8.75,3],"texture":"#0"},"south":{"uv":[6.5,8.25,7.125,9],"texture":"#0"},"west":{"uv":[2.5,8,3.25,8.75],"texture":"#0"},"up":{"uv":[9.125,1.5,8.5,0.75],"texture":"#0"},"down":{"uv":[9.125,1.5,8.5,2.25],"texture":"#0"}}},{"from":[6.19711,-0.2,1.73261],"to":[7.94711,2.8,4.73261],"rotation":{"angle":-22.5,"axis":"y","origin":[7.62869,1.425,11.27804]},"faces":{"north":{"uv":[8.5,6.75,9,7.5],"texture":"#0"},"east":{"uv":[1,8,1.75,8.75],"texture":"#0"},"south":{"uv":[7.25,8.5,7.75,9.25],"texture":"#0"},"west":{"uv":[1.75,8,2.5,8.75],"texture":"#0"},"up":{"uv":[9,8.25,8.5,7.5],"texture":"#0"},"down":{"uv":[8.25,8.5,7.75,9.25],"texture":"#0"}}},{"from":[2.375,-0.45,8.66403],"to":[10.125,3.55,13.91403],"rotation":{"angle":0,"axis":"y","origin":[7.62869,1.425,11.27804]},"faces":{"north":{"uv":[4,1.5,6,2.5],"texture":"#0"},"east":{"uv":[6,1.5,7.375,2.5],"texture":"#0"},"south":{"uv":[0,4.5,2,5.5],"texture":"#0"},"west":{"uv":[6.5,2.5,7.875,3.5],"texture":"#0"},"up":{"uv":[2,1.375,0,0],"texture":"#0"},"down":{"uv":[2,1.5,0,2.875],"texture":"#0"}}}],"gui_light":"front","display":{"thirdperson_righthand":{"rotation":[50.5,0,0],"translation":[-5.5,5,3.75],"scale":[0.69531,0.69531,0.69531]},"thirdperson_lefthand":{"rotation":[50.5,0,0],"translation":[-5.5,5,3.75],"scale":[0.69531,0.69531,0.69531]},"firstperson_righthand":{"rotation":[21,0,0],"translation":[-9.5,7.25,-1]},"firstperson_lefthand":{"rotation":[21,0,0],"translation":[-9.5,7.25,-1]},"ground":{"translation":[0,7.75,0],"scale":[0.82227,0.82227,0.82227]},"gui":{"rotation":[-133,-124,133],"translation":[1.5,0.25,0],"scale":[0.75781,0.75781,0.75781]},"head":{"translation":[-1.25,-17.5,0],"scale":[2.25,2.25,2.25]},"fixed":{"rotation":[90,90,0],"translation":[0,0,8.5],"scale":[1.38672,1.38672,1.38672]}}}