{"credit":"MadewithBlockbench","texture_size":[64,64],"textures":{"0":"ec_forgenfire:forgenfire_default/lava_still","particle":"ec_forgenfire:forgenfire_default/lava_still"},"elements":[{"from":[11.875,0.45,4.91403],"to":[14.125,10.05,12.91403],"rotation":{"angle":0,"axis":"y","origin":[1,1,10.91403]},"faces":{"north":{"uv":[5.25,7.5,5.875,9.875],"texture":"#0"},"east":{"uv":[4,5,6,7.375],"texture":"#0"},"south":{"uv":[7.5,5.25,8.125,7.625],"texture":"#0"},"west":{"uv":[5.5,0,7.5,2.375],"texture":"#0"},"up":{"uv":[3.125,9.75,2.5,7.75],"texture":"#0"},"down":{"uv":[3.875,7.75,3.25,9.75],"texture":"#0"}}},{"from":[1.875,0.45,4.91403],"to":[4.125,10.8,12.91403],"rotation":{"angle":0,"axis":"y","origin":[1,1,10.91403]},"faces":{"north":{"uv":[6.75,4,7.375,6.625],"texture":"#0"},"east":{"uv":[0,5,2,7.625],"texture":"#0"},"south":{"uv":[6.75,6.75,7.375,9.375],"texture":"#0"},"west":{"uv":[2,5,4,7.625],"texture":"#0"},"up":{"uv":[8.125,9.75,7.5,7.75],"texture":"#0"},"down":{"uv":[8.875,5.25,8.25,7.25],"texture":"#0"}}},{"from":[2.875,0.45,12.91403],"to":[13.125,10.05,15.91403],"rotation":{"angle":0,"axis":"y","origin":[1,1,10.91403]},"faces":{"north":{"uv":[0,0,2.625,2.375],"texture":"#0"},"east":{"uv":[6,4,6.75,6.375],"texture":"#0"},"south":{"uv":[0,2.5,2.625,4.875],"texture":"#0"},"west":{"uv":[6,6.5,6.75,8.875],"texture":"#0"},"up":{"uv":[8.125,3.25,5.5,2.5],"texture":"#0"},"down":{"uv":[8.125,3.25,5.5,4],"texture":"#0"}}},{"from":[3.625,7.45,3.91403],"to":[8.625,12.45,4.91403],"rotation":{"angle":45,"axis":"z","origin":[8,11.625,4.41403]},"faces":{"north":{"uv":[4,7.5,5.25,8.75],"texture":"#0"},"east":{"uv":[2,8.5,2.25,9.75],"texture":"#0"},"south":{"uv":[7.5,4,8.75,5.25],"texture":"#0"},"west":{"uv":[2.25,8.5,2.5,9.75],"texture":"#0"},"up":{"uv":[10,4.5,8.75,4.25],"texture":"#0"},"down":{"uv":[10,4.5,8.75,4.75],"texture":"#0"}}},{"from":[1.625,0.95,3.91403],"to":[5.625,3.2,5.91403],"rotation":{"angle":45,"axis":"z","origin":[8,11.625,4.41403]},"faces":{"north":{"uv":[8.25,2.25,9.25,2.875],"texture":"#0"},"east":{"uv":[5.5,4,6,4.625],"texture":"#0"},"south":{"uv":[8.25,3,9.25,3.625],"texture":"#0"},"west":{"uv":[8.25,8.75,8.75,9.375],"texture":"#0"},"up":{"uv":[1,9,0,8.5],"texture":"#0"},"down":{"uv":[2,8.5,1,9],"texture":"#0"}}},{"from":[10.98909,0.95,3.91403],"to":[14.98909,3.2,5.91403],"rotation":{"angle":-45,"axis":"z","origin":[8.61409,11.625,4.41403]},"faces":{"north":{"uv":[8.25,7.25,9.25,7.875],"texture":"#0"},"east":{"uv":[8.75,8.75,9.25,9.375],"texture":"#0"},"south":{"uv":[8.25,8,9.25,8.625],"texture":"#0"},"west":{"uv":[0,9,0.5,9.625],"texture":"#0"},"up":{"uv":[9.75,4.25,8.75,3.75],"texture":"#0"},"down":{"uv":[5,8.75,4,9.25],"texture":"#0"}}},{"from":[2.875,9.45,4.66403],"to":[13.125,11.8,13.91403],"rotation":{"angle":0,"axis":"y","origin":[1,1,10.91403]},"faces":{"north":{"uv":[7.5,0,10.125,0.625],"texture":"#0"},"east":{"uv":[7.5,1.5,9.875,2.125],"texture":"#0"},"south":{"uv":[7.5,0.75,10.125,1.375],"texture":"#0"},"west":{"uv":[0,7.75,2.375,8.375],"texture":"#0"},"up":{"uv":[5.375,2.375,2.75,0],"texture":"#0"},"down":{"uv":[5.375,2.5,2.75,4.875],"texture":"#0"}}}],"gui_light":"front","display":{"thirdperson_righthand":{"rotation":[50.5,0,0],"translation":[-5.5,5,3.75],"scale":[0.69531,0.69531,0.69531]},"thirdperson_lefthand":{"rotation":[50.5,0,0],"translation":[-5.5,5,3.75],"scale":[0.69531,0.69531,0.69531]},"firstperson_righthand":{"rotation":[21,0,0],"translation":[-9.5,7.25,-1]},"firstperson_lefthand":{"rotation":[21,0,0],"translation":[-9.5,7.25,-1]},"ground":{"translation":[0,7.75,0],"scale":[0.82227,0.82227,0.82227]},"gui":{"rotation":[17,-169,-1],"translation":[0.25,1,0],"scale":[0.94726,0.94726,0.94726]},"head":{"translation":[-1.25,-17.5,0],"scale":[2.25,2.25,2.25]},"fixed":{"rotation":[90,90,0],"translation":[0,0,8.5],"scale":[1.38672,1.38672,1.38672]}}}