{"credit":"MadewithBlockbench","texture_size":[64,64],"textures":{"0":"ec_forgenfire:forgenfire_default/lava_still","particle":"ec_forgenfire:forgenfire_default/lava_still"},"elements":[{"from":[19.375,-0.35,11.91403],"to":[24.625,3.85,17.16403],"rotation":{"angle":-45,"axis":"y","origin":[24,1.375,9.16403]},"faces":{"north":{"uv":[5.5,4.75,6.75,5.75],"texture":"#0"},"east":{"uv":[4.5,5.75,5.75,6.75],"texture":"#0"},"south":{"uv":[5.75,5.75,7,6.75],"texture":"#0"},"west":{"uv":[2.25,6,3.5,7],"texture":"#0"},"up":{"uv":[4.5,6,3.25,4.75],"texture":"#0"},"down":{"uv":[6.25,2.25,5,3.5],"texture":"#0"}}},{"from":[10.0554,0.4,7.18193],"to":[19.3054,3.1,11.68193],"rotation":{"angle":-22.5,"axis":"y","origin":[15.4304,1.75,7.93193]},"faces":{"north":{"uv":[1,4.75,3.25,5.5],"texture":"#0"},"east":{"uv":[6.25,2.25,7.5,3],"texture":"#0"},"south":{"uv":[5,0,7.25,0.75],"texture":"#0"},"west":{"uv":[1,6.75,2.25,7.5],"texture":"#0"},"up":{"uv":[2.25,4.75,0,3.5],"texture":"#0"},"down":{"uv":[4.5,3.5,2.25,4.75],"texture":"#0"}}},{"from":[7.5554,0.4,4.93193],"to":[11.3054,3.6,13.68193],"rotation":{"angle":0,"axis":"y","origin":[-3.8196,1.75,7.05693]},"faces":{"north":{"uv":[3.5,6,4.5,6.75],"texture":"#0"},"east":{"uv":[5,0.75,7.25,1.5],"texture":"#0"},"south":{"uv":[3.5,6.75,4.5,7.5],"texture":"#0"},"west":{"uv":[5,1.5,7.25,2.25],"texture":"#0"},"up":{"uv":[5.5,5.75,4.5,3.5],"texture":"#0"},"down":{"uv":[1,4.75,0,7],"texture":"#0"}}},{"from":[-4.4446,1.4,4.43193],"to":[8.3054,2.6,11.18193],"rotation":{"angle":0,"axis":"y","origin":[-3.8196,1.75,7.05693]},"faces":{"north":{"uv":[6.25,3,9.5,3.25],"texture":"#0"},"east":{"uv":[6.75,3.5,8.5,3.75],"texture":"#0"},"south":{"uv":[6.25,3.25,9.5,3.5],"texture":"#0"},"west":{"uv":[6.75,3.75,8.5,4],"texture":"#0"},"up":{"uv":[3.25,1.75,0,0],"texture":"#0"},"down":{"uv":[3.25,1.75,0,3.5],"texture":"#0"}}},{"from":[-12.43941,1.6,7.01269],"to":[-7.53941,2.4,11.71269],"rotation":{"angle":-22.5,"axis":"y","origin":[-11.81441,2.125,11.13769]},"faces":{"north":{"uv":[6.75,4.75,8,5],"texture":"#0"},"east":{"uv":[6.75,5,8,5.25],"texture":"#0"},"south":{"uv":[6.75,5.25,8,5.5],"texture":"#0"},"west":{"uv":[6.75,5.5,8,5.75],"texture":"#0"},"up":{"uv":[2.25,6.75,1,5.5],"texture":"#0"},"down":{"uv":[6.75,3.5,5.5,4.75],"texture":"#0"}}},{"from":[-9.41778,1.5,6.61464],"to":[-2.66778,2.5,13.36464],"rotation":{"angle":22.5,"axis":"y","origin":[-9.04278,2.125,9.98964]},"faces":{"north":{"uv":[6.75,4,8.5,4.25],"texture":"#0"},"east":{"uv":[6.75,4.25,8.5,4.5],"texture":"#0"},"south":{"uv":[4.5,6.75,6.25,7],"texture":"#0"},"west":{"uv":[6.75,4.5,8.5,4.75],"texture":"#0"},"up":{"uv":[5,1.75,3.25,0],"texture":"#0"},"down":{"uv":[5,1.75,3.25,3.5],"texture":"#0"}}}],"gui_light":"front","display":{"thirdperson_righthand":{"rotation":[50.5,0,0],"translation":[-5.5,5,3.75],"scale":[0.69531,0.69531,0.69531]},"thirdperson_lefthand":{"rotation":[50.5,0,0],"translation":[-5.5,5,3.75],"scale":[0.69531,0.69531,0.69531]},"firstperson_righthand":{"rotation":[21,0,0],"translation":[-9.5,7.25,-1]},"firstperson_lefthand":{"rotation":[21,0,0],"translation":[-9.5,7.25,-1]},"ground":{"translation":[0,7.75,0],"scale":[0.82227,0.82227,0.82227]},"gui":{"rotation":[90,-58,-24],"translation":[2.25,-2.5,0],"scale":[0.70508,0.70508,0.70508]},"head":{"translation":[-1.25,-17.5,0],"scale":[2.25,2.25,2.25]},"fixed":{"rotation":[90,90,0],"translation":[0,0,8.5],"scale":[1.38672,1.38672,1.38672]}}}