{"credit":"MadewithBlockbench","texture_size":[32,32],"textures":{"0":"ec_forgenfire:forgenfire_default/lava_still","particle":"ec_forgenfire:forgenfire_default/lava_still"},"elements":[{"from":[3.02077,0.9,-0.05896],"to":[5.02077,2.35,8.44104],"rotation":{"angle":22.5,"axis":"y","origin":[8.16975,1.375,9.5]},"faces":{"north":{"uv":[4,10,3,10.5],"texture":"#0"},"east":{"uv":[10.5,7.5,6,8],"texture":"#0"},"south":{"uv":[9,9.5,8,10],"texture":"#0"},"west":{"uv":[10.5,4,6,4.5],"texture":"#0"},"up":{"uv":[6.5,6.5,2,7.5],"rotation":90,"texture":"#0"},"down":{"uv":[11,7.5,6.5,6.5],"rotation":270,"texture":"#0"}}},{"from":[3.33378,-0.1,8.20525],"to":[7.58378,2.6,10.45525],"rotation":{"angle":0,"axis":"y","origin":[8.16975,1.375,9.5]},"faces":{"north":{"uv":[6,7.5,4,9],"texture":"#0"},"east":{"uv":[3,9,2,10.5],"texture":"#0"},"south":{"uv":[4,7.5,2,9],"texture":"#0"},"west":{"uv":[9,8,8,9.5],"texture":"#0"},"up":{"uv":[7,8,6,10],"rotation":90,"texture":"#0"},"down":{"uv":[8,10,7,8],"rotation":270,"texture":"#0"}}},{"from":[-2.51994,0.15,5.01265],"to":[5.98006,2.1,7.26265],"rotation":{"angle":45,"axis":"y","origin":[8.16975,1.375,9.5]},"faces":{"north":{"uv":[10.5,1,6,2],"texture":"#0"},"east":{"uv":[10.5,5.5,9.5,6.5],"texture":"#0"},"south":{"uv":[10.5,0,6,1],"texture":"#0"},"west":{"uv":[10.5,4.5,9.5,5.5],"texture":"#0"},"up":{"uv":[1,6.5,0,11],"rotation":90,"texture":"#0"},"down":{"uv":[2,11,1,6.5],"rotation":270,"texture":"#0"}}},{"from":[-9.34654,-0.1,16.50704],"to":[3.15346,2.35,19.00704],"rotation":{"angle":-22.5,"axis":"y","origin":[8.16975,1.375,9.5]},"faces":{"north":{"uv":[9.5,5.5,3,6.5],"texture":"#0"},"east":{"uv":[6,9,4.5,10],"texture":"#0"},"south":{"uv":[9.5,4.5,3,5.5],"texture":"#0"},"west":{"uv":[4.5,9,3,10],"texture":"#0"},"up":{"uv":[1.5,0,0,6.5],"rotation":90,"texture":"#0"},"down":{"uv":[3,6.5,1.5,0],"rotation":270,"texture":"#0"}}},{"from":[-2.85985,-0.1,14.74442],"to":[5.64015,2.35,17.24442],"rotation":{"angle":-45,"axis":"y","origin":[8.16975,1.375,9.5]},"faces":{"north":{"uv":[10.5,3,6,4],"texture":"#0"},"east":{"uv":[10.5,9,9,10],"texture":"#0"},"south":{"uv":[10.5,2,6,3],"texture":"#0"},"west":{"uv":[10.5,8,9,9],"texture":"#0"},"up":{"uv":[4.5,0,3,4.5],"rotation":90,"texture":"#0"},"down":{"uv":[6,4.5,4.5,0],"rotation":270,"texture":"#0"}}},{"from":[11.31872,0.9,-0.05896],"to":[13.31872,2.35,8.44104],"rotation":{"angle":-22.5,"axis":"y","origin":[8.16975,1.375,9.5]},"faces":{"north":{"uv":[3,10,4,10.5],"texture":"#0"},"east":{"uv":[6,4,10.5,4.5],"texture":"#0"},"south":{"uv":[8,9.5,9,10],"texture":"#0"},"west":{"uv":[6,7.5,10.5,8],"texture":"#0"},"up":{"uv":[6.5,7.5,2,6.5],"rotation":90,"texture":"#0"},"down":{"uv":[11,6.5,6.5,7.5],"rotation":270,"texture":"#0"}}},{"from":[10.69934,-0.1,14.74442],"to":[19.19934,2.35,17.24442],"rotation":{"angle":45,"axis":"y","origin":[8.16975,1.375,9.5]},"faces":{"north":{"uv":[6,3,10.5,4],"texture":"#0"},"east":{"uv":[9,8,10.5,9],"texture":"#0"},"south":{"uv":[6,2,10.5,3],"texture":"#0"},"west":{"uv":[9,9,10.5,10],"texture":"#0"},"up":{"uv":[4.5,4.5,3,0],"rotation":90,"texture":"#0"},"down":{"uv":[6,0,4.5,4.5],"rotation":270,"texture":"#0"}}},{"from":[13.18603,-0.1,16.50704],"to":[25.68603,2.35,19.00704],"rotation":{"angle":22.5,"axis":"y","origin":[8.16975,1.375,9.5]},"faces":{"north":{"uv":[3,5.5,9.5,6.5],"texture":"#0"},"east":{"uv":[3,9,4.5,10],"texture":"#0"},"south":{"uv":[3,4.5,9.5,5.5],"texture":"#0"},"west":{"uv":[4.5,9,6,10],"texture":"#0"},"up":{"uv":[1.5,6.5,0,0],"rotation":90,"texture":"#0"},"down":{"uv":[3,0,1.5,6.5],"rotation":270,"texture":"#0"}}},{"from":[8.75572,-0.1,8.20525],"to":[13.00572,2.6,10.45525],"rotation":{"angle":0,"axis":"y","origin":[8.16975,1.375,9.5]},"faces":{"north":{"uv":[4,7.5,6,9],"texture":"#0"},"east":{"uv":[8,8,9,9.5],"texture":"#0"},"south":{"uv":[2,7.5,4,9],"texture":"#0"},"west":{"uv":[2,9,3,10.5],"texture":"#0"},"up":{"uv":[7,10,6,8],"rotation":90,"texture":"#0"},"down":{"uv":[8,8,7,10],"rotation":270,"texture":"#0"}}},{"from":[10.35943,0.15,5.01265],"to":[18.85943,2.1,7.26265],"rotation":{"angle":-45,"axis":"y","origin":[8.16975,1.375,9.5]},"faces":{"north":{"uv":[6,1,10.5,2],"texture":"#0"},"east":{"uv":[9.5,4.5,10.5,5.5],"texture":"#0"},"south":{"uv":[6,0,10.5,1],"texture":"#0"},"west":{"uv":[9.5,5.5,10.5,6.5],"texture":"#0"},"up":{"uv":[1,11,0,6.5],"rotation":90,"texture":"#0"},"down":{"uv":[2,6.5,1,11],"rotation":270,"texture":"#0"}}}],"gui_light":"front","display":{"thirdperson_righthand":{"rotation":[50.5,0,0],"translation":[-5.5,5,3.75],"scale":[0.69531,0.69531,0.69531]},"thirdperson_lefthand":{"rotation":[50.5,0,0],"translation":[-5.5,5,3.75],"scale":[0.69531,0.69531,0.69531]},"firstperson_righthand":{"rotation":[21,0,0],"translation":[-9.5,7.25,-1]},"firstperson_lefthand":{"rotation":[21,0,0],"translation":[-9.5,7.25,-1]},"ground":{"translation":[0,7.75,0],"scale":[0.82227,0.82227,0.82227]},"gui":{"rotation":[90,-58,-24],"translation":[2.25,-2.5,0],"scale":[0.70508,0.70508,0.70508]},"head":{"translation":[-1.25,-17.5,0],"scale":[2.25,2.25,2.25]},"fixed":{"rotation":[90,90,0],"translation":[0,0,8.5],"scale":[1.38672,1.38672,1.38672]}}}