{"credit":"MadewithBlockbench","texture_size":[32,32],"textures":{"0":"ec_forgenfire:forgenfire_default/lava_still","particle":"ec_forgenfire:forgenfire_default/lava_still"},"elements":[{"from":[14.57583,-0.05,3.86854],"to":[18.32583,1.65,7.61854],"rotation":{"angle":22.5,"axis":"y","origin":[16.1679,1.025,6.03903]},"faces":{"north":{"uv":[9.5,3,11.5,4],"texture":"#0"},"east":{"uv":[9.5,4,11.5,5],"texture":"#0"},"south":{"uv":[9.5,5,11.5,6],"texture":"#0"},"west":{"uv":[9.5,6,11.5,7],"texture":"#0"},"up":{"uv":[6,10,4,8],"texture":"#0"},"down":{"uv":[8,8,6,10],"texture":"#0"}}},{"from":[13.875,0.15,5.16403],"to":[18.125,2.35,11.91403],"rotation":{"angle":-22.5,"axis":"y","origin":[16.1679,1.025,6.03903]},"faces":{"north":{"uv":[9.5,7,11.5,8],"texture":"#0"},"east":{"uv":[8,8,12,9],"texture":"#0"},"south":{"uv":[4,10,6,11],"texture":"#0"},"west":{"uv":[8,9,12,10],"texture":"#0"},"up":{"uv":[2,12,0,8],"texture":"#0"},"down":{"uv":[4,8,2,12],"texture":"#0"}}},{"from":[10.14612,0.65,8.01336],"to":[11.14612,1.35,11.26336],"rotation":{"angle":-22.5,"axis":"y","origin":[10.52112,1.25,9.13836]},"faces":{"north":{"uv":[5,12,5.5,12.5],"texture":"#0"},"east":{"uv":[0.5,12,2,12.5],"texture":"#0"},"south":{"uv":[5.5,12,6,12.5],"texture":"#0"},"west":{"uv":[12,1.5,13.5,2],"texture":"#0"},"up":{"uv":[2.5,13.5,2,12],"texture":"#0"},"down":{"uv":[3,12,2.5,13.5],"texture":"#0"}}},{"from":[10.5975,0.75,7.95777],"to":[11.5975,1.25,10.50777],"rotation":{"angle":0,"axis":"y","origin":[8.5975,1,8.88277]},"faces":{"north":{"uv":[5,12,5.5,12.5],"texture":"#0"},"east":{"uv":[0.5,12,2,12.5],"texture":"#0"},"south":{"uv":[5.5,12,6,12.5],"texture":"#0"},"west":{"uv":[12,1.5,13.5,2],"texture":"#0"},"up":{"uv":[2.5,13.5,2,12],"texture":"#0"},"down":{"uv":[3,12,2.5,13.5],"texture":"#0"}}},{"from":[14.39612,0.65,8.76336],"to":[16.39612,2.15,13.01336],"rotation":{"angle":-22.5,"axis":"y","origin":[10.52112,1.25,9.13836]},"faces":{"north":{"uv":[11.5,5,12.5,6],"texture":"#0"},"east":{"uv":[6,11,8,12],"texture":"#0"},"south":{"uv":[11.5,6,12.5,7],"texture":"#0"},"west":{"uv":[8,11,10,12],"texture":"#0"},"up":{"uv":[11,13,10,11],"texture":"#0"},"down":{"uv":[12,11,11,13],"texture":"#0"}}},{"from":[16.12697,0.9,11.64379],"to":[17.12697,1.9,14.14379],"rotation":{"angle":45,"axis":"y","origin":[17.12697,1.4,13.76879]},"faces":{"north":{"uv":[6,12,6.5,12.5],"texture":"#0"},"east":{"uv":[12,2,13.5,2.5],"texture":"#0"},"south":{"uv":[6.5,12,7,12.5],"texture":"#0"},"west":{"uv":[12,2.5,13.5,3],"texture":"#0"},"up":{"uv":[3.5,13.5,3,12],"texture":"#0"},"down":{"uv":[4,12,3.5,13.5],"texture":"#0"}}},{"from":[9.16149,0.4,10.11112],"to":[13.41149,2.1,11.86112],"rotation":{"angle":22.5,"axis":"y","origin":[11.28649,1.25,10.98612]},"faces":{"north":{"uv":[6,10,8,11],"texture":"#0"},"east":{"uv":[11.5,3,12.5,4],"texture":"#0"},"south":{"uv":[8,10,10,11],"texture":"#0"},"west":{"uv":[11.5,4,12.5,5],"texture":"#0"},"up":{"uv":[12,11,10,10],"texture":"#0"},"down":{"uv":[6,11,4,12],"texture":"#0"}}},{"from":[-5.125,-0.1,11.16403],"to":[14.125,3.35,15.91403],"rotation":{"angle":0,"axis":"y","origin":[9,1,5.91403]},"faces":{"north":{"uv":[0,5,9.5,6.5],"texture":"#0"},"east":{"uv":[9.5,0,12,1.5],"texture":"#0"},"south":{"uv":[0,6.5,9.5,8],"texture":"#0"},"west":{"uv":[9.5,1.5,12,3],"texture":"#0"},"up":{"uv":[9.5,2.5,0,0],"texture":"#0"},"down":{"uv":[9.5,2.5,0,5],"texture":"#0"}}},{"from":[-4.625,0.9,15.91403],"to":[-3.375,2.35,18.91403],"rotation":{"angle":0,"axis":"y","origin":[9,1,5.91403]},"faces":{"north":{"uv":[4,12,4.5,12.5],"texture":"#0"},"east":{"uv":[11.5,7,13,7.5],"texture":"#0"},"south":{"uv":[4.5,12,5,12.5],"texture":"#0"},"west":{"uv":[11.5,7.5,13,8],"texture":"#0"},"up":{"uv":[0.5,13.5,0,12],"texture":"#0"},"down":{"uv":[12.5,0,12,1.5],"texture":"#0"}}}],"gui_light":"front","display":{"thirdperson_righthand":{"rotation":[50.5,0,0],"translation":[-5.5,5,3.75],"scale":[0.69531,0.69531,0.69531]},"thirdperson_lefthand":{"rotation":[50.5,0,0],"translation":[-5.5,5,3.75],"scale":[0.69531,0.69531,0.69531]},"firstperson_righthand":{"rotation":[21,0,0],"translation":[-9.5,7.25,-1]},"firstperson_lefthand":{"rotation":[21,0,0],"translation":[-9.5,7.25,-1]},"ground":{"translation":[0,7.75,0],"scale":[0.82227,0.82227,0.82227]},"gui":{"rotation":[90,-58,-24],"translation":[2.25,-2.5,0],"scale":[0.70508,0.70508,0.70508]},"head":{"translation":[-1.25,-17.5,0],"scale":[2.25,2.25,2.25]},"fixed":{"rotation":[90,90,0],"translation":[0,0,8.5],"scale":[1.38672,1.38672,1.38672]}}}