{"credit":"MadewithBlockbench","texture_size":[32,32],"textures":{"0":"ec_forgenfire:forgenfire_default/lava_still","particle":"ec_forgenfire:forgenfire_default/lava_still"},"elements":[{"from":[19.43046,-0.05,6.48725],"to":[22.18046,1.65,9.23725],"rotation":{"angle":-45,"axis":"y","origin":[20.80546,0.8,7.86225]},"faces":{"north":{"uv":[6.5,7.5,8,8.5],"texture":"#0"},"east":{"uv":[0,8,1.5,9],"texture":"#0"},"south":{"uv":[1.5,8,3,9],"texture":"#0"},"west":{"uv":[8,4,9.5,5],"texture":"#0"},"up":{"uv":[4.5,7.5,3,6],"texture":"#0"},"down":{"uv":[6,6,4.5,7.5],"texture":"#0"}}},{"from":[-7.26282,-0.04999,6.31048],"to":[-4.51282,1.90001,9.06048],"rotation":{"angle":-22.5,"axis":"y","origin":[-5.88782,0.92501,7.68548]},"faces":{"north":{"uv":[8,8,9.5,9],"texture":"#0"},"east":{"uv":[4.5,8.5,6,9.5],"texture":"#0"},"south":{"uv":[6,8.5,7.5,9.5],"texture":"#0"},"west":{"uv":[0,9,1.5,10],"texture":"#0"},"up":{"uv":[7.5,7.5,6,6],"texture":"#0"},"down":{"uv":[4.5,7.5,3,9],"texture":"#0"}}},{"from":[9.00691,-0.05,-0.70253],"to":[10.50691,1.9,1.04747],"rotation":{"angle":45,"axis":"y","origin":[9.75691,0.925,0.17247]},"faces":{"north":{"uv":[9.5,4,10.5,5],"texture":"#0"},"east":{"uv":[3.5,9,4.5,10],"texture":"#0"},"south":{"uv":[7.5,9,8.5,10],"texture":"#0"},"west":{"uv":[8.5,9,9.5,10],"texture":"#0"},"up":{"uv":[5.5,10.5,4.5,9.5],"rotation":90,"texture":"#0"},"down":{"uv":[10.5,5,9.5,6],"rotation":270,"texture":"#0"}}},{"from":[-6.31308,0.45001,4.11073],"to":[9.43692,1.65001,5.11073],"rotation":{"angle":22.5,"axis":"y","origin":[-0.93808,0.80001,2.73573]},"faces":{"north":{"uv":[0,4,8,4.5],"texture":"#0"},"east":{"uv":[7.5,7,8,7.5],"texture":"#0"},"south":{"uv":[0,4.5,8,5],"texture":"#0"},"west":{"uv":[7.5,8.5,8,9],"texture":"#0"},"up":{"uv":[8,5.5,0,5],"texture":"#0"},"down":{"uv":[8,5.5,0,6],"texture":"#0"}}},{"from":[-5.125,0.15,6.66403],"to":[20.125,2.35,8.91403],"rotation":{"angle":0,"axis":"y","origin":[15,1,9.91403]},"faces":{"north":{"uv":[0,0,12.5,1],"texture":"#0"},"east":{"uv":[1.5,9,2.5,10],"texture":"#0"},"south":{"uv":[0,1,12.5,2],"texture":"#0"},"west":{"uv":[2.5,9,3.5,10],"texture":"#0"},"up":{"uv":[12.5,3,0,2],"texture":"#0"},"down":{"uv":[12.5,3,0,4],"texture":"#0"}}},{"from":[11.625,0.4,11.08597],"to":[14.875,2.1,14.58597],"rotation":{"angle":45,"axis":"y","origin":[4.5,1.25,8.21097]},"faces":{"north":{"uv":[8,5,9.5,6],"texture":"#0"},"east":{"uv":[4.5,7.5,6.5,8.5],"texture":"#0"},"south":{"uv":[8,7,9.5,8],"texture":"#0"},"west":{"uv":[7.5,6,9.5,7],"texture":"#0"},"up":{"uv":[1.5,8,0,6],"texture":"#0"},"down":{"uv":[3,6,1.5,8],"texture":"#0"}}}],"gui_light":"front","display":{"thirdperson_righthand":{"rotation":[50.5,0,0],"translation":[-5.5,5,3.75],"scale":[0.69531,0.69531,0.69531]},"thirdperson_lefthand":{"rotation":[50.5,0,0],"translation":[-5.5,5,3.75],"scale":[0.69531,0.69531,0.69531]},"firstperson_righthand":{"rotation":[21,0,0],"translation":[-9.5,7.25,-1]},"firstperson_lefthand":{"rotation":[21,0,0],"translation":[-9.5,7.25,-1]},"ground":{"translation":[0,7.75,0],"scale":[0.82227,0.82227,0.82227]},"gui":{"rotation":[90,-58,-24],"translation":[2.25,-2.5,0],"scale":[0.70508,0.70508,0.70508]},"head":{"translation":[-1.25,-17.5,0],"scale":[2.25,2.25,2.25]},"fixed":{"rotation":[90,90,0],"translation":[0,0,8.5],"scale":[1.38672,1.38672,1.38672]}}}