{"credit":"MadewithBlockbench","texture_size":[32,32],"textures":{"0":"ec_forgenfire:forgenfire_default/lava_still","particle":"ec_forgenfire:forgenfire_default/lava_still"},"elements":[{"from":[19.46079,-0.05,6.16403],"to":[23.21079,1.65,9.91403],"rotation":{"angle":-45,"axis":"y","origin":[21.33579,0.8,8.03903]},"faces":{"north":{"uv":[3,7,5,8],"texture":"#0"},"east":{"uv":[5,7,7,8],"texture":"#0"},"south":{"uv":[7,7,9,8],"texture":"#0"},"west":{"uv":[3,8,5,9],"texture":"#0"},"up":{"uv":[2,5,0,3],"texture":"#0"},"down":{"uv":[4,3,2,5],"texture":"#0"}}},{"from":[-0.125,0.15,7.16403],"to":[20.125,1.35,8.91403],"rotation":{"angle":0,"axis":"y","origin":[15,1,9.91403]},"faces":{"north":{"uv":[0,2,10,2.5],"texture":"#0"},"east":{"uv":[10,0.5,11,1],"texture":"#0"},"south":{"uv":[0,2.5,10,3],"texture":"#0"},"west":{"uv":[10,1,11,1.5],"texture":"#0"},"up":{"uv":[10,1,0,0],"texture":"#0"},"down":{"uv":[10,1,0,2],"texture":"#0"}}},{"from":[1.125,0.05,5.41403],"to":[3.125,1.45,12.91403],"rotation":{"angle":-22.5,"axis":"y","origin":[-5,0.75,8.03903]},"faces":{"north":{"uv":[3,10,4,10.5],"texture":"#0"},"east":{"uv":[5,8,9,8.5],"texture":"#0"},"south":{"uv":[4,10,5,10.5],"texture":"#0"},"west":{"uv":[8.5,3,12.5,3.5],"texture":"#0"},"up":{"uv":[5,7,4,3],"texture":"#0"},"down":{"uv":[1,5,0,9],"texture":"#0"}}},{"from":[-8.3854,0.3,12.01414],"to":[-4.8854,1.2,13.51414],"rotation":{"angle":0,"axis":"y","origin":[-5.1354,0.75,12.76414]},"faces":{"north":{"uv":[9,8.5,11,9],"texture":"#0"},"east":{"uv":[7,10,8,10.5],"texture":"#0"},"south":{"uv":[9,9,11,9.5],"texture":"#0"},"west":{"uv":[8,10,9,10.5],"texture":"#0"},"up":{"uv":[10.5,5.5,8.5,4.5],"texture":"#0"},"down":{"uv":[7,8.5,5,9.5],"texture":"#0"}}},{"from":[-3.96727,0.35,12.6416],"to":[0.53273,1.175,14.1416],"rotation":{"angle":-22.5,"axis":"y","origin":[-3.46727,0.75,9.8916]},"faces":{"north":{"uv":[9,7.5,12.5,8],"texture":"#0"},"east":{"uv":[9,10,10,10.5],"texture":"#0"},"south":{"uv":[9,8,12.5,8.5],"texture":"#0"},"west":{"uv":[10,9.5,11,10],"texture":"#0"},"up":{"uv":[8.5,6,5,5],"texture":"#0"},"down":{"uv":[8.5,6,5,7],"texture":"#0"}}},{"from":[-8.3854,0.3,2.48586],"to":[-4.8854,1.2,3.98586],"rotation":{"angle":0,"axis":"y","origin":[-5.1354,0.75,3.23586]},"faces":{"north":{"uv":[4,9.5,6,10],"texture":"#0"},"east":{"uv":[10,10,11,10.5],"texture":"#0"},"south":{"uv":[6,9.5,8,10],"texture":"#0"},"west":{"uv":[0,10.5,1,11],"texture":"#0"},"up":{"uv":[10.5,6.5,8.5,5.5],"texture":"#0"},"down":{"uv":[9,8.5,7,9.5],"texture":"#0"}}},{"from":[-3.8854,0.3,7.23586],"to":[-0.1354,1.2,8.73586],"rotation":{"angle":0,"axis":"y","origin":[-6.8854,0.75,3.73586]},"faces":{"north":{"uv":[8,9.5,10,10],"texture":"#0"},"east":{"uv":[1,10.5,2,11],"texture":"#0"},"south":{"uv":[0,10,2,10.5],"texture":"#0"},"west":{"uv":[2,10.5,3,11],"texture":"#0"},"up":{"uv":[2,10,0,9],"texture":"#0"},"down":{"uv":[4,9,2,10],"texture":"#0"}}},{"from":[-3.96727,0.35,1.8584],"to":[0.53273,1.175,3.3584],"rotation":{"angle":22.5,"axis":"y","origin":[-3.46727,0.75,6.1084]},"faces":{"north":{"uv":[8.5,6.5,12,7],"texture":"#0"},"east":{"uv":[4,9,5,9.5],"texture":"#0"},"south":{"uv":[9,7,12.5,7.5],"texture":"#0"},"west":{"uv":[10,0,11,0.5],"texture":"#0"},"up":{"uv":[8.5,4,5,3],"texture":"#0"},"down":{"uv":[8.5,4,5,5],"texture":"#0"}}},{"from":[1.125,0.05,3.08597],"to":[3.125,1.45,10.58597],"rotation":{"angle":22.5,"axis":"y","origin":[-5,0.75,7.96097]},"faces":{"north":{"uv":[5,10,6,10.5],"texture":"#0"},"east":{"uv":[8.5,3.5,12.5,4],"texture":"#0"},"south":{"uv":[6,10,7,10.5],"texture":"#0"},"west":{"uv":[8.5,4,12.5,4.5],"texture":"#0"},"up":{"uv":[2,9,1,5],"texture":"#0"},"down":{"uv":[3,5,2,9],"texture":"#0"}}},{"from":[-5.40145,0.275,7.31628],"to":[-3.75145,1.375,8.96628],"rotation":{"angle":45,"axis":"y","origin":[-4.52645,0.8125,7.59128]},"faces":{"north":{"uv":[10,1.5,11,2],"texture":"#0"},"east":{"uv":[2,10,3,10.5],"texture":"#0"},"south":{"uv":[10,2,11,2.5],"texture":"#0"},"west":{"uv":[10,2.5,11,3],"texture":"#0"},"up":{"uv":[4,6,3,5],"texture":"#0"},"down":{"uv":[4,6,3,7],"texture":"#0"}}},{"from":[-10.65145,0.275,6.81628],"to":[-9.00145,1.375,8.46628],"rotation":{"angle":45,"axis":"y","origin":[-2.77645,0.8125,8.09128]},"faces":{"north":{"uv":[10,1.5,11,2],"texture":"#0"},"east":{"uv":[2,10,3,10.5],"texture":"#0"},"south":{"uv":[10,2,11,2.5],"texture":"#0"},"west":{"uv":[10,2.5,11,3],"texture":"#0"},"up":{"uv":[4,6,3,5],"texture":"#0"},"down":{"uv":[4,6,3,7],"texture":"#0"}}},{"from":[-10.65145,0.275,7.53372],"to":[-9.00145,1.375,9.18372],"rotation":{"angle":-45,"axis":"y","origin":[-2.77645,0.8125,7.90872]},"faces":{"north":{"uv":[11,2,10,2.5],"texture":"#0"},"east":{"uv":[3,10,2,10.5],"texture":"#0"},"south":{"uv":[11,1.5,10,2],"texture":"#0"},"west":{"uv":[11,2.5,10,3],"texture":"#0"},"up":{"uv":[4,5,3,6],"texture":"#0"},"down":{"uv":[4,7,3,6],"texture":"#0"}}}],"gui_light":"front","display":{"thirdperson_righthand":{"rotation":[50.5,0,0],"translation":[-5.5,5,3.75],"scale":[0.69531,0.69531,0.69531]},"thirdperson_lefthand":{"rotation":[50.5,0,0],"translation":[-5.5,5,3.75],"scale":[0.69531,0.69531,0.69531]},"firstperson_righthand":{"rotation":[21,0,0],"translation":[-9.5,7.25,-1]},"firstperson_lefthand":{"rotation":[21,0,0],"translation":[-9.5,7.25,-1]},"ground":{"translation":[0,7.75,0],"scale":[0.82227,0.82227,0.82227]},"gui":{"rotation":[90,-58,-24],"translation":[2.25,-2.5,0],"scale":[0.70508,0.70508,0.70508]},"head":{"translation":[-1.25,-17.5,0],"scale":[2.25,2.25,2.25]},"fixed":{"rotation":[90,90,0],"translation":[0,0,8.5],"scale":[1.38672,1.38672,1.38672]}}}