{"credit":"MadewithBlockbench","texture_size":[64,64],"textures":{"0":"ec_forgenfire:forgenfire_default/lava_still","particle":"ec_forgenfire:forgenfire_default/lava_still"},"elements":[{"from":[20.375,-0.35,7.91403],"to":[24.625,2.85,12.16403],"rotation":{"angle":-45,"axis":"y","origin":[24,1.375,9.16403]},"faces":{"north":{"uv":[10.66667,9.33333,12,10.33333],"texture":"#0"},"east":{"uv":[10.66667,10.33333,12,11.33333],"texture":"#0"},"south":{"uv":[11.33333,7.33333,12.66667,8.33333],"texture":"#0"},"west":{"uv":[10.66667,11.33333,12,12.33333],"texture":"#0"},"up":{"uv":[10.66667,10.66667,9.33333,9.33333],"texture":"#0"},"down":{"uv":[10.66667,10.66667,9.33333,12],"texture":"#0"}}},{"from":[-0.125,0.15,7.66403],"to":[21.125,2.6,9.66403],"rotation":{"angle":0,"axis":"y","origin":[9,1,5.91403]},"faces":{"north":{"uv":[0,6,7,6.66667],"texture":"#0"},"east":{"uv":[10,7.33333,10.66667,8],"texture":"#0"},"south":{"uv":[0,6.66667,7,7.33333],"texture":"#0"},"west":{"uv":[10.66667,7.33333,11.33333,8],"texture":"#0"},"up":{"uv":[14,6.66667,7,6],"texture":"#0"},"down":{"uv":[14,6.66667,7,7.33333],"texture":"#0"}}},{"from":[-5.125,-2.85,4.16403],"to":[3.125,6.6,13.16403],"rotation":{"angle":0,"axis":"y","origin":[9,1,5.91403]},"faces":{"north":{"uv":[3,0,5.66667,3],"texture":"#0"},"east":{"uv":[0,0,3,3],"texture":"#0"},"south":{"uv":[3,3,5.66667,6],"texture":"#0"},"west":{"uv":[0,3,3,6],"texture":"#0"},"up":{"uv":[8.33333,3,5.66667,0],"texture":"#0"},"down":{"uv":[8.33333,3,5.66667,6],"texture":"#0"}}},{"from":[-1.875,0.65,1.16403],"to":[0.375,2.85,16.16403],"rotation":{"angle":0,"axis":"y","origin":[-0.75,1.75,8.66403]},"faces":{"north":{"uv":[9.33333,12,10,12.66667],"texture":"#0"},"east":{"uv":[0,7.33333,5,8],"texture":"#0"},"south":{"uv":[12,9.33333,12.66667,10],"texture":"#0"},"west":{"uv":[5,7.33333,10,8],"texture":"#0"},"up":{"uv":[0.66667,13,0,8],"texture":"#0"},"down":{"uv":[1.33333,8,0.66667,13],"texture":"#0"}}},{"from":[-1.875,-5.75,7.56403],"to":[0.375,9.25,9.76403],"rotation":{"angle":0,"axis":"x","origin":[-0.75,1.75,8.66403]},"faces":{"north":{"uv":[2.66667,8.66667,3.33333,13.66667],"texture":"#0"},"east":{"uv":[3.33333,8.66667,4,13.66667],"texture":"#0"},"south":{"uv":[4,8.66667,4.66667,13.66667],"texture":"#0"},"west":{"uv":[4.66667,8.66667,5.33333,13.66667],"texture":"#0"},"up":{"uv":[12,13,11.33333,12.33333],"texture":"#0"},"down":{"uv":[13.33333,7.33333,12.66667,8],"texture":"#0"}}},{"from":[-1.875,-5.75,7.56403],"to":[0.375,9.25,9.76403],"rotation":{"angle":45,"axis":"x","origin":[-0.75,1.75,8.66403]},"faces":{"north":{"uv":[5.33333,8.66667,6,13.66667],"texture":"#0"},"east":{"uv":[6,8.66667,6.66667,13.66667],"texture":"#0"},"south":{"uv":[6.66667,8.66667,7.33333,13.66667],"texture":"#0"},"west":{"uv":[7.33333,8.66667,8,13.66667],"texture":"#0"},"up":{"uv":[13.33333,8.66667,12.66667,8],"texture":"#0"},"down":{"uv":[10,12.66667,9.33333,13.33333],"texture":"#0"}}},{"from":[-1.875,0.65,1.16403],"to":[0.375,2.85,16.16403],"rotation":{"angle":45,"axis":"x","origin":[-0.75,1.75,8.66403]},"faces":{"north":{"uv":[12.66667,9.33333,13.33333,10],"texture":"#0"},"east":{"uv":[8.33333,5.33333,13.33333,6],"texture":"#0"},"south":{"uv":[10,12.66667,10.66667,13.33333],"texture":"#0"},"west":{"uv":[8,8.66667,13,9.33333],"texture":"#0"},"up":{"uv":[8.66667,14.33333,8,9.33333],"texture":"#0"},"down":{"uv":[9.33333,9.33333,8.66667,14.33333],"texture":"#0"}}},{"from":[-1.875,0.65,1.16403],"to":[0.375,2.85,16.16403],"rotation":{"angle":-45,"axis":"y","origin":[-0.75,1.75,8.66403]},"faces":{"north":{"uv":[12,10.66667,12.66667,11.33333],"texture":"#0"},"east":{"uv":[8.33333,1.33333,13.33333,2],"texture":"#0"},"south":{"uv":[12,11.33333,12.66667,12],"texture":"#0"},"west":{"uv":[8.33333,2,13.33333,2.66667],"texture":"#0"},"up":{"uv":[2,13.66667,1.33333,8.66667],"texture":"#0"},"down":{"uv":[2.66667,8.66667,2,13.66667],"texture":"#0"}}},{"from":[-8.25,0.65,7.53903],"to":[6.75,2.85,9.78903],"rotation":{"angle":-45,"axis":"y","origin":[-0.75,1.75,8.66403]},"faces":{"north":{"uv":[8.33333,2.66667,13.33333,3.33333],"texture":"#0"},"east":{"uv":[12,12,12.66667,12.66667],"texture":"#0"},"south":{"uv":[8.33333,3.33333,13.33333,4],"texture":"#0"},"west":{"uv":[10.66667,12.33333,11.33333,13],"texture":"#0"},"up":{"uv":[13.33333,4.66667,8.33333,4],"texture":"#0"},"down":{"uv":[13.33333,4.66667,8.33333,5.33333],"texture":"#0"}}},{"from":[-8.25,0.65,7.53903],"to":[6.75,2.85,9.78903],"rotation":{"angle":0,"axis":"y","origin":[-0.75,1.75,8.66403]},"faces":{"north":{"uv":[1.33333,8,6.33333,8.66667],"texture":"#0"},"east":{"uv":[10,12,10.66667,12.66667],"texture":"#0"},"south":{"uv":[6.33333,8,11.33333,8.66667],"texture":"#0"},"west":{"uv":[12,10,12.66667,10.66667],"texture":"#0"},"up":{"uv":[13.33333,0.66667,8.33333,0],"texture":"#0"},"down":{"uv":[13.33333,0.66667,8.33333,1.33333],"texture":"#0"}}}],"gui_light":"front","display":{"thirdperson_righthand":{"rotation":[50.5,0,0],"translation":[-5.5,5,3.75],"scale":[0.69531,0.69531,0.69531]},"thirdperson_lefthand":{"rotation":[50.5,0,0],"translation":[-5.5,5,3.75],"scale":[0.69531,0.69531,0.69531]},"firstperson_righthand":{"rotation":[21,0,0],"translation":[-9.5,7.25,-1]},"firstperson_lefthand":{"rotation":[21,0,0],"translation":[-9.5,7.25,-1]},"ground":{"translation":[0,7.75,0],"scale":[0.82227,0.82227,0.82227]},"gui":{"rotation":[90,-58,-24],"translation":[2.25,-2.5,0],"scale":[0.70508,0.70508,0.70508]},"head":{"translation":[-1.25,-17.5,0],"scale":[2.25,2.25,2.25]},"fixed":{"rotation":[90,90,0],"translation":[0,0,8.5],"scale":[1.38672,1.38672,1.38672]}}}