{"credit":"MadewithBlockbench","texture_size":[32,32],"textures":{"0":"ec_forgenfire:forgenfire_default/tong","particle":"ec_forgenfire:forgenfire_default/tong"},"elements":[{"from":[11.25,13,6],"to":[13.25,16,8],"rotation":{"angle":22.5,"axis":"z","origin":[18.25,7,7]},"faces":{"north":{"uv":[8,5,9,6.5],"texture":"#0","tintindex":0},"east":{"uv":[8,6.5,9,8],"texture":"#0"},"south":{"uv":[5,8.5,6,10],"texture":"#0","tintindex":0},"west":{"uv":[4,8.5,5,10],"texture":"#0"},"up":{"uv":[10,7.5,9,6.5],"texture":"#0"},"down":{"uv":[10,7.5,9,8.5],"texture":"#0"}}},{"from":[6.3526,9.70052,6],"to":[8.3526,12.70052,8],"rotation":{"angle":0,"axis":"z","origin":[4.24999,7.0068,7]},"faces":{"north":{"uv":[5,8.5,6,10],"texture":"#0","tintindex":0},"east":{"uv":[9,0,10,1.5],"texture":"#0"},"south":{"uv":[6,8.5,5,10],"texture":"#0","tintindex":0},"west":{"uv":[9,3,10,4.5],"texture":"#0"},"up":{"uv":[10,10.5,9,9.5],"texture":"#0"},"down":{"uv":[11,0,10,1],"texture":"#0"}}},{"from":[11,4.5,6.25],"to":[12.5,10.5,7.75],"rotation":{"angle":22.5,"axis":"z","origin":[11.75,7,7]},"faces":{"north":{"uv":[1,5,1.75,8],"texture":"#0","tintindex":0},"east":{"uv":[2,5,2.75,8],"texture":"#0"},"south":{"uv":[3,5,3.75,8],"texture":"#0"},"west":{"uv":[5,3,5.75,6],"texture":"#0"},"up":{"uv":[0.75,11.25,0,10.5],"texture":"#0"},"down":{"uv":[1.75,10.5,1,11.25],"texture":"#0"}}},{"from":[6.6026,3.70052,6.25],"to":[8.1026,9.70052,7.75],"rotation":{"angle":0,"axis":"z","origin":[4.24999,7.0068,7]},"faces":{"north":{"uv":[1,5,1.75,8],"texture":"#0","tintindex":0},"east":{"uv":[5.75,3,5,6],"texture":"#0"},"south":{"uv":[3.75,5,3,8],"texture":"#0"},"west":{"uv":[2.75,5,2,8],"texture":"#0"},"up":{"uv":[0,11.25,0.75,10.5],"texture":"#0"},"down":{"uv":[1,10.5,1.75,11.25],"texture":"#0"}}},{"from":[11.25,2,6],"to":[13.25,7,8],"rotation":{"angle":22.5,"axis":"z","origin":[18.25,7,7]},"faces":{"north":{"uv":[1,2.5,2,5],"texture":"#0","tintindex":0},"east":{"uv":[2,2.5,3,5],"texture":"#0"},"south":{"uv":[0,0,1,2.5],"texture":"#0","tintindex":0},"west":{"uv":[3,2.5,4,5],"texture":"#0"},"up":{"uv":[10,9.5,9,8.5],"texture":"#0"},"down":{"uv":[9,9.5,8,10.5],"texture":"#0"}}},{"from":[6.34738,-1.28692,6],"to":[8.34738,3.71308,8],"rotation":{"angle":0,"axis":"z","origin":[4.24999,7.0068,7]},"faces":{"north":{"uv":[2,2.5,1,5],"texture":"#0","tintindex":0},"east":{"uv":[4,2.5,3,5],"texture":"#0"},"south":{"uv":[1,0,0,2.5],"texture":"#0","tintindex":0},"west":{"uv":[3,2.5,2,5],"texture":"#0"},"up":{"uv":[9,9.5,10,8.5],"texture":"#0"},"down":{"uv":[8,9.5,9,10.5],"texture":"#0"}}},{"from":[9.95482,13.71657,6.1],"to":[11.45482,18.21657,7.8],"rotation":{"angle":-22.5,"axis":"z","origin":[7.1,16.6425,6.9625]},"faces":{"north":{"uv":[6,0,6.75,2.25],"texture":"#0","tintindex":0},"east":{"uv":[6,2.5,6.75,4.75],"texture":"#0"},"south":{"uv":[6.75,0,6,2.25],"texture":"#0","tintindex":0},"west":{"uv":[5,6,5.75,8.25],"texture":"#0"},"up":{"uv":[10.75,1.75,10,1],"texture":"#0"},"down":{"uv":[10.75,2,10,2.75],"texture":"#0"}}},{"from":[9.50054,13.08415,6.2],"to":[10.80054,17.58415,7.7],"rotation":{"angle":45,"axis":"z","origin":[7.1,16.6425,6.9625]},"faces":{"north":{"uv":[6,5,6.75,7.25],"texture":"#0","tintindex":0},"east":{"uv":[7,0,7.75,2.25],"texture":"#0"},"south":{"uv":[6.75,5,6,7.25],"texture":"#0","tintindex":0},"west":{"uv":[7,5,7.75,7.25],"texture":"#0"},"up":{"uv":[10.75,3.75,10,3],"texture":"#0"},"down":{"uv":[4.75,10,4,10.75],"texture":"#0"}}},{"from":[7.56088,18.85309,6.35],"to":[9.06088,19.90309,7.6],"rotation":{"angle":0,"axis":"z","origin":[7.1,16.6425,6.9625]},"faces":{"north":{"uv":[11,0,11.75,0.5],"texture":"#0","tintindex":0},"east":{"uv":[11,0.5,11.75,1],"texture":"#0"},"south":{"uv":[11.75,0,11,0.5],"texture":"#0","tintindex":0},"west":{"uv":[11,1.5,11.75,2],"texture":"#0"},"up":{"uv":[10.75,4.75,10,4],"texture":"#0"},"down":{"uv":[5.75,10,5,10.75],"texture":"#0"}}},{"from":[8.42669,18.66945,6.45],"to":[9.47669,20.66945,7.5],"rotation":{"angle":22.5,"axis":"z","origin":[7.1,16.6425,6.9625]},"faces":{"north":{"uv":[2,10.5,2.5,11.5],"texture":"#0","tintindex":0},"east":{"uv":[2.5,10.5,3,11.5],"texture":"#0"},"south":{"uv":[2.5,10.5,2,11.5],"texture":"#0","tintindex":0},"west":{"uv":[3.5,10.5,4,11.5],"texture":"#0"},"up":{"uv":[4.5,11.5,4,11],"texture":"#0"},"down":{"uv":[11.5,4,11,4.5],"texture":"#0"}}},{"from":[4.72331,18.66945,6.45],"to":[5.77331,20.66945,7.5],"rotation":{"angle":22.5,"axis":"z","origin":[7.1,16.6425,6.9625]},"faces":{"north":{"uv":[2.5,10.5,2,11.5],"texture":"#0","tintindex":0},"east":{"uv":[4,10.5,3.5,11.5],"texture":"#0"},"south":{"uv":[2,10.5,2.5,11.5],"texture":"#0","tintindex":0},"west":{"uv":[3,10.5,2.5,11.5],"texture":"#0"},"up":{"uv":[4,11.5,4.5,11],"texture":"#0"},"down":{"uv":[11,4,11.5,4.5],"texture":"#0"}}},{"from":[5.13912,18.85309,6.35],"to":[6.63912,19.90309,7.6],"rotation":{"angle":45,"axis":"z","origin":[7.1,16.6425,6.9625]},"faces":{"north":{"uv":[11.75,0,11,0.5],"texture":"#0","tintindex":0},"east":{"uv":[11.75,1.5,11,2],"texture":"#0"},"south":{"uv":[11,0,11.75,0.5],"texture":"#0","tintindex":0},"west":{"uv":[11.75,0.5,11,1],"texture":"#0"},"up":{"uv":[10,4.75,10.75,4],"texture":"#0"},"down":{"uv":[5,10,5.75,10.75],"texture":"#0"}}},{"from":[3.39946,13.08415,6.2],"to":[4.69946,17.58415,7.7],"rotation":{"angle":0,"axis":"z","origin":[7.1,16.6425,6.9625]},"faces":{"north":{"uv":[6.75,5,6,7.25],"texture":"#0","tintindex":0},"east":{"uv":[7.75,5,7,7.25],"texture":"#0"},"south":{"uv":[6,5,6.75,7.25],"texture":"#0","tintindex":0},"west":{"uv":[7.75,0,7,2.25],"texture":"#0"},"up":{"uv":[10,3.75,10.75,3],"texture":"#0"},"down":{"uv":[4,10,4.75,10.75],"texture":"#0"}}},{"from":[5.52594,12.28768,6.1],"to":[10.02594,13.78768,7.8],"rotation":{"angle":-22.5,"axis":"z","origin":[7.1,16.6425,6.9625]},"faces":{"north":{"uv":[6.75,0,6,2.25],"rotation":90,"texture":"#0","tintindex":0},"east":{"uv":[10,2,10.75,2.75],"rotation":270,"texture":"#0"},"south":{"uv":[6,0,6.75,2.25],"rotation":270,"texture":"#0","tintindex":0},"west":{"uv":[10,1.75,10.75,1],"rotation":270,"texture":"#0"},"up":{"uv":[5.75,6,5,8.25],"rotation":270,"texture":"#0"},"down":{"uv":[6.75,2.5,6,4.75],"rotation":270,"texture":"#0"}}}],"gui_light":"front","display":{"thirdperson_righthand":{"rotation":[-56.87,85.23,50.84],"translation":[1,-1.5,2.5],"scale":[0.70508,0.70508,0.70508]},"thirdperson_lefthand":{"rotation":[-56.87,85.23,50.84],"translation":[1,-1.5,2.5],"scale":[0.70508,0.70508,0.70508]},"firstperson_righthand":{"rotation":[-7,-63,37],"translation":[4,-7.25,-2.25],"scale":[1.76367,1.76367,1.76367]},"firstperson_lefthand":{"rotation":[-7,-63,37],"translation":[4,-7.25,-2.25],"scale":[1.76367,1.76367,1.76367]},"ground":{"rotation":[91,0,0],"scale":[0.7207,0.7207,0.7207]},"gui":{"rotation":[0,0,28.75],"translation":[-0.25,-1,0],"scale":[0.75391,0.75391,0.75391]},"fixed":{"translation":[-1.75,-2.5,-0.5],"scale":[1.74609,1.74609,1.74609]}}}