{"credit":"MadewithBlockbench","texture_size":[64,64],"textures":{"0":"ec_forgenfire:forgenfire_default/tray","particle":"ec_forgenfire:forgenfire_default/tray"},"elements":[{"from":[4,0,0],"to":[12,2,16],"faces":{"north":{"uv":[3,6.5,5,7],"texture":"#0"},"east":{"uv":[3,5,7,5.5],"texture":"#0"},"south":{"uv":[5,6.5,7,7],"texture":"#0"},"west":{"uv":[5,3,9,3.5],"texture":"#0"},"up":{"uv":[2,4,0,0],"texture":"#0"},"down":{"uv":[4,0,2,4],"texture":"#0"}}},{"from":[0.88731,1.17495,0.27479],"to":[4.88731,3.17495,15.77479],"rotation":{"angle":-45,"axis":"z","origin":[3.63731,1.92495,8.02479]},"faces":{"north":{"uv":[7,5.5,8,6],"texture":"#0"},"east":{"uv":[5,3.5,8.875,4],"texture":"#0"},"south":{"uv":[5.75,7,6.75,7.5],"texture":"#0"},"west":{"uv":[3,5.5,6.875,6],"texture":"#0"},"up":{"uv":[1,7.875,0,4],"texture":"#0"},"down":{"uv":[5,0,4,3.875],"texture":"#0"}}},{"from":[2.56929,3.81759,15.67479],"to":[13.31929,7.81759,17.17479],"rotation":{"angle":22.5,"axis":"x","origin":[6.81929,6.16759,8.02479]},"faces":{"north":{"uv":[3,4,5.75,5],"texture":"#0"},"east":{"uv":[3,7.5,3.375,8.5],"texture":"#0"},"south":{"uv":[5,0,7.75,1],"texture":"#0"},"west":{"uv":[3.5,7.5,3.875,8.5],"texture":"#0"},"up":{"uv":[5.75,6.375,3,6],"texture":"#0"},"down":{"uv":[8.5,6,5.75,6.375],"texture":"#0"}}},{"from":[2.81929,3.81759,-1.17479],"to":[13.31929,7.81759,0.32521],"rotation":{"angle":-22.5,"axis":"x","origin":[6.81929,6.16759,7.97521]},"faces":{"north":{"uv":[5,1,7.625,2],"texture":"#0"},"east":{"uv":[4,7.5,4.375,8.5],"texture":"#0"},"south":{"uv":[5,2,7.625,3],"texture":"#0"},"west":{"uv":[4.5,7.5,4.875,8.5],"texture":"#0"},"up":{"uv":[5.75,6.375,3,6],"texture":"#0"},"down":{"uv":[9.625,5,7,5.375],"texture":"#0"}}},{"from":[11.11269,1.17495,0.27479],"to":[15.11269,3.17495,15.77479],"rotation":{"angle":45,"axis":"z","origin":[12.36269,1.92495,8.02479]},"faces":{"north":{"uv":[7,6.5,8,7],"texture":"#0"},"east":{"uv":[3,5.5,6.875,6],"texture":"#0"},"south":{"uv":[6.75,7,7.75,7.5],"texture":"#0"},"west":{"uv":[5.75,4.5,9.625,5],"texture":"#0"},"up":{"uv":[2,7.875,1,4],"texture":"#0"},"down":{"uv":[3,4,2,7.875],"texture":"#0"}}},{"from":[8.25,2,10],"to":[10.25,4,14],"rotation":{"angle":-22.5,"axis":"y","origin":[10,3,12]},"faces":{"north":{"uv":[0.875,9.875,0.375,10.375],"texture":"#0"},"east":{"uv":[0.875,9.875,0.375,10.875],"rotation":90,"texture":"#0"},"south":{"uv":[0.875,9.875,0.375,10.375],"texture":"#0"},"west":{"uv":[0.875,10.875,0.375,9.875],"rotation":90,"texture":"#0"},"up":{"uv":[0.375,9.875,0.875,10.875],"texture":"#0"},"down":{"uv":[0.375,9.875,0.875,10.875],"texture":"#0"}}}],"gui_light":"front","display":{"thirdperson_righthand":{"rotation":[161.48,88.36,-91.62],"translation":[-5.5,4,3.5],"scale":[0.72656,0.72656,0.72656]},"thirdperson_lefthand":{"rotation":[161.48,88.36,-91.62],"translation":[-5.5,4,3.5],"scale":[0.72656,0.72656,0.72656]},"firstperson_righthand":{"rotation":[0,93,0],"translation":[-8.75,5,-3.5]},"firstperson_lefthand":{"rotation":[0,93,0],"translation":[-8.75,5,-3.5]},"ground":{"translation":[0,4.25,0]},"gui":{"rotation":[27,144,0],"translation":[0,1,0],"scale":[0.76172,0.76172,0.76172]},"head":{"translation":[0,-30.5,0],"scale":[1.38867,1.38867,1.38867]},"fixed":{"rotation":[90,0,180],"translation":[0,0,-15.75],"scale":[1.95508,1.95508,1.95508]}}}