{"credit":"MadewithBlockbench","texture_size":[64,64],"textures":{"2":"ec_forgenfire:forgenfire_default_weapons/jade_hoe","particle":"ec_forgenfire:forgenfire_default_weapons/jade_hoe"},"elements":[{"from":[7.5,-2,7.5],"to":[8.5,22.75,8.5],"rotation":{"angle":0,"axis":"y","origin":[7,0,7]},"faces":{"north":{"uv":[0,4.5,0.25,10.75],"texture":"#2"},"east":{"uv":[0.25,4.5,0.5,10.75],"texture":"#2"},"south":{"uv":[0.5,4.5,0.75,10.75],"texture":"#2"},"west":{"uv":[0.75,4.5,1,10.75],"texture":"#2"},"up":{"uv":[6.75,0.75,6.5,0.5],"texture":"#2"},"down":{"uv":[6.75,0.75,6.5,1],"texture":"#2"}}},{"from":[7.25,18,7.25],"to":[8.75,22,8.75],"rotation":{"angle":45,"axis":"y","origin":[8,20,8]},"faces":{"north":{"uv":[4,5.5,4.375,6.5],"texture":"#2"},"east":{"uv":[4.5,5.5,4.875,6.5],"texture":"#2"},"south":{"uv":[5.5,4.5,5.875,5.5],"texture":"#2"},"west":{"uv":[5.5,5.5,5.875,6.5],"texture":"#2"},"up":{"uv":[3.625,6.625,3.25,6.25],"texture":"#2"},"down":{"uv":[5.375,6.25,5,6.625],"texture":"#2"}}},{"from":[6,13,7],"to":[10,17,9],"rotation":{"angle":45,"axis":"z","origin":[8,15,8]},"faces":{"north":{"uv":[1,4.5,2,5.5],"texture":"#2"},"east":{"uv":[3,4.5,3.5,5.5],"texture":"#2"},"south":{"uv":[2,4.5,3,5.5],"texture":"#2"},"west":{"uv":[3.5,4.5,4,5.5],"texture":"#2"},"up":{"uv":[5,5,4,4.5],"texture":"#2"},"down":{"uv":[5,5,4,5.5],"texture":"#2"}}},{"from":[8.7153,10.91761,7.75],"to":[10.2153,15.91761,8.25],"rotation":{"angle":-22.5,"axis":"z","origin":[8.2153,13.91761,8]},"faces":{"north":{"uv":[5,4.5,5.375,5.75],"texture":"#2"},"east":{"uv":[6,6,6.125,7.25],"texture":"#2"},"south":{"uv":[1,5.5,1.375,6.75],"texture":"#2"},"west":{"uv":[2.5,6.25,2.625,7.5],"texture":"#2"},"up":{"uv":[6.875,1.125,6.5,1],"texture":"#2"},"down":{"uv":[6.875,1.25,6.5,1.375],"texture":"#2"}}},{"from":[5.7847,10.91761,7.75],"to":[7.2847,15.91761,8.25],"rotation":{"angle":22.5,"axis":"z","origin":[7.7847,13.91761,8]},"faces":{"north":{"uv":[1.5,5.5,1.875,6.75],"texture":"#2"},"east":{"uv":[2.75,6.25,2.875,7.5],"texture":"#2"},"south":{"uv":[2,5.5,2.375,6.75],"texture":"#2"},"west":{"uv":[3,6.25,3.125,7.5],"texture":"#2"},"up":{"uv":[6.875,1.625,6.5,1.5],"texture":"#2"},"down":{"uv":[6.875,1.75,6.5,1.875],"texture":"#2"}}},{"from":[6.75,9.15381,7.25],"to":[9.25,11.65381,8.75],"rotation":{"angle":45,"axis":"z","origin":[8,10.40381,8]},"faces":{"north":{"uv":[2.5,5.5,3.125,6.125],"texture":"#2"},"east":{"uv":[6,3.5,6.375,4.125],"texture":"#2"},"south":{"uv":[3.25,5.5,3.875,6.125],"texture":"#2"},"west":{"uv":[6,4.25,6.375,4.875],"texture":"#2"},"up":{"uv":[6.625,5.375,6,5],"texture":"#2"},"down":{"uv":[6.625,5.5,6,5.875],"texture":"#2"}}},{"from":[7,-3.75,7],"to":[9,-2,9],"rotation":{"angle":0,"axis":"y","origin":[7,0,7]},"faces":{"north":{"uv":[5,5.75,5.5,6.25],"texture":"#2"},"east":{"uv":[6,0,6.5,0.5],"texture":"#2"},"south":{"uv":[6,0.5,6.5,1],"texture":"#2"},"west":{"uv":[6,1,6.5,1.5],"texture":"#2"},"up":{"uv":[6.5,2,6,1.5],"texture":"#2"},"down":{"uv":[6.5,2,6,2.5],"texture":"#2"}}},{"from":[7,-5.75,7.5],"to":[9,-3.75,8.5],"rotation":{"angle":45,"axis":"z","origin":[8,-4.75,8]},"faces":{"north":{"uv":[6,2.5,6.5,3],"texture":"#2"},"east":{"uv":[3.75,6.25,4,6.75],"texture":"#2"},"south":{"uv":[6,3,6.5,3.5],"texture":"#2"},"west":{"uv":[6.25,6,6.5,6.5],"texture":"#2"},"up":{"uv":[7,0.25,6.5,0],"texture":"#2"},"down":{"uv":[7,0.25,6.5,0.5],"texture":"#2"}}},{"from":[-7,12,8],"to":[17,21,8],"rotation":{"angle":0,"axis":"y","origin":[7,0,6]},"faces":{"north":{"uv":[0,0,6,2.25],"texture":"#2"},"east":{"uv":[0,0,0,2.25],"texture":"#2"},"south":{"uv":[0,2.25,6,4.5],"texture":"#2"},"west":{"uv":[0,0,0,2.25],"texture":"#2"},"up":{"uv":[6,0,0,0],"texture":"#2"},"down":{"uv":[6,0,0,0],"texture":"#2"}}}],"gui_light":"front","display":{"thirdperson_righthand":{"rotation":[0,-90,0],"translation":[0,4.5,0.5]},"thirdperson_lefthand":{"rotation":[0,90,0],"translation":[0,4.5,0.5]},"firstperson_righthand":{"rotation":[-20.57,-87.86,-20.58],"translation":[0,3.5,0]},"firstperson_lefthand":{"rotation":[-175.01,81.08,175.77],"translation":[0,3.5,0]},"ground":{"translation":[0,8.25,0],"scale":[0.82,0.82,0.82]},"gui":{"rotation":[0,0,-45],"translation":[-1,-1.25,0],"scale":[0.6,0.6,0.6]},"head":{"scale":[0,0,0]},"fixed":{"translation":[0,0,-3]}}}