{
	"credit": "Made with Blockbench",
	"texture_size": [64, 64],
	"textures": {
		"1": "ec_forgenfire:forgenfire_default_weapons/jade_fishing_rod"
	},
	"elements": [
		{
			"from": [7.5, -2, 7.5],
			"to": [8.5, 13.25, 8.5],
			"rotation": {"angle": 0, "axis": "y", "origin": [7, 0, 7]},
			"faces": {
				"north": {"uv": [0, 5.75, 0.25, 9.625], "texture": "#1"},
				"east": {"uv": [0.25, 5.75, 0.5, 9.625], "texture": "#1"},
				"south": {"uv": [0.5, 5.75, 0.75, 9.625], "texture": "#1"},
				"west": {"uv": [0.75, 5.75, 1, 9.625], "texture": "#1"},
				"up": {"uv": [1.5, 7.25, 1.25, 7], "texture": "#1"},
				"down": {"uv": [1.75, 7, 1.5, 7.25], "texture": "#1"}
			}
		},
		{
			"from": [6.66011, 1.53076, 7.75],
			"to": [7.66011, 5.53076, 8.25],
			"rotation": {"angle": -22.5, "axis": "z", "origin": [7.16011, 3.53076, 8]},
			"faces": {
				"north": {"uv": [3.5, 6.5, 3.75, 7.5], "texture": "#1"},
				"east": {"uv": [7, 0.75, 7.125, 1.75], "texture": "#1"},
				"south": {"uv": [3.75, 6.5, 4, 7.5], "texture": "#1"},
				"west": {"uv": [1, 7, 1.125, 8], "texture": "#1"},
				"up": {"uv": [7.25, 4.125, 7, 4], "texture": "#1"},
				"down": {"uv": [7.25, 4.25, 7, 4.375], "texture": "#1"}
			}
		},
		{
			"from": [-0.5, 4.40381, 7.25],
			"to": [2.5, 7.40381, 8.75],
			"rotation": {"angle": 45, "axis": "z", "origin": [8, 10.40381, 8]},
			"faces": {
				"north": {"uv": [1, 5.75, 1.75, 6.5], "texture": "#1"},
				"east": {"uv": [3.5, 5.75, 3.875, 6.5], "texture": "#1"},
				"south": {"uv": [1.75, 5.75, 2.5, 6.5], "texture": "#1"},
				"west": {"uv": [4, 5.75, 4.375, 6.5], "texture": "#1"},
				"up": {"uv": [5.25, 6.125, 4.5, 5.75], "texture": "#1"},
				"down": {"uv": [6, 5.75, 5.25, 6.125], "texture": "#1"}
			}
		},
		{
			"from": [7, -3.75, 7],
			"to": [9, -2, 9],
			"rotation": {"angle": 0, "axis": "y", "origin": [7, 0, 7]},
			"faces": {
				"north": {"uv": [6, 5.75, 6.5, 6.25], "texture": "#1"},
				"east": {"uv": [4.5, 6.25, 5, 6.75], "texture": "#1"},
				"south": {"uv": [5, 6.25, 5.5, 6.75], "texture": "#1"},
				"west": {"uv": [5.5, 6.25, 6, 6.75], "texture": "#1"},
				"up": {"uv": [6.5, 6.75, 6, 6.25], "texture": "#1"},
				"down": {"uv": [1.5, 6.5, 1, 7], "texture": "#1"}
			}
		},
		{
			"from": [7, -5.75, 7.5],
			"to": [9, -3.75, 8.5],
			"rotation": {"angle": 45, "axis": "z", "origin": [8, -4.75, 8]},
			"faces": {
				"north": {"uv": [1.5, 6.5, 2, 7], "texture": "#1"},
				"east": {"uv": [6, 6.75, 6.25, 7.25], "texture": "#1"},
				"south": {"uv": [2, 6.5, 2.5, 7], "texture": "#1"},
				"west": {"uv": [6.25, 6.75, 6.5, 7.25], "texture": "#1"},
				"up": {"uv": [7.5, 0.5, 7, 0.25], "texture": "#1"},
				"down": {"uv": [7.5, 0.5, 7, 0.75], "texture": "#1"}
			}
		},
		{
			"from": [4.6141, 12.47224, 7.494],
			"to": [5.6261, 15.48424, 8.506],
			"rotation": {"angle": 22.5, "axis": "z", "origin": [5.1201, 20.10324, 8]},
			"faces": {
				"north": {"uv": [4, 6.5, 4.25, 7.25], "texture": "#1"},
				"east": {"uv": [4.25, 6.5, 4.5, 7.25], "texture": "#1"},
				"south": {"uv": [6.5, 5.75, 6.75, 6.5], "texture": "#1"},
				"west": {"uv": [6.5, 6.5, 6.75, 7.25], "texture": "#1"},
				"up": {"uv": [2, 7.25, 1.75, 7], "texture": "#1"},
				"down": {"uv": [7.25, 1.75, 7, 2], "texture": "#1"}
			}
		},
		{
			"from": [4.58018, 16.5783, 7.496],
			"to": [7.58818, 17.5863, 8.504],
			"rotation": {"angle": -45, "axis": "z", "origin": [5.58418, 17.0823, 8]},
			"faces": {
				"north": {"uv": [4.5, 6.75, 5.25, 7], "texture": "#1"},
				"east": {"uv": [2, 7, 2.25, 7.25], "texture": "#1"},
				"south": {"uv": [5.25, 6.75, 6, 7], "texture": "#1"},
				"west": {"uv": [7, 2, 7.25, 2.25], "texture": "#1"},
				"up": {"uv": [7.5, 6, 6.75, 5.75], "texture": "#1"},
				"down": {"uv": [7.5, 6, 6.75, 6.25], "texture": "#1"}
			}
		},
		{
			"from": [2.15147, 17.75304, 7.498],
			"to": [5.15547, 18.75704, 8.502],
			"rotation": {"angle": -22.5, "axis": "z", "origin": [3.65347, 18.25504, 8]},
			"faces": {
				"north": {"uv": [6.75, 6.25, 7.5, 6.5], "texture": "#1"},
				"east": {"uv": [2.25, 7, 2.5, 7.25], "texture": "#1"},
				"south": {"uv": [6.75, 6.5, 7.5, 6.75], "texture": "#1"},
				"west": {"uv": [7, 2.25, 7.25, 2.5], "texture": "#1"},
				"up": {"uv": [7.5, 7, 6.75, 6.75], "texture": "#1"},
				"down": {"uv": [7.75, 0, 7, 0.25], "texture": "#1"}
			}
		},
		{
			"from": [2.5, 0, 8],
			"to": [16, 23, 8],
			"rotation": {"angle": 0, "axis": "y", "origin": [7, 0, 8]},
			"faces": {
				"north": {"uv": [0, 0, 3.375, 5.75], "texture": "#1"},
				"east": {"uv": [0, 0, 0, 5.75], "texture": "#1"},
				"south": {"uv": [3.5, 0, 6.875, 5.75], "texture": "#1"},
				"west": {"uv": [0, 0, 0, 5.75], "texture": "#1"},
				"up": {"uv": [3.375, 0, 0, 0], "texture": "#1"},
				"down": {"uv": [3.375, 0, 0, 0], "texture": "#1"}
			}
		}
	],"gui_light": "front",
	"display": {
		"thirdperson_righthand": {
			"rotation": [0, -90, 0],
			"translation": [0, 4.5, 0.5]
		},
		"thirdperson_lefthand": {
			"rotation": [0, 90, 0],
			"translation": [0, 4.5, 0.5]
		},
		"firstperson_righthand": {
			"rotation": [-2, -64, 0],
			"translation": [-1.75, -3, 6]
		},
		"firstperson_lefthand": {
			"rotation": [-2, 98, 0],
			"translation": [-1.75, -3, 6]
		},
		"ground": {
			"translation": [0, 8.25, 0],
			"scale": [0.82, 0.82, 0.82]
		},
		"gui": {
			"rotation": [-180, 0, -144.25],
			"translation": [-1, 0.75, 0],
			"scale": [0.75, 0.75, 0.75]
		},
		"head": {
			"scale": [0, 0, 0]
		},
		"fixed": {
			"translation": [0, 0, -3]
		}
	}
}