{"credit":"MadewithBlockbench","texture_size":[32,32],"textures":{"2":"ec_forgenfire:forgenfire_default_weapons/jade_shovel","particle":"ec_forgenfire:forgenfire_default_weapons/jade_shovel"},"elements":[{"from":[7.5,-2,7.5],"to":[8.5,15.75,8.5],"rotation":{"angle":0,"axis":"y","origin":[7,0,7]},"faces":{"north":{"uv":[0,7,0.5,16],"texture":"#2"},"east":{"uv":[0.5,7,1,16],"texture":"#2"},"south":{"uv":[1,7,1.5,16],"texture":"#2"},"west":{"uv":[1.5,7,2,16],"texture":"#2"},"up":{"uv":[8,9.5,7.5,9],"texture":"#2"},"down":{"uv":[10.5,6.5,10,7],"texture":"#2"}}},{"from":[6,13,7],"to":[10,17,9],"rotation":{"angle":45,"axis":"z","origin":[8,15,8]},"faces":{"north":{"uv":[2,7,4,9],"texture":"#2"},"east":{"uv":[6,7,7,9],"texture":"#2"},"south":{"uv":[4,7,6,9],"texture":"#2"},"west":{"uv":[7,7,8,9],"texture":"#2"},"up":{"uv":[10,1,8,0],"texture":"#2"},"down":{"uv":[10,1,8,2],"texture":"#2"}}},{"from":[8.7153,10.91761,7.75],"to":[10.2153,15.91761,8.25],"rotation":{"angle":-22.5,"axis":"z","origin":[8.2153,13.91761,8]},"faces":{"north":{"uv":[8,2,8.75,4.5],"texture":"#2"},"east":{"uv":[8.5,9.5,8.75,12],"texture":"#2"},"south":{"uv":[8,4.5,8.75,7],"texture":"#2"},"west":{"uv":[10,3.5,10.25,6],"texture":"#2"},"up":{"uv":[10.75,7.25,10,7],"texture":"#2"},"down":{"uv":[10.75,7.5,10,7.75],"texture":"#2"}}},{"from":[5.7847,10.91761,7.75],"to":[7.2847,15.91761,8.25],"rotation":{"angle":22.5,"axis":"z","origin":[7.7847,13.91761,8]},"faces":{"north":{"uv":[8,7,8.75,9.5],"texture":"#2"},"east":{"uv":[4.5,10,4.75,12.5],"texture":"#2"},"south":{"uv":[2,9,2.75,11.5],"texture":"#2"},"west":{"uv":[5,10,5.25,12.5],"texture":"#2"},"up":{"uv":[10.75,8.25,10,8],"texture":"#2"},"down":{"uv":[10.75,8.5,10,8.75],"texture":"#2"}}},{"from":[6.75,9.15381,7.25],"to":[9.25,11.65381,8.75],"rotation":{"angle":45,"axis":"z","origin":[8,10.40381,8]},"faces":{"north":{"uv":[9,2,10.25,3.25],"texture":"#2"},"east":{"uv":[9,8.5,9.75,9.75],"texture":"#2"},"south":{"uv":[3,9,4.25,10.25],"texture":"#2"},"west":{"uv":[7.5,9.5,8.25,10.75],"texture":"#2"},"up":{"uv":[11.25,0.75,10,0],"texture":"#2"},"down":{"uv":[11.25,1,10,1.75],"texture":"#2"}}},{"from":[7,-3.75,7],"to":[9,-2,9],"rotation":{"angle":0,"axis":"y","origin":[7,0,7]},"faces":{"north":{"uv":[9,3.5,10,4.5],"texture":"#2"},"east":{"uv":[4.5,9,5.5,10],"texture":"#2"},"south":{"uv":[9,4.5,10,5.5],"texture":"#2"},"west":{"uv":[5.5,9,6.5,10],"texture":"#2"},"up":{"uv":[10,6.5,9,5.5],"texture":"#2"},"down":{"uv":[7.5,9,6.5,10],"texture":"#2"}}},{"from":[7,-5.75,7.5],"to":[9,-3.75,8.5],"rotation":{"angle":45,"axis":"z","origin":[8,-4.75,8]},"faces":{"north":{"uv":[9,6.5,10,7.5],"texture":"#2"},"east":{"uv":[5.5,10,6,11],"texture":"#2"},"south":{"uv":[9,7.5,10,8.5],"texture":"#2"},"west":{"uv":[6,10,6.5,11],"texture":"#2"},"up":{"uv":[11,6.5,10,6],"texture":"#2"},"down":{"uv":[7.5,10,6.5,10.5],"texture":"#2"}}},{"from":[4,14,8],"to":[12,28,8],"rotation":{"angle":0,"axis":"y","origin":[7,0,8]},"faces":{"north":{"uv":[0,0,4,7],"texture":"#2"},"east":{"uv":[0,0,0,7],"texture":"#2"},"south":{"uv":[4,0,8,7],"texture":"#2"},"west":{"uv":[0,0,0,7],"texture":"#2"},"up":{"uv":[4,0,0,0],"texture":"#2"},"down":{"uv":[4,0,0,0],"texture":"#2"}}}],"gui_light":"front","display":{"thirdperson_righthand":{"rotation":[0,-90,0],"translation":[0,4.5,0.5]},"thirdperson_lefthand":{"rotation":[0,90,0],"translation":[0,4.5,0.5]},"firstperson_righthand":{"rotation":[-1.6,-73.16,9.05],"translation":[0,0.25,0]},"firstperson_lefthand":{"rotation":[-1.6,-73.16,9.05],"translation":[0,0.25,0]},"ground":{"translation":[0,8.25,0],"scale":[0.82,0.82,0.82]},"gui":{"rotation":[0,0,-45],"translation":[-1,-1.25,0],"scale":[0.6,0.6,0.6]},"head":{"scale":[0,0,0]},"fixed":{"translation":[0,0,-3]}}}