{"credit":"MadewithBlockbench","texture_size":[64,64],"textures":{"1":"ec_forgenfire:forgenfire_default_weapons/jade_pickaxe"},"elements":[{"from":[7.5,-2,7.5],"to":[8.5,22.75,8.5],"rotation":{"angle":0,"axis":"y","origin":[7,0,7]},"faces":{"north":{"uv":[0,5.5,0.25,11.75],"texture":"#1"},"east":{"uv":[5.5,0,5.75,6.25],"texture":"#1"},"south":{"uv":[0.25,5.5,0.5,11.75],"texture":"#1"},"west":{"uv":[0.5,5.5,0.75,11.75],"texture":"#1"},"up":{"uv":[5.5,6.25,5.25,6],"texture":"#1"},"down":{"uv":[6.5,4,6.25,4.25],"texture":"#1"}}},{"from":[7.25,18,7.25],"to":[8.75,22,8.75],"rotation":{"angle":45,"axis":"y","origin":[8,20,8]},"faces":{"north":{"uv":[5.75,5.75,6.125,6.75],"texture":"#1"},"east":{"uv":[3.75,6,4.125,7],"texture":"#1"},"south":{"uv":[4.25,6,4.625,7],"texture":"#1"},"west":{"uv":[6.25,0.5,6.625,1.5],"texture":"#1"},"up":{"uv":[6.875,5.625,6.5,5.25],"texture":"#1"},"down":{"uv":[7.125,1.25,6.75,1.625],"texture":"#1"}}},{"from":[6,13,7],"to":[10,17,9],"rotation":{"angle":45,"axis":"z","origin":[8,15,8]},"faces":{"north":{"uv":[0.75,5.5,1.75,6.5],"texture":"#1"},"east":{"uv":[2.75,5.5,3.25,6.5],"texture":"#1"},"south":{"uv":[1.75,5.5,2.75,6.5],"texture":"#1"},"west":{"uv":[3.25,5.5,3.75,6.5],"texture":"#1"},"up":{"uv":[4.75,6,3.75,5.5],"texture":"#1"},"down":{"uv":[6.75,0,5.75,0.5],"texture":"#1"}}},{"from":[8.7153,10.91761,7.75],"to":[10.2153,15.91761,8.25],"rotation":{"angle":-22.5,"axis":"z","origin":[8.2153,13.91761,8]},"faces":{"north":{"uv":[4.75,5.5,5.125,6.75],"texture":"#1"},"east":{"uv":[3.25,6.5,3.375,7.75],"texture":"#1"},"south":{"uv":[5.75,0.5,6.125,1.75],"texture":"#1"},"west":{"uv":[3.5,6.5,3.625,7.75],"texture":"#1"},"up":{"uv":[7.125,2.875,6.75,2.75],"texture":"#1"},"down":{"uv":[7.125,3,6.75,3.125],"texture":"#1"}}},{"from":[5.7847,10.91761,7.75],"to":[7.2847,15.91761,8.25],"rotation":{"angle":22.5,"axis":"z","origin":[7.7847,13.91761,8]},"faces":{"north":{"uv":[5.75,1.75,6.125,3],"texture":"#1"},"east":{"uv":[6.5,4,6.625,5.25],"texture":"#1"},"south":{"uv":[5.75,3,6.125,4.25],"texture":"#1"},"west":{"uv":[6.75,0,6.875,1.25],"texture":"#1"},"up":{"uv":[7.125,3.375,6.75,3.25],"texture":"#1"},"down":{"uv":[7.125,3.5,6.75,3.625],"texture":"#1"}}},{"from":[6.75,9.15381,7.25],"to":[9.25,11.65381,8.75],"rotation":{"angle":45,"axis":"z","origin":[8,10.40381,8]},"faces":{"north":{"uv":[5.75,4.25,6.375,4.875],"texture":"#1"},"east":{"uv":[0.75,6.5,1.125,7.125],"texture":"#1"},"south":{"uv":[5.75,5,6.375,5.625],"texture":"#1"},"west":{"uv":[1.25,6.5,1.625,7.125],"texture":"#1"},"up":{"uv":[2.375,6.875,1.75,6.5],"texture":"#1"},"down":{"uv":[3.125,6.5,2.5,6.875],"texture":"#1"}}},{"from":[7,-3.75,7],"to":[9,-2,9],"rotation":{"angle":0,"axis":"y","origin":[7,0,7]},"faces":{"north":{"uv":[6.25,1.5,6.75,2],"texture":"#1"},"east":{"uv":[6.25,2,6.75,2.5],"texture":"#1"},"south":{"uv":[6.25,2.5,6.75,3],"texture":"#1"},"west":{"uv":[6.25,3,6.75,3.5],"texture":"#1"},"up":{"uv":[6.75,4,6.25,3.5],"texture":"#1"},"down":{"uv":[5.75,6.25,5.25,6.75],"texture":"#1"}}},{"from":[7,-5.75,7.5],"to":[9,-3.75,8.5],"rotation":{"angle":45,"axis":"z","origin":[8,-4.75,8]},"faces":{"north":{"uv":[6.25,5.75,6.75,6.25],"texture":"#1"},"east":{"uv":[5.25,5.5,5.5,6],"texture":"#1"},"south":{"uv":[6.25,6.25,6.75,6.75],"texture":"#1"},"west":{"uv":[6.75,1.75,7,2.25],"texture":"#1"},"up":{"uv":[7.25,2.5,6.75,2.25],"texture":"#1"},"down":{"uv":[7.25,2.5,6.75,2.75],"texture":"#1"}}},{"from":[-3,10.5,8],"to":[19,21.5,8],"rotation":{"angle":0,"axis":"y","origin":[7,0,6]},"faces":{"north":{"uv":[0,0,5.5,2.75],"texture":"#1"},"east":{"uv":[0,0,0,2.75],"texture":"#1"},"south":{"uv":[0,2.75,5.5,5.5],"texture":"#1"},"west":{"uv":[0,0,0,2.75],"texture":"#1"},"up":{"uv":[5.5,0,0,0],"texture":"#1"},"down":{"uv":[5.5,0,0,0],"texture":"#1"}}}],"gui_light":"front","display":{"thirdperson_righthand":{"rotation":[0,-90,0],"translation":[0,4.5,0.5]},"thirdperson_lefthand":{"rotation":[0,90,0],"translation":[0,4.5,0.5]},"firstperson_righthand":{"rotation":[-20.57,-87.86,-20.58],"translation":[0,3.5,0]},"firstperson_lefthand":{"rotation":[-175.01,81.08,175.77],"translation":[0,3.5,0]},"ground":{"translation":[0,8.25,0],"scale":[0.82,0.82,0.82]},"gui":{"rotation":[0,0,-45],"translation":[-1,-1.25,0],"scale":[0.6,0.6,0.6]},"head":{"scale":[0,0,0]},"fixed":{"translation":[0,0,-3]}}}