{"credit":"MadewithBlockbench","texture_size":[64,64],"textures":{"0":"ec_forgenfire:forgenfire_default_weapons/jade_helmet","particle":"ec_forgenfire:forgenfire_default_weapons/jade_helmet"},"elements":[{"from":[3.57307,4.499,1.88905],"to":[9.00207,15.003,3.89305],"rotation":{"angle":22.5,"axis":"y","origin":[6.07507,16.376,3.89105]},"faces":{"north":{"uv":[0,7.75,1.375,10.375],"texture":"#0"},"east":{"uv":[16,11.375,14.625,14],"texture":"#0"},"south":{"uv":[16,11.375,14.625,14],"texture":"#0"},"west":{"uv":[16,11.375,14.625,14],"texture":"#0"},"up":{"uv":[10.875,2,9.5,1.5],"texture":"#0"},"down":{"uv":[3.375,9.75,2,10.25],"texture":"#0"}}},{"from":[6.99793,4.499,1.88905],"to":[12.42693,15.003,3.89305],"rotation":{"angle":-22.5,"axis":"y","origin":[9.92493,16.376,3.89105]},"faces":{"north":{"uv":[1.375,7.75,0,10.375],"texture":"#0"},"east":{"uv":[16,11.375,14.625,14],"texture":"#0"},"south":{"uv":[16,11.375,14.625,14],"texture":"#0"},"west":{"uv":[16,11.375,14.625,14],"texture":"#0"},"up":{"uv":[9.5,2,10.875,1.5],"texture":"#0"},"down":{"uv":[2,9.75,3.375,10.25],"texture":"#0"}}},{"from":[3,4.5,3],"to":[3,15,10.9],"rotation":{"angle":0,"axis":"y","origin":[7,0,7]},"faces":{"north":{"uv":[0,0,0,2.625],"texture":"#0"},"east":{"uv":[0,5,2,7.625],"texture":"#0"},"south":{"uv":[0,0,0,2.625],"texture":"#0"},"west":{"uv":[5,0,7,2.625],"texture":"#0"},"up":{"uv":[0,2,0,0],"texture":"#0"},"down":{"uv":[0,0,0,2],"texture":"#0"}}},{"from":[13,4.5,3],"to":[13,15,10.9],"rotation":{"angle":0,"axis":"y","origin":[9,0,7]},"faces":{"north":{"uv":[0,0,0,2.625],"texture":"#0"},"east":{"uv":[7,0,5,2.625],"texture":"#0"},"south":{"uv":[0,0,0,2.625],"texture":"#0"},"west":{"uv":[2,5,0,7.625],"texture":"#0"},"up":{"uv":[0,2,0,0],"texture":"#0"},"down":{"uv":[0,0,0,2],"texture":"#0"}}},{"from":[3,15,2.9],"to":[13,16,11.9],"rotation":{"angle":0,"axis":"y","origin":[7,4.5,-16.1]},"faces":{"north":{"uv":[7.5,9.75,10,10],"texture":"#0"},"east":{"uv":[10,4.5,12.25,4.75],"texture":"#0"},"south":{"uv":[10,4.25,12.5,4.5],"texture":"#0"},"west":{"uv":[10,4.75,12.25,5],"texture":"#0"},"up":{"uv":[2.5,5,0,2.75],"texture":"#0"},"down":{"uv":[2.5,5,0,2.75],"texture":"#0"}}},{"from":[3,4.5,10.9],"to":[13,15,12.9],"rotation":{"angle":0,"axis":"y","origin":[7,4.5,-16.1]},"faces":{"north":{"uv":[2.5,0,5,2.625],"texture":"#0"},"east":{"uv":[5.5,9.5,6,12.125],"texture":"#0"},"south":{"uv":[2.5,0,5,2.625],"texture":"#0"},"west":{"uv":[6,9.5,6.5,12.125],"texture":"#0"},"up":{"uv":[11,7.5,8.5,7],"texture":"#0"},"down":{"uv":[12,0,9.5,0.5],"texture":"#0"}}},{"from":[3.75,5.5,10.65],"to":[12.25,14,13.65],"rotation":{"angle":0,"axis":"y","origin":[7,4.5,-16.1]},"faces":{"north":{"uv":[8,7.5,10.125,9.625],"texture":"#0"},"east":{"uv":[6.5,9.5,6.875,11.625],"texture":"#0"},"south":{"uv":[8,7.5,10.125,9.625],"texture":"#0"},"west":{"uv":[7,9.5,7.375,11.625],"texture":"#0"},"up":{"uv":[11.625,0.875,9.5,0.5],"texture":"#0"},"down":{"uv":[11.625,1,9.5,1.375],"texture":"#0"}}},{"from":[8,15,0.9],"to":[8,21,12.9],"rotation":{"angle":0,"axis":"y","origin":[12,4.5,-16.1]},"faces":{"north":{"uv":[0,0,0,1.75],"texture":"#0"},"east":{"uv":[8,2.75,5,4.5],"texture":"#0"},"south":{"uv":[0,0,0,1.75],"texture":"#0"},"west":{"uv":[5,2.75,8,4.5],"texture":"#0"},"up":{"uv":[0,3,0,0],"texture":"#0"},"down":{"uv":[0,0,0,3],"texture":"#0"}}},{"from":[17.82107,4.68579,4.9],"to":[17.82107,10.68579,16.9],"rotation":{"angle":-22.5,"axis":"z","origin":[15.07107,17.08579,8.9]},"faces":{"north":{"uv":[1.75,0,0,0],"rotation":90,"texture":"#0"},"east":{"uv":[2,6.75,3.75,9.75],"rotation":270,"texture":"#0"},"south":{"uv":[1.75,0,0,0],"rotation":270,"texture":"#0"},"west":{"uv":[2,9.75,3.75,6.75],"rotation":270,"texture":"#0"},"up":{"uv":[3,0,0,0],"rotation":270,"texture":"#0"},"down":{"uv":[3,0,0,0],"rotation":270,"texture":"#0"}}},{"from":[-1.82107,4.68579,4.9],"to":[-1.82107,10.68579,16.9],"rotation":{"angle":22.5,"axis":"z","origin":[0.92893,17.08579,8.9]},"faces":{"north":{"uv":[1.75,0,0,0],"rotation":90,"texture":"#0"},"east":{"uv":[2,6.75,3.75,9.75],"rotation":270,"texture":"#0"},"south":{"uv":[1.75,0,0,0],"rotation":270,"texture":"#0"},"west":{"uv":[2,9.75,3.75,6.75],"rotation":270,"texture":"#0"},"up":{"uv":[3,0,0,0],"rotation":270,"texture":"#0"},"down":{"uv":[3,0,0,0],"rotation":270,"texture":"#0"}}},{"from":[2.998,4.497,2.898],"to":[13.002,4.501,10.902],"rotation":{"angle":0,"axis":"y","origin":[7,-0.501,6.9]},"faces":{"north":{"uv":[0,0,2.5,0],"texture":"#0"},"east":{"uv":[0,0,2,0],"texture":"#0"},"south":{"uv":[0,0,2.5,0],"texture":"#0"},"west":{"uv":[0,0,2,0],"texture":"#0"},"up":{"uv":[8,7.5,5.5,9.5],"texture":"#0"},"down":{"uv":[8,7.5,5.5,9.5],"texture":"#0"}}}],"gui_light":"front","display":{"thirdperson_righthand":{"scale":[0.81,0.81,0.81]},"thirdperson_lefthand":{"scale":[0.81,0.81,0.81]},"firstperson_righthand":{"rotation":[-180,69.75,-180],"translation":[0,3.25,0],"scale":[0.67,0.67,0.67]},"firstperson_lefthand":{"rotation":[-180,69.75,-180],"translation":[0,3.25,0],"scale":[0.67,0.67,0.67]},"gui":{"rotation":[-159.25,27.25,-180],"translation":[-0.5,-3.25,0],"scale":[0.75,0.75,0.75]},"head":{"translation":[0,-3.5,0.5],"scale":[1.52422,1.38164,1.52422]},"fixed":{"translation":[0,-5.25,-5.5]}}}