{"credit":"MadewithBlockbench","texture_size":[64,64],"textures":{"0":"ec_forgenfire:forgenfire_default_weapons/jade_shield","particle":"ec_forgenfire:forgenfire_default_weapons/jade_shield"},"elements":[{"from":[9,1.78249,1.28249],"to":[11,5.78249,5.28249],"rotation":{"angle":-45,"axis":"x","origin":[8,10.5,10]},"faces":{"north":{"uv":[3.5,7,4,8],"texture":"#0"},"east":{"uv":[0,7,1,8],"texture":"#0"},"south":{"uv":[3,7,3.5,8],"texture":"#0"},"west":{"uv":[1,7,2,8],"texture":"#0"},"up":{"uv":[5,7.5,4,7],"rotation":90,"texture":"#0"},"down":{"uv":[6,7,5,7.5],"rotation":270,"texture":"#0"}}},{"from":[9,13.53249,3.03249],"to":[11,17.53249,7.03249],"rotation":{"angle":-45,"axis":"x","origin":[8,10.5,10]},"faces":{"north":{"uv":[3.5,7,4,8],"texture":"#0"},"east":{"uv":[0,7,1,8],"texture":"#0"},"south":{"uv":[3,7,3.5,8],"texture":"#0"},"west":{"uv":[1,7,2,8],"texture":"#0"},"up":{"uv":[5,7.5,4,7],"rotation":90,"texture":"#0"},"down":{"uv":[6,7,5,7.5],"rotation":270,"texture":"#0"}}},{"from":[9.5,0.97314,8.63549],"to":[10.5,2.47314,12.63549],"rotation":{"angle":22.5,"axis":"x","origin":[8,10.5,10]},"faces":{"north":{"uv":[0.25,8,0.5,8.375],"texture":"#0"},"east":{"uv":[6.5,7,7.5,7.375],"texture":"#0"},"south":{"uv":[0,8,0.25,8.375],"texture":"#0"},"west":{"uv":[4,7.5,5,7.875],"texture":"#0"},"up":{"uv":[6,7.75,5,7.5],"rotation":90,"texture":"#0"},"down":{"uv":[7.5,7.5,6.5,7.75],"rotation":270,"texture":"#0"}}},{"from":[9.498,4.72635,2.29664],"to":[10.502,12.73035,3.80064],"rotation":{"angle":-22.5,"axis":"x","origin":[8,10.5,10]},"faces":{"north":{"uv":[6.25,7,6.5,9],"texture":"#0"},"east":{"uv":[2,7,2.375,9],"texture":"#0"},"south":{"uv":[6,7,6.25,9],"texture":"#0"},"west":{"uv":[2.5,7,2.875,9],"texture":"#0"},"up":{"uv":[0.875,8.25,0.5,8],"rotation":90,"texture":"#0"},"down":{"uv":[1.375,8,1,8.25],"rotation":270,"texture":"#0"}}},{"from":[9.25,5.80157,2.04687],"to":[10.75,7.30157,4.04687],"rotation":{"angle":-22.5,"axis":"x","origin":[8,10.5,10]},"faces":{"north":{"uv":[7,7.75,7.375,8.125],"texture":"#0"},"east":{"uv":[7.5,7,8,7.375],"texture":"#0"},"south":{"uv":[6.5,7.75,6.875,8.125],"texture":"#0"},"west":{"uv":[7.5,7.5,8,7.875],"texture":"#0"},"up":{"uv":[5.5,8.125,5,7.75],"rotation":90,"texture":"#0"},"down":{"uv":[6,7.75,5.5,8.125],"rotation":270,"texture":"#0"}}},{"from":[9.498,8.26965,2.29664],"to":[10.502,16.27365,3.80064],"rotation":{"angle":22.5,"axis":"x","origin":[8,10.5,10]},"faces":{"north":{"uv":[6.25,9,6.5,7],"texture":"#0"},"east":{"uv":[2,9,2.375,7],"texture":"#0"},"south":{"uv":[6,9,6.25,7],"texture":"#0"},"west":{"uv":[2.5,9,2.875,7],"texture":"#0"},"up":{"uv":[1.375,8.25,1,8],"rotation":90,"texture":"#0"},"down":{"uv":[0.875,8,0.5,8.25],"rotation":270,"texture":"#0"}}},{"from":[5.248,13.19496,9.248],"to":[10.002,14.69896,10.752],"rotation":{"angle":0,"axis":"x","origin":[8,10.5,10]},"faces":{"north":{"uv":[2,9,2.125,8.75],"rotation":270,"texture":"#0"},"south":{"uv":[2,9,2.125,8.75],"rotation":270,"texture":"#0"},"west":{"uv":[0.875,8,0.5,8.25],"rotation":90,"texture":"#0"},"up":{"uv":[2,9,2.125,8.75],"rotation":270,"texture":"#0"},"down":{"uv":[2,9,2.125,8.75],"rotation":270,"texture":"#0"}}},{"from":[5.248,7.93696,9.248],"to":[10.002,9.44096,10.752],"rotation":{"angle":0,"axis":"y","origin":[8,10.5,10]},"faces":{"north":{"uv":[2.125,9,2,8.625],"rotation":270,"texture":"#0"},"south":{"uv":[2,9,2.125,8.75],"rotation":270,"texture":"#0"},"west":{"uv":[0.5,8,0.875,8.25],"rotation":90,"texture":"#0"},"up":{"uv":[2,9,2.125,8.75],"rotation":270,"texture":"#0"},"down":{"uv":[2,9,2.125,8.75],"rotation":270,"texture":"#0"}}},{"from":[5.248,9.44096,9.248],"to":[6.752,13.19496,10.752],"rotation":{"angle":0,"axis":"x","origin":[8,10.5,10]},"faces":{"north":{"uv":[2,9,2.125,8.625],"texture":"#0"},"east":{"uv":[2,9,2.125,8.75],"rotation":270,"texture":"#0"},"south":{"uv":[2,9,2.125,8.75],"rotation":270,"texture":"#0"},"west":{"uv":[2,9,2.125,8.75],"rotation":270,"texture":"#0"}}},{"from":[9.25,13.69843,2.04687],"to":[10.75,15.19843,4.04687],"rotation":{"angle":22.5,"axis":"x","origin":[8,10.5,10]},"faces":{"north":{"uv":[7,8.125,7.375,7.75],"texture":"#0"},"east":{"uv":[7.5,7.375,8,7],"texture":"#0"},"south":{"uv":[6.5,8.125,6.875,7.75],"texture":"#0"},"west":{"uv":[7.5,7.875,8,7.5],"texture":"#0"},"up":{"uv":[6,8.125,5.5,7.75],"rotation":90,"texture":"#0"},"down":{"uv":[5.5,7.75,5,8.125],"rotation":270,"texture":"#0"}}},{"from":[9.5,18.52686,8.63549],"to":[10.5,20.02686,12.63549],"rotation":{"angle":-22.5,"axis":"x","origin":[8,10.5,10]},"faces":{"north":{"uv":[0.25,8.375,0.5,8],"texture":"#0"},"east":{"uv":[6.5,7.375,7.5,7],"texture":"#0"},"south":{"uv":[0,8.375,0.25,8],"texture":"#0"},"west":{"uv":[4,7.875,5,7.5],"texture":"#0"},"up":{"uv":[7.5,7.75,6.5,7.5],"rotation":90,"texture":"#0"},"down":{"uv":[6,7.5,5,7.75],"rotation":270,"texture":"#0"}}},{"from":[9.5,18.52686,7.36451],"to":[10.5,20.02686,11.36451],"rotation":{"angle":22.5,"axis":"x","origin":[8,10.5,10]},"faces":{"north":{"uv":[0.25,8.375,0,8],"texture":"#0"},"east":{"uv":[7.5,7.375,6.5,7],"texture":"#0"},"south":{"uv":[0.5,8.375,0.25,8],"texture":"#0"},"west":{"uv":[5,7.875,4,7.5],"texture":"#0"},"up":{"uv":[6.5,7.75,7.5,7.5],"rotation":90,"texture":"#0"},"down":{"uv":[5,7.5,6,7.75],"rotation":270,"texture":"#0"}}},{"from":[9.25,13.69843,15.95313],"to":[10.75,15.19843,17.95313],"rotation":{"angle":-22.5,"axis":"x","origin":[8,10.5,10]},"faces":{"north":{"uv":[6.875,8.125,6.5,7.75],"texture":"#0"},"east":{"uv":[8,7.375,7.5,7],"texture":"#0"},"south":{"uv":[7.375,8.125,7,7.75],"texture":"#0"},"west":{"uv":[8,7.875,7.5,7.5],"texture":"#0"},"up":{"uv":[5.5,8.125,6,7.75],"rotation":90,"texture":"#0"},"down":{"uv":[5,7.75,5.5,8.125],"rotation":270,"texture":"#0"}}},{"from":[9.498,8.26965,16.19936],"to":[10.502,16.27365,17.70336],"rotation":{"angle":-22.5,"axis":"x","origin":[8,10.5,10]},"faces":{"north":{"uv":[6.25,9,6,7],"texture":"#0"},"east":{"uv":[2.375,9,2,7],"texture":"#0"},"south":{"uv":[6.5,9,6.25,7],"texture":"#0"},"west":{"uv":[2.875,9,2.5,7],"texture":"#0"},"up":{"uv":[1,8.25,1.375,8],"rotation":90,"texture":"#0"},"down":{"uv":[0.5,8,0.875,8.25],"rotation":270,"texture":"#0"}}},{"from":[9,13.53249,12.96751],"to":[11,17.53249,16.96751],"rotation":{"angle":45,"axis":"x","origin":[8,10.5,10]},"faces":{"north":{"uv":[3.5,7,3,8],"texture":"#0"},"east":{"uv":[1,7,0,8],"texture":"#0"},"south":{"uv":[4,7,3.5,8],"texture":"#0"},"west":{"uv":[2,7,1,8],"texture":"#0"},"up":{"uv":[4,7.5,5,7],"rotation":90,"texture":"#0"},"down":{"uv":[5,7,6,7.5],"rotation":270,"texture":"#0"}}},{"from":[9.25,5.80157,15.95313],"to":[10.75,7.30157,17.95313],"rotation":{"angle":22.5,"axis":"x","origin":[8,10.5,10]},"faces":{"north":{"uv":[6.875,7.75,6.5,8.125],"texture":"#0"},"east":{"uv":[8,7,7.5,7.375],"texture":"#0"},"south":{"uv":[7.375,7.75,7,8.125],"texture":"#0"},"west":{"uv":[8,7.5,7.5,7.875],"texture":"#0"},"up":{"uv":[5,8.125,5.5,7.75],"rotation":90,"texture":"#0"},"down":{"uv":[5.5,7.75,6,8.125],"rotation":270,"texture":"#0"}}},{"from":[9.498,4.72635,16.19936],"to":[10.502,12.73035,17.70336],"rotation":{"angle":22.5,"axis":"x","origin":[8,10.5,10]},"faces":{"north":{"uv":[6.25,7,6,9],"texture":"#0"},"east":{"uv":[2.375,7,2,9],"texture":"#0"},"south":{"uv":[6.5,7,6.25,9],"texture":"#0"},"west":{"uv":[2.875,7,2.5,9],"texture":"#0"},"up":{"uv":[0.5,8.25,0.875,8],"rotation":90,"texture":"#0"},"down":{"uv":[1,8,1.375,8.25],"rotation":270,"texture":"#0"}}},{"from":[9.5,0.97314,7.36451],"to":[10.5,2.47314,11.36451],"rotation":{"angle":-22.5,"axis":"x","origin":[8,10.5,10]},"faces":{"north":{"uv":[0.25,8,0,8.375],"texture":"#0"},"east":{"uv":[7.5,7,6.5,7.375],"texture":"#0"},"south":{"uv":[0.5,8,0.25,8.375],"texture":"#0"},"west":{"uv":[5,7.5,4,7.875],"texture":"#0"},"up":{"uv":[5,7.75,6,7.5],"rotation":90,"texture":"#0"},"down":{"uv":[6.5,7.5,7.5,7.75],"rotation":270,"texture":"#0"}}},{"from":[9,15.21751,1.28249],"to":[11,19.21751,5.28249],"rotation":{"angle":45,"axis":"x","origin":[8,10.5,10]},"faces":{"north":{"uv":[3.5,8,4,7],"texture":"#0"},"east":{"uv":[0,8,1,7],"texture":"#0"},"south":{"uv":[3,8,3.5,7],"texture":"#0"},"west":{"uv":[1,8,2,7],"texture":"#0"},"up":{"uv":[6,7.5,5,7],"rotation":90,"texture":"#0"},"down":{"uv":[5,7,4,7.5],"rotation":270,"texture":"#0"}}},{"from":[9.992,-4.308,-1.008],"to":[10.008,23.708,21.008],"rotation":{"angle":0,"axis":"y","origin":[8,10.5,10]},"faces":{"north":{"uv":[0,0,0,7],"texture":"#0"},"east":{"uv":[0,0,5.5,7],"texture":"#0"},"south":{"uv":[0,0,0,7],"texture":"#0"},"west":{"uv":[5.5,0,0,7],"texture":"#0"},"up":{"uv":[5.5,0,0,0],"rotation":90,"texture":"#0"},"down":{"uv":[5.5,0,0,0],"rotation":270,"texture":"#0"}}}],"gui_light":"front","display":{"thirdperson_righthand":{"translation":[0,-5.25,-0.25]},"thirdperson_lefthand":{"rotation":[0,180,0],"translation":[0.5,-5.25,3.25]},"firstperson_righthand":{"rotation":[-90,81.5,93],"translation":[0,0,4],"scale":[0.73,0.73,0.73]},"firstperson_lefthand":{"rotation":[50.96,-80.4,55.31],"translation":[0,0,7.25],"scale":[0.73,0.73,0.73]},"ground":{"translation":[0,6.5,0]},"gui":{"rotation":[-90,-45,-90],"translation":[0,-2.25,0],"scale":[0.72,0.72,0.72]},"head":{"scale":[0,0,0]},"fixed":{"rotation":[-180,90,-180],"translation":[-2.25,-3.25,-3.5]}}}