{"credit":"MadewithBlockbench","texture_size":[64,64],"textures":{"0":"ec_forgenfire:forgenfire_default_weapons/jade_axe","particle":"ec_forgenfire:forgenfire_default_weapons/jade_axe"},"elements":[{"from":[7.5,-2,7.5],"to":[8.5,22.75,8.5],"rotation":{"angle":0,"axis":"y","origin":[7,0,7]},"faces":{"north":{"uv":[6,0,6.25,6.25],"texture":"#0"},"east":{"uv":[6.25,0,6.5,6.25],"texture":"#0"},"south":{"uv":[6,6.25,6.25,12.5],"texture":"#0"},"west":{"uv":[6.25,6.25,6.5,12.5],"texture":"#0"},"up":{"uv":[8.25,2,8,1.75],"texture":"#0"},"down":{"uv":[8.25,2,8,2.25],"texture":"#0"}}},{"from":[7.25,18,7.25],"to":[8.75,22,8.75],"rotation":{"angle":45,"axis":"y","origin":[8,20,8]},"faces":{"north":{"uv":[7,5,7.375,6],"texture":"#0"},"east":{"uv":[7,6,7.375,7],"texture":"#0"},"south":{"uv":[7,7,7.375,8],"texture":"#0"},"west":{"uv":[7.5,0,7.875,1],"texture":"#0"},"up":{"uv":[8.125,8.125,7.75,7.75],"texture":"#0"},"down":{"uv":[8.375,0,8,0.375],"texture":"#0"}}},{"from":[6,13,7],"to":[10,17,9],"rotation":{"angle":45,"axis":"z","origin":[8,15,8]},"faces":{"north":{"uv":[6.5,0,7.5,1],"texture":"#0"},"east":{"uv":[6.5,2,7,3],"texture":"#0"},"south":{"uv":[6.5,1,7.5,2],"texture":"#0"},"west":{"uv":[6.5,3,7,4],"texture":"#0"},"up":{"uv":[7.5,4.5,6.5,4],"texture":"#0"},"down":{"uv":[7.5,4.5,6.5,5],"texture":"#0"}}},{"from":[8.7153,10.91761,7.75],"to":[10.2153,15.91761,8.25],"rotation":{"angle":-22.5,"axis":"z","origin":[8.2153,13.91761,8]},"faces":{"north":{"uv":[6.5,5,6.875,6.25],"texture":"#0"},"east":{"uv":[7.75,2,7.875,3.25],"texture":"#0"},"south":{"uv":[6.5,6.25,6.875,7.5],"texture":"#0"},"west":{"uv":[7.5,7.75,7.625,9],"texture":"#0"},"up":{"uv":[8.375,2.375,8,2.25],"texture":"#0"},"down":{"uv":[8.375,2.5,8,2.625],"texture":"#0"}}},{"from":[5.7847,10.91761,7.75],"to":[7.2847,15.91761,8.25],"rotation":{"angle":22.5,"axis":"z","origin":[7.7847,13.91761,8]},"faces":{"north":{"uv":[6.875,5,6.5,6.25],"texture":"#0"},"east":{"uv":[7.625,7.75,7.5,9],"texture":"#0"},"south":{"uv":[6.875,6.25,6.5,7.5],"texture":"#0"},"west":{"uv":[7.875,2,7.75,3.25],"texture":"#0"},"up":{"uv":[8,2.375,8.375,2.25],"texture":"#0"},"down":{"uv":[8,2.5,8.375,2.625],"texture":"#0"}}},{"from":[-4,4.68198,8],"to":[20,24.68198,8],"rotation":{"angle":0,"axis":"y","origin":[8,18.18198,8]},"faces":{"north":{"uv":[0,0,6,5],"texture":"#0"},"east":{"uv":[0,0,0,5],"texture":"#0"},"south":{"uv":[0,5,6,10],"texture":"#0"},"west":{"uv":[0,0,0,5],"texture":"#0"},"up":{"uv":[6,0,0,0],"texture":"#0"},"down":{"uv":[6,0,0,0],"texture":"#0"}}},{"from":[6.75,9.15381,7.25],"to":[9.25,11.65381,8.75],"rotation":{"angle":45,"axis":"z","origin":[8,10.40381,8]},"faces":{"north":{"uv":[7,2,7.625,2.625],"texture":"#0"},"east":{"uv":[7.5,6,7.875,6.625],"texture":"#0"},"south":{"uv":[7,2.75,7.625,3.375],"texture":"#0"},"west":{"uv":[6.5,7.5,6.875,8.125],"texture":"#0"},"up":{"uv":[8.125,7.125,7.5,6.75],"texture":"#0"},"down":{"uv":[8.125,7.25,7.5,7.625],"texture":"#0"}}},{"from":[7,-3.75,7],"to":[9,-2,9],"rotation":{"angle":0,"axis":"y","origin":[7,0,7]},"faces":{"north":{"uv":[7,3.5,7.5,4],"texture":"#0"},"east":{"uv":[7.5,1,8,1.5],"texture":"#0"},"south":{"uv":[7.5,1.5,8,2],"texture":"#0"},"west":{"uv":[7.5,3.5,8,4],"texture":"#0"},"up":{"uv":[8,4.5,7.5,4],"texture":"#0"},"down":{"uv":[8,4.5,7.5,5],"texture":"#0"}}},{"from":[7,-5.75,7.5],"to":[9,-3.75,8.5],"rotation":{"angle":45,"axis":"z","origin":[8,-4.75,8]},"faces":{"north":{"uv":[7.5,5,8,5.5],"texture":"#0"},"east":{"uv":[8,0.5,8.25,1],"texture":"#0"},"south":{"uv":[7.5,5.5,8,6],"texture":"#0"},"west":{"uv":[8,1,8.25,1.5],"texture":"#0"},"up":{"uv":[8.25,3.5,7.75,3.25],"texture":"#0"},"down":{"uv":[8.5,1.5,8,1.75],"texture":"#0"}}}],"gui_light":"front","display":{"thirdperson_righthand":{"rotation":[0,-90,0],"translation":[0,4.5,0.5]},"thirdperson_lefthand":{"rotation":[0,90,0],"translation":[0,4.5,0.5]},"firstperson_righthand":{"rotation":[-72.83,-83.2,-72.97],"translation":[0,3.5,0]},"firstperson_lefthand":{"rotation":[141.23,78.58,-139.88],"translation":[0,3.5,0]},"ground":{"translation":[0,8.25,0],"scale":[0.82,0.82,0.82]},"gui":{"rotation":[0,0,-45],"translation":[-0.5,-1.75,0],"scale":[0.6,0.6,0.6]},"head":{"scale":[0,0,0]},"fixed":{"translation":[0,0,-3]}}}