{"credit":"MadewithBlockbench","texture_size":[64,64],"textures":{"2":"ec_forgenfire:forgenfire_default_weapons/jade_scythe","particle":"ec_forgenfire:forgenfire_default_weapons/jade_scythe"},"elements":[{"from":[7.5,-15,7.5],"to":[8.5,9.75,8.5],"rotation":{"angle":0,"axis":"y","origin":[7,0,7]},"faces":{"north":{"uv":[8.5,0,8.75,6.25],"texture":"#2"},"east":{"uv":[8.5,6.25,8.75,12.5],"texture":"#2"},"south":{"uv":[8.75,0,9,6.25],"texture":"#2"},"west":{"uv":[8.75,6.25,9,12.5],"texture":"#2"},"up":{"uv":[10.5,6.75,10.25,6.5],"texture":"#2"},"down":{"uv":[10.5,6.75,10.25,7],"texture":"#2"}}},{"from":[7.25,18,7.25],"to":[8.75,22,8.75],"rotation":{"angle":45,"axis":"y","origin":[8,20,8]},"faces":{"north":{"uv":[9.5,5,9.875,6],"texture":"#2"},"east":{"uv":[9.5,6,9.875,7],"texture":"#2"},"south":{"uv":[9.5,7,9.875,8],"texture":"#2"},"west":{"uv":[9.5,8,9.875,9],"texture":"#2"},"up":{"uv":[9.625,10.375,9.25,10],"texture":"#2"},"down":{"uv":[10.625,2,10.25,2.375],"texture":"#2"}}},{"from":[6,13,7],"to":[10,17,9],"rotation":{"angle":45,"axis":"z","origin":[8,15,8]},"faces":{"north":{"uv":[9,0,10,1],"texture":"#2"},"east":{"uv":[9,2,9.5,3],"texture":"#2"},"south":{"uv":[9,1,10,2],"texture":"#2"},"west":{"uv":[9,3,9.5,4],"texture":"#2"},"up":{"uv":[10,4.5,9,4],"texture":"#2"},"down":{"uv":[10,4.5,9,5],"texture":"#2"}}},{"from":[8.7153,10.91761,7.75],"to":[10.2153,15.91761,8.25],"rotation":{"angle":-22.5,"axis":"z","origin":[8.2153,13.91761,8]},"faces":{"north":{"uv":[9,5,9.375,6.25],"texture":"#2"},"east":{"uv":[10,6.5,10.125,7.75],"texture":"#2"},"south":{"uv":[9,6.25,9.375,7.5],"texture":"#2"},"west":{"uv":[10,7.75,10.125,9],"texture":"#2"},"up":{"uv":[10.625,7.125,10.25,7],"texture":"#2"},"down":{"uv":[10.625,7.25,10.25,7.375],"texture":"#2"}}},{"from":[5.7847,10.91761,7.75],"to":[7.2847,15.91761,8.25],"rotation":{"angle":22.5,"axis":"z","origin":[7.7847,13.91761,8]},"faces":{"north":{"uv":[9,7.5,9.375,8.75],"texture":"#2"},"east":{"uv":[9,10,9.125,11.25],"texture":"#2"},"south":{"uv":[9,8.75,9.375,10],"texture":"#2"},"west":{"uv":[10,9,10.125,10.25],"texture":"#2"},"up":{"uv":[10.625,7.625,10.25,7.5],"texture":"#2"},"down":{"uv":[10.625,7.75,10.25,7.875],"texture":"#2"}}},{"from":[6.75,9.15381,7.25],"to":[9.25,11.65381,8.75],"rotation":{"angle":45,"axis":"z","origin":[8,10.40381,8]},"faces":{"north":{"uv":[9.5,2,10.125,2.625],"texture":"#2"},"east":{"uv":[10,4,10.375,4.625],"texture":"#2"},"south":{"uv":[9.5,2.75,10.125,3.375],"texture":"#2"},"west":{"uv":[10,4.75,10.375,5.375],"texture":"#2"},"up":{"uv":[10.625,5.875,10,5.5],"texture":"#2"},"down":{"uv":[10.625,6,10,6.375],"texture":"#2"}}},{"from":[7,-15.75,7],"to":[9,-14,9],"rotation":{"angle":0,"axis":"y","origin":[7,0,7]},"faces":{"north":{"uv":[9.5,3.5,10,4],"texture":"#2"},"east":{"uv":[9.5,9,10,9.5],"texture":"#2"},"south":{"uv":[9.5,9.5,10,10],"texture":"#2"},"west":{"uv":[10,0,10.5,0.5],"texture":"#2"},"up":{"uv":[10.5,1,10,0.5],"texture":"#2"},"down":{"uv":[10.5,1,10,1.5],"texture":"#2"}}},{"from":[7,-5.75,7.5],"to":[9,-3.75,8.5],"rotation":{"angle":45,"axis":"z","origin":[8,-4.75,8]},"faces":{"north":{"uv":[10,1.5,10.5,2],"texture":"#2"},"east":{"uv":[9.75,10,10,10.5],"texture":"#2"},"south":{"uv":[10,3.5,10.5,4],"texture":"#2"},"west":{"uv":[10.25,2.5,10.5,3],"texture":"#2"},"up":{"uv":[10.75,3.25,10.25,3],"texture":"#2"},"down":{"uv":[10.75,3.25,10.25,3.5],"texture":"#2"}}},{"from":[-16,1,8],"to":[18,22,8],"rotation":{"angle":0,"axis":"z","origin":[1,11.5,8]},"faces":{"north":{"uv":[0,0,8.5,5.25],"texture":"#2"},"east":{"uv":[0,0,0,5.25],"texture":"#2"},"south":{"uv":[0,5.25,8.5,10.5],"texture":"#2"},"west":{"uv":[0,0,0,5.25],"texture":"#2"},"up":{"uv":[8.5,0,0,0],"texture":"#2"},"down":{"uv":[8.5,0,0,0],"texture":"#2"}}}],"gui_light":"front","display":{"thirdperson_righthand":{"rotation":[18.5,-90,0],"translation":[0,4.5,5]},"thirdperson_lefthand":{"rotation":[18.5,90,0],"translation":[0,4.5,5]},"firstperson_righthand":{"rotation":[-0.07,-87.86,-20.58],"translation":[0,3.5,0]},"firstperson_lefthand":{"rotation":[-137.68,80.11,159.4],"translation":[0,3.5,0]},"ground":{"translation":[0,8.25,0],"scale":[0.82,0.82,0.82]},"gui":{"rotation":[180,0,-151.5],"translation":[-3.75,0.25,0],"scale":[0.54,0.54,0.54]},"head":{"scale":[0,0,0]},"fixed":{"translation":[0,0,-3]}}}