{
  "brutal.scalpere_primordium": {
    "category": "master",
    "sounds": [
      "hadesis_clawra:brutal/hadesis_clawra/scalpere_primordium"
    ]
  },
  "brutal.scalpere_primordium_cast": {
    "category": "master",
    "sounds": [
      "hadesis_clawra:brutal/hadesis_clawra/scalpere_primordium_cast"
    ]
  },
  "brutal.scalpere_primordium_final": {
    "category": "master",
    "sounds": [
      "hadesis_clawra:brutal/hadesis_clawra/scalpere_primordium_final"
    ]
  },
  "brutal.scalpere_primordium_leap": {
    "category": "master",
    "sounds": [
      "hadesis_clawra:brutal/hadesis_clawra/scalpere_primordium_leap"
    ]
  },
  "brutal.primordial_emberstep": {
    "category": "master",
    "sounds": [
      "hadesis_clawra:brutal/hadesis_clawra/primordial_emberstep"
    ]
  }
}