{"credit":"Made by samus2002","texture_size":[128,128],"textures":{"0":"awakened_warrior:awakened_warrior_texture/awakened_warrior_brutesword","particle":"awakened_warrior:awakened_warrior_texture/awakened_warrior_brutesword"},"elements":[{"from":[7.3196,-14.6084,7.32811],"to":[8.6804,-3.722,8.67189],"rotation":{"angle":0,"axis":"y","origin":[8,-1.3406,8]},"faces":{"north":{"uv":[3,5.375,3.25,7.375],"texture":"#0"},"east":{"uv":[4.75,5.75,5,7.75],"texture":"#0"},"south":{"uv":[5.125,5.75,5.375,7.75],"texture":"#0"},"west":{"uv":[5.5,5.75,5.75,7.75],"texture":"#0"},"up":{"uv":[7.5,2,7.25,1.75],"texture":"#0"},"down":{"uv":[7.5,6.875,7.25,7.125],"texture":"#0"}}},{"from":[6.9794,-13.2476,6.9794],"to":[9.0206,-11.8868,9.0206],"rotation":{"angle":0,"axis":"y","origin":[8,-1.3406,8]},"faces":{"north":{"uv":[2.375,6.375,2,6.625],"texture":"#0"},"east":{"uv":[6.625,7.125,6.25,7.375],"texture":"#0"},"south":{"uv":[7.375,0.625,7,0.875],"texture":"#0"},"west":{"uv":[7.25,6.125,6.875,6.375],"texture":"#0"},"up":{"uv":[6.75,3.5,7.125,3.125],"texture":"#0"},"down":{"uv":[6.75,3.625,7.125,4],"texture":"#0"}}},{"from":[6.299,-6.4436,6.9794],"to":[9.701,-5.0828,9.0206],"rotation":{"angle":0,"axis":"y","origin":[8,-1.3406,8]},"faces":{"north":{"uv":[7.375,2.125,6.75,2.375],"texture":"#0"},"east":{"uv":[7.125,7.125,6.75,7.375],"texture":"#0"},"south":{"uv":[7.375,2.5,6.75,2.75],"texture":"#0"},"west":{"uv":[7.5,6.5,7.125,6.75],"texture":"#0"},"up":{"uv":[6,2.5,6.625,2.125],"texture":"#0"},"down":{"uv":[6,2.625,6.625,3],"texture":"#0"}}},{"from":[8,-9.1652,8],"to":[14.1236,-3.0416,8],"rotation":{"angle":0,"axis":"y","origin":[8,-1.3406,8]},"faces":{"north":{"uv":[5.875,0,4.75,1.125],"texture":"#0"},"east":{"uv":[3.375,6.5,3.375,7.5],"texture":"#0"},"south":{"uv":[4.75,0,5.875,1.125],"texture":"#0"},"west":{"uv":[3.375,5.375,3.375,6.375],"texture":"#0"},"up":{"uv":[7.375,4.125,8.5,4.125],"texture":"#0"},"down":{"uv":[7.375,4.25,8.5,4.25],"texture":"#0"}}},{"from":[1.8764,-9.1652,8],"to":[8,-3.0416,8],"rotation":{"angle":0,"axis":"y","origin":[8,-1.3406,8]},"faces":{"north":{"uv":[5.875,2.25,4.75,3.375],"texture":"#0"},"east":{"uv":[2.375,6.75,2.375,7.75],"texture":"#0"},"south":{"uv":[4.75,2.25,5.875,3.375],"texture":"#0"},"west":{"uv":[2.25,6.75,2.25,7.75],"texture":"#0"},"up":{"uv":[7.375,4.375,8.5,4.375],"texture":"#0"},"down":{"uv":[7.375,4.5,8.5,4.5],"texture":"#0"}}},{"from":[4.9382,-2.7224,7.8299],"to":[11.0618,20.4112,8.1701],"rotation":{"angle":0,"axis":"y","origin":[8,-1.3406,8]},"faces":{"north":{"uv":[4.625,0,3.5,4.25],"texture":"#0"},"east":{"uv":[2.875,5.375,2.75,9.625],"texture":"#0"},"south":{"uv":[3.5,0,4.625,4.25],"texture":"#0"},"west":{"uv":[2.625,5.375,2.5,9.625],"texture":"#0"},"up":{"uv":[6,5.625,7.125,5.5],"texture":"#0"},"down":{"uv":[6.75,2.875,7.875,3],"texture":"#0"}}},{"from":[3.5774,0.6376,8],"to":[12.4226,29.2144,8],"rotation":{"angle":0,"axis":"y","origin":[8,-1.3406,8]},"faces":{"north":{"uv":[1.625,0,0,5.25],"texture":"#0"},"east":{"uv":[7.25,7.375,7.25,12.625],"texture":"#0"},"south":{"uv":[0,0,1.625,5.25],"texture":"#0"},"west":{"uv":[0.5,7.25,0.5,12.5],"texture":"#0"},"up":{"uv":[7.375,4.625,9,4.625],"texture":"#0"},"down":{"uv":[7.375,4.75,9,4.75],"texture":"#0"}}},{"from":[6.41606,-5.49176,7.3196],"to":[12.53966,-2.77016,8.6804],"rotation":{"angle":22.5,"axis":"z","origin":[8,-1.3406,8]},"faces":{"north":{"uv":[5.875,4.5,4.75,5],"texture":"#0"},"east":{"uv":[7.25,0,7,0.5],"texture":"#0"},"south":{"uv":[4.75,4.5,5.875,5],"texture":"#0"},"west":{"uv":[0.875,6.875,0.625,7.375],"texture":"#0"},"up":{"uv":[1,6.25,2.125,6],"texture":"#0"},"down":{"uv":[6,1,7.125,1.25],"texture":"#0"}}},{"from":[3.46034,-5.49176,7.3111],"to":[9.58394,-2.77016,8.6889],"rotation":{"angle":-22.5,"axis":"z","origin":[8,-1.3406,8]},"faces":{"north":{"uv":[1.125,5.375,0,5.875],"texture":"#0"},"east":{"uv":[6.125,7.125,5.875,7.625],"texture":"#0"},"south":{"uv":[0,5.375,1.125,5.875],"texture":"#0"},"west":{"uv":[7.25,4.875,7,5.375],"texture":"#0"},"up":{"uv":[6,1.625,7.125,1.375],"texture":"#0"},"down":{"uv":[6,1.75,7.125,2],"texture":"#0"}}},{"from":[3.61879,-2.30158,7.3111],"to":[8.38159,-0.26038,8.6889],"rotation":{"angle":-22.5,"axis":"z","origin":[8,-1.3406,8]},"faces":{"north":{"uv":[6.75,5.75,5.875,6.125],"texture":"#0"},"east":{"uv":[2.125,7.25,1.875,7.625],"texture":"#0"},"south":{"uv":[5.875,5.75,6.75,6.125],"texture":"#0"},"west":{"uv":[1.75,7.25,1.5,7.625],"texture":"#0"},"up":{"uv":[6,5.375,6.875,5.125],"texture":"#0"},"down":{"uv":[5.875,6.25,6.75,6.5],"texture":"#0"}}},{"from":[7.61841,-2.30158,7.3196],"to":[12.38121,-0.26038,8.6804],"rotation":{"angle":22.5,"axis":"z","origin":[8,-1.3406,8]},"faces":{"north":{"uv":[6.875,0,6,0.375],"texture":"#0"},"east":{"uv":[7.5,3.625,7.25,4],"texture":"#0"},"south":{"uv":[6,0,6.875,0.375],"texture":"#0"},"west":{"uv":[7.5,3.125,7.25,3.5],"texture":"#0"},"up":{"uv":[1,6.625,1.875,6.375],"texture":"#0"},"down":{"uv":[0,6.5,0.875,6.75],"texture":"#0"}}}],"gui_light":"front","display":{"thirdperson_righthand":{"rotation":[0,90,0],"translation":[0,18.75,1.75],"scale":[1.3,1.3,1.3]},"thirdperson_lefthand":{"rotation":[0,90,0],"translation":[0,18.75,1.75],"scale":[1.3,1.3,1.3]},"firstperson_righthand":{"rotation":[0,90,0],"translation":[12,9.25,-7.25],"scale":[1.3,1.3,1.3]},"firstperson_lefthand":{"rotation":[0,90,0],"translation":[12,9.25,-7.25],"scale":[1.3,1.3,1.3]},"ground":{"rotation":[0,0,48],"translation":[0,9,0],"scale":[0.67,0.67,0.67]},"gui":{"rotation":[0,0,-45],"scale":[0.47,0.47,0.47]},"fixed":{"rotation":[0,0,-45],"scale":[0.47,0.47,0.47]}}}