{"credit":"Made by samus2002","texture_size":[128,128],"textures":{"0":"awakened_assassin:awakened_assassin_texture/shadow_assassin_duskblade","particle":"awakened_assassin:awakened_assassin_texture/shadow_assassin_duskblade"},"elements":[{"from":[7.13,15.42,6.695],"to":[8.87,28.47,9.305],"rotation":{"angle":0,"axis":"y","origin":[8,13.8975,4.955]},"faces":{"north":{"uv":[6,1.125,6.25,3],"texture":"#0"},"east":{"uv":[5.5,2.875,5.875,4.75],"texture":"#0"},"south":{"uv":[2,6,2.25,7.875],"texture":"#0"},"west":{"uv":[5.5,4.875,5.875,6.75],"texture":"#0"},"up":{"uv":[6.625,2.875,6.375,2.5],"texture":"#0"},"down":{"uv":[6.625,5.75,6.375,6.125],"texture":"#0"}}},{"from":[7.7825,-8.07,3.215],"to":[8.2175,12.81,9.305],"rotation":{"angle":0,"axis":"y","origin":[8,13.8975,4.955]},"faces":{"north":{"uv":[3.25,4.25,3.375,7.25],"texture":"#0"},"east":{"uv":[3.5,0,4.375,3],"texture":"#0"},"south":{"uv":[2.375,6,2.5,9],"texture":"#0"},"west":{"uv":[3.5,3.125,4.375,6.125],"texture":"#0"},"up":{"uv":[5.875,2,5.75,1.125],"texture":"#0"},"down":{"uv":[6.5,1.5,6.375,2.375],"texture":"#0"}}},{"from":[8,-15.9,0.605],"to":[8,12.81,11.915],"rotation":{"angle":0,"axis":"y","origin":[8,13.8975,4.955]},"faces":{"north":{"uv":[6.75,5.75,6.75,9.875],"texture":"#0"},"east":{"uv":[0,0,1.625,4.125],"texture":"#0"},"south":{"uv":[6.375,6.75,6.375,10.875],"texture":"#0"},"west":{"uv":[1.75,0,3.375,4.125],"texture":"#0"},"up":{"uv":[6.75,3.125,6.75,1.5],"texture":"#0"},"down":{"uv":[6.75,3.25,6.75,4.875],"texture":"#0"}}},{"from":[7.13,12.81,4.955],"to":[8.87,15.42,9.305],"rotation":{"angle":0,"axis":"y","origin":[8,13.8975,4.955]},"faces":{"north":{"uv":[6.375,6.25,6.625,6.625],"texture":"#0"},"east":{"uv":[6,4,6.625,4.375],"texture":"#0"},"south":{"uv":[6.5,0,6.75,0.375],"texture":"#0"},"west":{"uv":[6,4.5,6.625,4.875],"texture":"#0"},"up":{"uv":[6.25,6.375,6,5.75],"texture":"#0"},"down":{"uv":[3.75,6.25,3.5,6.875],"texture":"#0"}}},{"from":[7.13,-0.24,4.955],"to":[7.13,12.81,11.045],"rotation":{"angle":0,"axis":"y","origin":[8,13.8975,4.955]},"faces":{"north":{"uv":[6.5,6.75,6.5,8.625],"texture":"#0"},"east":{"uv":[4.5,2.875,5.375,4.75],"texture":"#0"},"south":{"uv":[6.625,6.75,6.625,8.625],"texture":"#0"},"west":{"uv":[4.5,4.875,5.375,6.75],"texture":"#0"},"up":{"uv":[6.625,2.375,6.625,1.5],"texture":"#0"},"down":{"uv":[6.625,3,6.625,3.875],"texture":"#0"}}},{"from":[8.87,-0.24,4.955],"to":[8.87,12.81,11.045],"rotation":{"angle":0,"axis":"y","origin":[8,13.8975,4.955]},"faces":{"north":{"uv":[6.875,1.5,6.875,3.375],"texture":"#0"},"east":{"uv":[0,5.375,0.875,7.25],"texture":"#0"},"south":{"uv":[2.625,6.875,2.625,8.75],"texture":"#0"},"west":{"uv":[1,5.375,1.875,7.25],"texture":"#0"},"up":{"uv":[6.875,0.875,6.875,0],"texture":"#0"},"down":{"uv":[2.75,6.875,2.75,7.75],"texture":"#0"}}},{"from":[8,12.81,-2.005],"to":[8,24.12,5.825],"rotation":{"angle":0,"axis":"y","origin":[8,13.8975,4.955]},"faces":{"north":{"uv":[4,6.625,4,8.25],"texture":"#0"},"east":{"uv":[2,4.25,3.125,5.875],"texture":"#0"},"south":{"uv":[4.125,6.625,4.125,8.25],"texture":"#0"},"west":{"uv":[4.5,1.125,5.625,2.75],"texture":"#0"},"up":{"uv":[4.25,7.75,4.25,6.625],"texture":"#0"},"down":{"uv":[4.375,6.625,4.375,7.75],"texture":"#0"}}},{"from":[6.26,28.47,4.955],"to":[9.74,30.21,10.175],"rotation":{"angle":0,"axis":"y","origin":[8,13.8975,4.955]},"faces":{"north":{"uv":[3.875,6.25,4.375,6.5],"texture":"#0"},"east":{"uv":[6,5,6.75,5.25],"texture":"#0"},"south":{"uv":[6.375,1.125,6.875,1.375],"texture":"#0"},"west":{"uv":[6,5.375,6.75,5.625],"texture":"#0"},"up":{"uv":[3.125,6.75,2.625,6],"texture":"#0"},"down":{"uv":[6.5,3.125,6,3.875],"texture":"#0"}}},{"from":[8,24.12,-2.005],"to":[8,31.08,11.045],"rotation":{"angle":0,"axis":"y","origin":[8,13.8975,4.955]},"faces":{"north":{"uv":[6,6.5,6,7.5],"texture":"#0"},"east":{"uv":[0,4.25,1.875,5.25],"texture":"#0"},"south":{"uv":[6.125,6.5,6.125,7.5],"texture":"#0"},"west":{"uv":[4.5,0,6.375,1],"texture":"#0"},"up":{"uv":[6.25,8.375,6.25,6.5],"texture":"#0"},"down":{"uv":[3.875,6.625,3.875,8.5],"texture":"#0"}}}],"gui_light":"front","display":{"thirdperson_righthand":{"translation":[0,-8.5,1.75],"scale":[0.6,0.6,0.6]},"thirdperson_lefthand":{"translation":[0,-8.5,1.75],"scale":[0.6,0.6,0.6]},"firstperson_righthand":{"rotation":[0,0,180],"translation":[7.75,0.75,-4],"scale":[0.6,0.6,0.6]},"firstperson_lefthand":{"rotation":[0,0,180],"translation":[7.75,0.75,-4],"scale":[0.6,0.6,0.6]},"ground":{"rotation":[0,0,48],"translation":[0,9.25,0],"scale":[0.5,0.5,0.5]},"gui":{"rotation":[90,-135,90],"translation":[0,0.5,0],"scale":[0.33,0.33,0.33]},"fixed":{"rotation":[90,-135,90],"translation":[0,0.25,0],"scale":[0.3,0.3,0.3]}},"mcmodels":"c2e71c936d493effd3763e056c8f1318"}