{"format_version":"1.21.6","credit":"Made with Blockbench","texture_size":[8,8],"textures":{"5":"dominicitem:dominicitem_texture/fire_texture","6":"dominicitem:dominicitem_texture/animasifire1","8":"dominicitem:dominicitem_texture/animasispark1"},"elements":[{"from":[6.9,8.5,7.4],"to":[9.1,11.5,9.1],"rotation":{"angle":0,"axis":"y","origin":[7,9,7]},"faces":{"north":{"uv":[0,0,1.125,1.5],"texture":"#5"},"east":{"uv":[1.5,0,2.375,1.5],"texture":"#5"},"south":{"uv":[0,1.5,1.125,3],"texture":"#5"},"west":{"uv":[1.5,1.5,2.375,3],"texture":"#5"},"up":{"uv":[5.625,3.875,4.5,3],"texture":"#5"},"down":{"uv":[1.125,5,0,5.875],"texture":"#5"}}},{"from":[9.1,8.7,7.6],"to":[9.4,11.3,8.9],"rotation":{"angle":0,"axis":"y","origin":[7.4,9,7]},"faces":{"north":{"uv":[1,7,1.125,8.25],"texture":"#5"},"east":{"uv":[1.5,5,2.125,6.25],"texture":"#5"},"south":{"uv":[0,7.5,0.125,8.75],"texture":"#5"},"west":{"uv":[2.5,5,3.125,6.25],"texture":"#5"},"up":{"uv":[4.125,8.125,4,7.5],"texture":"#5"},"down":{"uv":[4.625,7.5,4.5,8.125],"texture":"#5"}}},{"from":[6.6,8.7,7.6],"to":[6.9,11.3,8.9],"rotation":{"angle":0,"axis":"y","origin":[4.9,9,7]},"faces":{"north":{"uv":[7.5,0,7.625,1.25],"texture":"#5"},"east":{"uv":[3.5,5,4.125,6.25],"texture":"#5"},"south":{"uv":[0.5,7.5,0.625,8.75],"texture":"#5"},"west":{"uv":[5,4,5.625,5.25],"texture":"#5"},"up":{"uv":[5.125,8.125,5,7.5],"texture":"#5"},"down":{"uv":[5.625,7.5,5.5,8.125],"texture":"#5"}}},{"from":[7.3,9,9.1],"to":[8.7,11,9.3],"rotation":{"angle":0,"axis":"z","origin":[9,9,7.4]},"faces":{"north":{"uv":[5.5,0,6.25,1],"texture":"#5"},"east":{"uv":[1.5,7.5,1.625,8.5],"texture":"#5"},"south":{"uv":[5.5,1,6.25,2],"texture":"#5"},"west":{"uv":[7.5,1.5,7.625,2.5],"texture":"#5"},"up":{"uv":[7.75,3.125,7,3],"texture":"#5"},"down":{"uv":[8.25,2.5,7.5,2.625],"texture":"#5"}}},{"from":[7.3,9,7.2],"to":[8.7,11,7.4],"rotation":{"angle":0,"axis":"z","origin":[7,9,9.1]},"faces":{"north":{"uv":[5.5,2,6.25,3],"texture":"#5"},"east":{"uv":[2,7.5,2.125,8.5],"texture":"#5"},"south":{"uv":[4.5,5.5,5.25,6.5],"texture":"#5"},"west":{"uv":[2.5,7.5,2.625,8.5],"texture":"#5"},"up":{"uv":[3.75,7.625,3,7.5],"texture":"#5"},"down":{"uv":[8.25,3.5,7.5,3.625],"texture":"#5"}}},{"from":[7.4,8,7.6],"to":[8.6,12,8.9],"rotation":{"angle":0,"axis":"y","origin":[7,9.3,7]},"faces":{"north":{"uv":[2.5,0,3.125,2],"texture":"#5"},"east":{"uv":[2.5,2,3.125,4],"texture":"#5"},"south":{"uv":[0,3,0.625,5],"texture":"#5"},"west":{"uv":[1,3,1.625,5],"texture":"#5"},"up":{"uv":[7.125,4.125,6.5,3.5],"texture":"#5"},"down":{"uv":[5.125,6.5,4.5,7.125],"texture":"#5"}}},{"from":[7.9,9.9,7.7],"to":[9.9,11.9,8.8],"rotation":{"angle":45,"axis":"z","origin":[8,10,7.2]},"faces":{"north":{"uv":[3.5,0,4.5,1],"texture":"#5"},"east":{"uv":[2,3,2.5,4],"texture":"#5"},"south":{"uv":[3.5,1,4.5,2],"texture":"#5"},"west":{"uv":[5.5,5.5,6,6.5],"texture":"#5"},"up":{"uv":[1,6.5,0,6],"texture":"#5"},"down":{"uv":[7,3,6,3.5],"texture":"#5"}}},{"from":[7.9,7.3,7.7],"to":[9.9,9.3,8.8],"rotation":{"angle":45,"axis":"z","origin":[8,7.4,7.2]},"faces":{"north":{"uv":[3.5,2,4.5,3],"texture":"#5"},"east":{"uv":[1,6,1.5,7],"texture":"#5"},"south":{"uv":[3.5,3,4.5,4],"texture":"#5"},"west":{"uv":[6,3.5,6.5,4.5],"texture":"#5"},"up":{"uv":[7,5,6,4.5],"texture":"#5"},"down":{"uv":[7,5,6,5.5],"texture":"#5"}}},{"from":[6.6,10,7.3],"to":[8.6,11.9,9.2],"rotation":{"angle":-45,"axis":"z","origin":[6.6,10,7.3]},"faces":{"north":{"uv":[2,4,3,5],"texture":"#5"},"east":{"uv":[3,4,4,5],"texture":"#5"},"south":{"uv":[4,4,5,5],"texture":"#5"},"west":{"uv":[4.5,0,5.5,1],"texture":"#5"},"up":{"uv":[5.5,2,4.5,1],"texture":"#5"},"down":{"uv":[5.5,2,4.5,3],"texture":"#5"}}},{"from":[6.7,11.7,7.5],"to":[7.9,12.9,9],"rotation":{"angle":-45,"axis":"z","origin":[6.7,11,7.3]},"faces":{"north":{"uv":[5.5,6.5,6.125,7.125],"texture":"#5"},"east":{"uv":[6,5.5,6.75,6.125],"texture":"#5"},"south":{"uv":[6.5,6.5,7.125,7.125],"texture":"#5"},"west":{"uv":[0,6.5,0.75,7.125],"texture":"#5"},"up":{"uv":[7.125,0.75,6.5,0],"texture":"#5"},"down":{"uv":[7.125,1,6.5,1.75],"texture":"#5"}}},{"from":[6.7,8.7,7.5],"to":[7.9,9.9,9],"rotation":{"angle":-45,"axis":"z","origin":[6.7,8,7.3]},"faces":{"north":{"uv":[7,4.5,7.625,5.125],"texture":"#5"},"east":{"uv":[1.5,6.5,2.25,7.125],"texture":"#5"},"south":{"uv":[7,5.5,7.625,6.125],"texture":"#5"},"west":{"uv":[6.5,2,7.25,2.625],"texture":"#5"},"up":{"uv":[3.125,7.25,2.5,6.5],"texture":"#5"},"down":{"uv":[4.125,6.5,3.5,7.25],"texture":"#5"}}},{"from":[5.7,11.3,8.2],"to":[10.3,15.3,8.2],"rotation":{"angle":0,"axis":"y","origin":[7,12.3,8.2]},"faces":{"north":{"uv":[0,0,16,16],"texture":"#6"},"east":{"uv":[0,0,0,2],"texture":"#6"},"south":{"uv":[0,0,16,16],"texture":"#6"},"west":{"uv":[0,0,0,2],"texture":"#6"},"up":{"uv":[0,0,2,0],"texture":"#6"},"down":{"uv":[0,0,2,0],"texture":"#6"}}},{"from":[5.6,9.7,8.2],"to":[9.6,14,8.2],"rotation":{"angle":22.5,"axis":"z","origin":[6.6,10.7,8.2]},"faces":{"north":{"uv":[0,0,16,16],"texture":"#6"},"east":{"uv":[0,0,0,2],"texture":"#6"},"south":{"uv":[0,0,16,16],"texture":"#6"},"west":{"uv":[0,0,0,2],"texture":"#6"},"up":{"uv":[0,0,2,0],"texture":"#6"},"down":{"uv":[0,0,2,0],"texture":"#6"}}},{"from":[6.8,10.7,8.2],"to":[10.8,14.3,8.2],"rotation":{"angle":-22.5,"axis":"z","origin":[7.8,11.7,8.2]},"faces":{"north":{"uv":[0,0,16,16],"texture":"#6"},"east":{"uv":[0,0,0,2],"texture":"#6"},"south":{"uv":[0,0,16,16],"texture":"#6"},"west":{"uv":[0,0,0,2],"texture":"#6"},"up":{"uv":[0,0,2,0],"texture":"#6"},"down":{"uv":[0,0,2,0],"texture":"#6"}}},{"from":[5.9,4.3,8.2],"to":[10.5,8.3,8.2],"rotation":{"angle":0,"axis":"y","origin":[9.2,7.3,8.2]},"faces":{"north":{"uv":[0,0,16,16],"rotation":180,"texture":"#6"},"east":{"uv":[0,0,0,2],"rotation":180,"texture":"#6"},"south":{"uv":[0,0,16,16],"rotation":180,"texture":"#6"},"west":{"uv":[0,0,0,2],"rotation":180,"texture":"#6"},"up":{"uv":[0,0,2,0],"rotation":180,"texture":"#6"},"down":{"uv":[0,0,2,0],"rotation":180,"texture":"#6"}}},{"from":[6.6,5.6,8.2],"to":[10.6,9.9,8.2],"rotation":{"angle":22.5,"axis":"z","origin":[9.6,8.9,8.2]},"faces":{"north":{"uv":[0,0,16,16],"rotation":180,"texture":"#6"},"east":{"uv":[0,0,0,2],"rotation":180,"texture":"#6"},"south":{"uv":[0,0,16,16],"rotation":180,"texture":"#6"},"west":{"uv":[0,0,0,2],"rotation":180,"texture":"#6"},"up":{"uv":[0,0,2,0],"rotation":180,"texture":"#6"},"down":{"uv":[0,0,2,0],"rotation":180,"texture":"#6"}}},{"from":[5.4,5.3,8.2],"to":[9.4,8.9,8.2],"rotation":{"angle":-22.5,"axis":"z","origin":[8.4,7.9,8.2]},"faces":{"north":{"uv":[0,0,16,16],"rotation":180,"texture":"#6"},"east":{"uv":[0,0,0,2],"rotation":180,"texture":"#6"},"south":{"uv":[0,0,16,16],"rotation":180,"texture":"#6"},"west":{"uv":[0,0,0,2],"rotation":180,"texture":"#6"},"up":{"uv":[0,0,2,0],"rotation":180,"texture":"#6"},"down":{"uv":[0,0,2,0],"rotation":180,"texture":"#6"}}},{"from":[7,9,10.6],"to":[9,11,10.6],"rotation":{"angle":0,"axis":"y","origin":[7,9,8.6]},"faces":{"north":{"uv":[0,0,16,16],"texture":"#8"},"east":{"uv":[0,0,0,4],"texture":"#8"},"south":{"uv":[0,0,16,16],"texture":"#8"},"west":{"uv":[0,0,0,4],"texture":"#8"},"up":{"uv":[4,0,0,0],"texture":"#8"},"down":{"uv":[4,0,0,0],"texture":"#8"}}},{"from":[7,9,9.8],"to":[9,11,9.8],"rotation":{"angle":-45,"axis":"y","origin":[7,9,7.8]},"faces":{"north":{"uv":[0,0,16,16],"texture":"#8"},"east":{"uv":[0,0,0,4],"texture":"#8"},"south":{"uv":[0,0,16,16],"texture":"#8"},"west":{"uv":[0,0,0,4],"texture":"#8"},"up":{"uv":[4,0,0,0],"texture":"#8"},"down":{"uv":[4,0,0,0],"texture":"#8"}}},{"from":[7.6,9,11.2],"to":[9.6,11,11.2],"rotation":{"angle":45,"axis":"y","origin":[7.6,9,9.2]},"faces":{"north":{"uv":[0,0,16,16],"texture":"#8"},"east":{"uv":[0,0,0,4],"texture":"#8"},"south":{"uv":[0,0,16,16],"texture":"#8"},"west":{"uv":[0,0,0,4],"texture":"#8"},"up":{"uv":[4,0,0,0],"texture":"#8"},"down":{"uv":[4,0,0,0],"texture":"#8"}}},{"from":[10.4,9,7.2],"to":[10.4,11,9.2],"rotation":{"angle":0,"axis":"y","origin":[8.4,9,9.2]},"faces":{"north":{"uv":[0,0,0,4],"texture":"#8"},"east":{"uv":[0,0,16,16],"texture":"#8"},"south":{"uv":[0,0,0,4],"texture":"#8"},"west":{"uv":[0,0,16,16],"texture":"#8"},"up":{"uv":[0,4,0,0],"texture":"#8"},"down":{"uv":[0,0,0,4],"texture":"#8"}}},{"from":[7,9,6.6],"to":[9,11,6.6],"rotation":{"angle":-45,"axis":"y","origin":[9,9,8.6]},"faces":{"north":{"uv":[0,0,16,16],"texture":"#8"},"east":{"uv":[0,0,0,4],"texture":"#8"},"south":{"uv":[0,0,16,16],"texture":"#8"},"west":{"uv":[0,0,0,4],"texture":"#8"},"up":{"uv":[4,0,0,0],"texture":"#8"},"down":{"uv":[4,0,0,0],"texture":"#8"}}},{"from":[5.6,9,7.2],"to":[5.6,11,9.2],"rotation":{"angle":0,"axis":"y","origin":[7.6,9,7.2]},"faces":{"north":{"uv":[0,0,0,4],"texture":"#8"},"east":{"uv":[0,0,16,16],"texture":"#8"},"south":{"uv":[0,0,0,4],"texture":"#8"},"west":{"uv":[0,0,16,16],"texture":"#8"},"up":{"uv":[0,4,0,0],"texture":"#8"},"down":{"uv":[0,0,0,4],"texture":"#8"}}},{"from":[6.4,9,5.2],"to":[8.4,11,5.2],"rotation":{"angle":45,"axis":"y","origin":[8.4,9,7.2]},"faces":{"north":{"uv":[0,0,16,16],"texture":"#8"},"east":{"uv":[0,0,0,4],"texture":"#8"},"south":{"uv":[0,0,16,16],"texture":"#8"},"west":{"uv":[0,0,0,4],"texture":"#8"},"up":{"uv":[4,0,0,0],"texture":"#8"},"down":{"uv":[4,0,0,0],"texture":"#8"}}},{"from":[7,9,5.8],"to":[9,11,5.8],"rotation":{"angle":0,"axis":"y","origin":[9,9,7.8]},"faces":{"north":{"uv":[0,0,16,16],"texture":"#8"},"east":{"uv":[0,0,0,4],"texture":"#8"},"south":{"uv":[0,0,16,16],"texture":"#8"},"west":{"uv":[0,0,0,4],"texture":"#8"},"up":{"uv":[4,0,0,0],"texture":"#8"},"down":{"uv":[4,0,0,0],"texture":"#8"}}}],"display":{"thirdperson_righthand":{"rotation":[10.75,0,0],"translation":[0,0.25,0]},"thirdperson_lefthand":{"rotation":[66.25,0,0],"translation":[-6.25,1.75,3.75]},"firstperson_righthand":{"rotation":[170.47,61.99,-171.24],"translation":[0,-0.5,0],"scale":[2,2,1]},"firstperson_lefthand":{"rotation":[-175.71,44,-179.03],"translation":[0,0.5,0],"scale":[2,2,1]},"ground":{"rotation":[87.52,0.1,9.58],"translation":[0.75,-5.25,-4],"scale":[2,2,2]},"gui":{"rotation":[-21.05,-21,-11],"translation":[-0.75,-6,0],"scale":[2,2,2]},"head":{"translation":[-16.75,-5.25,-2.25],"scale":[2,2,2]},"fixed":{"rotation":[-90,0,0],"translation":[0,0,-5.75],"scale":[3,3,3]}}}