{"format_version":"1.21.6","credit":"Made with Blockbench","texture_size":[8,8],"textures":{"0":"dominicitem:dominicitem_texture/luar1","7":"dominicitem:dominicitem_texture/frag1","particle":"dominicitem:dominicitem_texture/luar1"},"elements":[{"from":[6,6,6],"to":[10,10,10],"rotation":{"angle":0,"axis":"y","origin":[7,7,7]},"faces":{"north":{"uv":[0,0,8,8],"texture":"#7"},"east":{"uv":[0,0,8,8],"texture":"#7"},"south":{"uv":[0,0,8,8],"texture":"#7"},"west":{"uv":[0,0,8,8],"texture":"#7"},"up":{"uv":[8,16,0,8],"texture":"#7"},"down":{"uv":[16,0,8,8],"texture":"#7"}}},{"from":[10.3,5.7,5.7],"to":[10.3,10.3,10.3],"rotation":{"angle":0,"axis":"y","origin":[8.3,5.5,7]},"faces":{"north":{"uv":[0,0,0,2.25],"texture":"#0"},"east":{"uv":[0,0,2.25,2.25],"texture":"#0"},"south":{"uv":[0,0,0,2.25],"texture":"#0"},"west":{"uv":[0,2.5,2.25,4.75],"texture":"#0"},"up":{"uv":[0,2.25,0,0],"texture":"#0"},"down":{"uv":[0,0,0,2.25],"texture":"#0"}}},{"from":[5.7,10.3,5.7],"to":[10.3,10.3,10.3],"rotation":{"angle":0,"axis":"y","origin":[5.5,12.3,7]},"faces":{"north":{"uv":[0,0,2.25,0],"texture":"#0"},"east":{"uv":[0,0,2.25,0],"texture":"#0"},"south":{"uv":[0,0,2.25,0],"texture":"#0"},"west":{"uv":[0,0,2.25,0],"texture":"#0"},"up":{"uv":[4.75,2.25,2.5,0],"texture":"#0"},"down":{"uv":[4.75,2.5,2.5,4.75],"texture":"#0"}}},{"from":[5.7,5.7,10.3],"to":[10.3,10.3,10.3],"rotation":{"angle":0,"axis":"y","origin":[7,5.5,12.3]},"faces":{"north":{"uv":[0,5,2.25,7.25],"texture":"#0"},"east":{"uv":[0,0,0,2.25],"texture":"#0"},"south":{"uv":[5,0,7.25,2.25],"texture":"#0"},"west":{"uv":[0,0,0,2.25],"texture":"#0"},"up":{"uv":[2.25,0,0,0],"texture":"#0"},"down":{"uv":[2.25,0,0,0],"texture":"#0"}}},{"from":[5.7,5.7,5.7],"to":[10.3,10.3,5.7],"rotation":{"angle":0,"axis":"y","origin":[7,5.5,7.7]},"faces":{"north":{"uv":[2.5,5,4.75,7.25],"texture":"#0"},"east":{"uv":[0,0,0,2.25],"texture":"#0"},"south":{"uv":[5,2.5,7.25,4.75],"texture":"#0"},"west":{"uv":[0,0,0,2.25],"texture":"#0"},"up":{"uv":[2.25,0,0,0],"texture":"#0"},"down":{"uv":[2.25,0,0,0],"texture":"#0"}}},{"from":[5.7,5.7,5.7],"to":[5.7,10.3,10.3],"rotation":{"angle":0,"axis":"y","origin":[3.7,5.5,7]},"faces":{"north":{"uv":[0,0,0,2.25],"texture":"#0"},"east":{"uv":[5,5,7.25,7.25],"texture":"#0"},"south":{"uv":[0,0,0,2.25],"texture":"#0"},"west":{"uv":[0,7.5,2.25,9.75],"texture":"#0"},"up":{"uv":[0,2.25,0,0],"texture":"#0"},"down":{"uv":[0,0,0,2.25],"texture":"#0"}}},{"from":[5.7,5.7,5.7],"to":[10.3,5.7,10.3],"rotation":{"angle":0,"axis":"y","origin":[5.5,7.7,7]},"faces":{"north":{"uv":[0,0,2.25,0],"texture":"#0"},"east":{"uv":[0,0,2.25,0],"texture":"#0"},"south":{"uv":[0,0,2.25,0],"texture":"#0"},"west":{"uv":[0,0,2.25,0],"texture":"#0"},"up":{"uv":[9.75,2.25,7.5,0],"texture":"#0"},"down":{"uv":[4.75,7.5,2.5,9.75],"texture":"#0"}}}],"display":{"thirdperson_righthand":{"rotation":[21.4,-26.44,20.25],"translation":[0,3.25,0]},"thirdperson_lefthand":{"rotation":[20.25,-26.44,21.4],"translation":[0,3.25,0]},"firstperson_righthand":{"rotation":[-37.93,48.33,25.04],"scale":[2,2,2]},"firstperson_lefthand":{"rotation":[-23.28,8.27,-29.75],"scale":[2,2,2]},"ground":{"rotation":[-26.73,15.92,42.05],"translation":[0,14.75,18.25],"scale":[2.5,2.5,2.5]},"gui":{"rotation":[139.02,-53.48,157.63],"translation":[0.5,0,0],"scale":[2,2,2]},"fixed":{"rotation":[0,57.5,58],"translation":[0,0,-20.5],"scale":[4,4,4]}}}