{"format_version":"1.21.6","credit":"Made by samus2002","texture_size":[128,128],"textures":{"0":"flame_warrior:flame_warrior_texture/flame_warrior_katana","particle":"flame_warrior:flame_warrior_texture/flame_warrior_katana"},"elements":[{"from":[6.5,-2.5,7.875],"to":[9.5,20.5,8.125],"rotation":{"angle":0,"axis":"y","origin":[8,-1.75,8]},"faces":{"north":{"uv":[1.5,0,1.875,2.875],"texture":"#0"},"east":{"uv":[2.25,3,2.375,5.875],"texture":"#0"},"south":{"uv":[1.875,0,1.5,2.875],"texture":"#0"},"west":{"uv":[3.25,2.25,3.375,5.125],"texture":"#0"},"up":{"uv":[4.5,3.375,4.125,3.25],"texture":"#0"},"down":{"uv":[2.875,4.25,2.5,4.375],"texture":"#0"}}},{"from":[6,-2.5,7.25],"to":[10,-0.5,8.75],"rotation":{"angle":0,"axis":"y","origin":[8.5,-1.75,8.375]},"faces":{"north":{"uv":[3.5,3.5,4.125,3.75],"texture":"#0"},"east":{"uv":[4.125,2.875,4.375,3.125],"texture":"#0"},"south":{"uv":[3.625,0,4.25,0.25],"texture":"#0"},"west":{"uv":[4.125,3.875,4.375,4.125],"texture":"#0"},"up":{"uv":[4.25,0.625,3.625,0.375],"texture":"#0"},"down":{"uv":[4.25,0.75,3.625,1],"texture":"#0"}}},{"from":[7,-14.5,6.875],"to":[9,-2.55,9.125],"rotation":{"angle":0,"axis":"y","origin":[8,-0.75,8]},"faces":{"north":{"uv":[2.5,2.25,2.75,3.75],"texture":"#0"},"east":{"uv":[2.875,2.25,3.125,3.75],"texture":"#0"},"south":{"uv":[1.5,3,1.75,4.5],"texture":"#0"},"west":{"uv":[1.875,3,2.125,4.5],"texture":"#0"},"up":{"uv":[4.375,2.375,4.125,2.125],"texture":"#0"},"down":{"uv":[4.375,2.5,4.125,2.75],"texture":"#0"}}},{"from":[6.5,-15.5,6.375],"to":[9.5,-13.5,9.625],"rotation":{"angle":0,"axis":"y","origin":[7.5,0.25,8.5]},"faces":{"north":{"uv":[2.5,3.875,3,4.125],"texture":"#0"},"east":{"uv":[3.5,3.875,4,4.125],"texture":"#0"},"south":{"uv":[0,4.125,0.5,4.375],"texture":"#0"},"west":{"uv":[0.625,4.125,1.125,4.375],"texture":"#0"},"up":{"uv":[4,2.75,3.5,2.25],"texture":"#0"},"down":{"uv":[4,2.875,3.5,3.375],"texture":"#0"}}},{"from":[4.5,-3.5,4.375],"to":[11.5,-2.5,11.625],"rotation":{"angle":-45,"axis":"y","origin":[8,-3,8]},"faces":{"north":{"uv":[3.625,1.125,4.625,1.25],"texture":"#0"},"east":{"uv":[3.625,1.375,4.625,1.5],"texture":"#0"},"south":{"uv":[3.625,1.625,4.625,1.75],"texture":"#0"},"west":{"uv":[3.625,1.875,4.625,2],"texture":"#0"},"up":{"uv":[3.5,1,2.5,0],"texture":"#0"},"down":{"uv":[3.5,1.125,2.5,2.125],"texture":"#0"}}},{"from":[5.5,-2.5,8],"to":[10.5,29.5,8],"rotation":{"angle":0,"axis":"y","origin":[8,-1.75,8]},"faces":{"north":{"uv":[0,0,0.625,4],"texture":"#0"},"east":{"uv":[3.125,3.875,3.125,7.875],"texture":"#0"},"south":{"uv":[0.625,0,0,4],"texture":"#0"},"west":{"uv":[1.25,4.125,1.25,8.125],"texture":"#0"},"up":{"uv":[4.125,4.25,3.5,4.25],"texture":"#0"},"down":{"uv":[4.875,3.5,4.25,3.5],"texture":"#0"}}}],"gui_light":"front","display":{"thirdperson_righthand":{"rotation":[0,90,0],"translation":[0,12.5,2],"scale":[1.1,1.1,1.1]},"thirdperson_lefthand":{"rotation":[0,-90,0],"translation":[0,12.5,2],"scale":[1.1,1.1,1.1]},"firstperson_righthand":{"rotation":[0,90,0],"translation":[15,7,-9.25],"scale":[1.3,1.3,1.3]},"firstperson_lefthand":{"rotation":[0,90,0],"translation":[15,7,-9.25],"scale":[1.3,1.3,1.3]},"ground":{"rotation":[0,0,-49],"translation":[0,9,0],"scale":[0.6,0.6,0.6]},"gui":{"rotation":[0,0,-45],"translation":[0.25,0.25,0],"scale":[0.42,0.42,0.42]},"fixed":{"rotation":[0,0,-45],"scale":[0.47,0.47,0.47]}},"mcmodels":"4100d69693ffbf35fcb82e8607716d81"}