{"samus.awakened_assassin.aa_blades_spin":{"category":"master","sounds":["awakened_assassin:samus/awakened_assassin/aa_blades_spin"]},"samus.awakened_assassin.aa_cut":{"category":"master","sounds":["awakened_assassin:samus/awakened_assassin/aa_cut"]},"samus.awakened_assassin.aa_dash":{"category":"master","sounds":["awakened_assassin:samus/awakened_assassin/aa_dash"]},"samus.awakened_assassin.aa_pierce":{"category":"master","sounds":["awakened_assassin:samus/awakened_assassin/aa_pierce"]},"samus.awakened_assassin.aa_slash":{"category":"master","sounds":["awakened_assassin:samus/awakened_assassin/aa_slash"]},"samus.awakened_assassin.aa_spin":{"category":"master","sounds":["awakened_assassin:samus/awakened_assassin/aa_spin"]},"mcmodels.c2e71c936d493effd3763e056c8f1318":{"category":"master","sounds":[]}}