{"credit":"MadewithBlockbench","texture_size":[64,64],"textures":{"2":"ec_forgenfire:forgenfire_default_weapons/knight_axe","particle":"ec_forgenfire:forgenfire_default_weapons/knight_axe"},"elements":[{"from":[7.35,-1,7.35],"to":[8.65,14.75,8.65],"rotation":{"angle":0,"axis":"y","origin":[7,-3,7]},"faces":{"north":{"uv":[5,0,5.375,4],"texture":"#2"},"east":{"uv":[5,4,5.375,8],"texture":"#2"},"south":{"uv":[5.5,0,5.875,4],"texture":"#2"},"west":{"uv":[5.5,4,5.875,8],"texture":"#2"},"up":{"uv":[8.125,1.375,7.75,1],"texture":"#2"},"down":{"uv":[8.125,1.5,7.75,1.875],"texture":"#2"}}},{"from":[6.598,11.748,6.598],"to":[9.402,14.752,9.402],"rotation":{"angle":0,"axis":"y","origin":[7,-9.5,7]},"faces":{"north":{"uv":[6,5.5,6.75,6.25],"texture":"#2"},"east":{"uv":[6,6.25,6.75,7],"texture":"#2"},"south":{"uv":[6.75,2,7.5,2.75],"texture":"#2"},"west":{"uv":[6.75,2.75,7.5,3.5],"texture":"#2"},"up":{"uv":[7.5,6.25,6.75,5.5],"texture":"#2"},"down":{"uv":[7.5,6.25,6.75,7],"texture":"#2"}}},{"from":[11.60128,0.5,6.6],"to":[15.40128,4.5,9.4],"rotation":{"angle":45,"axis":"z","origin":[-3.99872,2,8]},"faces":{"north":{"uv":[6,0,7,1],"texture":"#2"},"east":{"uv":[6,2,6.75,3],"texture":"#2"},"south":{"uv":[6,1,7,2],"texture":"#2"},"west":{"uv":[6,3,6.75,4],"texture":"#2"},"up":{"uv":[7,4.75,6,4],"texture":"#2"},"down":{"uv":[7,4.75,6,5.5],"texture":"#2"}}},{"from":[12.98126,1.5,7.1],"to":[16.03126,4.5,8.9],"rotation":{"angle":45,"axis":"z","origin":[-5.36874,2,8]},"faces":{"north":{"uv":[7,0,7.75,0.75],"texture":"#2"},"east":{"uv":[6,7,6.5,7.75],"texture":"#2"},"south":{"uv":[7,0.75,7.75,1.5],"texture":"#2"},"west":{"uv":[6.5,7,7,7.75],"texture":"#2"},"up":{"uv":[7.75,2,7,1.5],"texture":"#2"},"down":{"uv":[7.75,5,7,5.5],"texture":"#2"}}},{"from":[6.75,-3.5,7.1],"to":[9.25,-1,8.9],"rotation":{"angle":-45,"axis":"z","origin":[8,-2.25,8]},"faces":{"north":{"uv":[7,3.5,7.625,4.125],"texture":"#2"},"east":{"uv":[7,7,7.5,7.625],"texture":"#2"},"south":{"uv":[7,4.25,7.625,4.875],"texture":"#2"},"west":{"uv":[7.5,2,8,2.625],"texture":"#2"},"up":{"uv":[8.125,3.25,7.5,2.75],"texture":"#2"},"down":{"uv":[8.125,5.5,7.5,6],"texture":"#2"}}},{"from":[7,9,7],"to":[9,11,9],"rotation":{"angle":0,"axis":"y","origin":[7,-5,7]},"faces":{"north":{"uv":[7.5,6,8,6.5],"texture":"#2"},"east":{"uv":[7.5,6.5,8,7],"texture":"#2"},"south":{"uv":[7.5,7,8,7.5],"texture":"#2"},"west":{"uv":[7.5,7.5,8,8],"texture":"#2"},"up":{"uv":[8.25,0.5,7.75,0],"texture":"#2"},"down":{"uv":[8.25,0.5,7.75,1],"texture":"#2"}}},{"from":[-3,6,8],"to":[17,24,8],"rotation":{"angle":0,"axis":"y","origin":[11,0,8]},"faces":{"north":{"uv":[0,0,5,4.5],"texture":"#2"},"east":{"uv":[0,0,0,4.5],"texture":"#2"},"south":{"uv":[5,0,0,4.5],"texture":"#2"},"west":{"uv":[0,0,0,4.5],"texture":"#2"},"up":{"uv":[5,0,0,0],"texture":"#2"},"down":{"uv":[5,0,0,0],"texture":"#2"}}}],"gui_light":"front","display":{"thirdperson_righthand":{"rotation":[0,-90,0],"translation":[0,0,1]},"thirdperson_lefthand":{"rotation":[0,90,0],"translation":[0,0,1]},"firstperson_righthand":{"rotation":[21.83,-82.89,17.43],"translation":[1,2.25,2]},"firstperson_lefthand":{"rotation":[178.01,76.89,-177.27],"translation":[1,2.5,2]},"ground":{"translation":[0,4.5,0],"scale":[0.86,0.86,0.86]},"gui":{"rotation":[-180,0,-135],"translation":[-1.5,-0.75,0],"scale":[0.69,0.69,0.69]},"head":{"scale":[0,0,0]}}}