{"credit":"MadewithBlockbench","texture_size":[64,64],"textures":{"1":"ec_forgenfire:forgenfire_default_weapons/knight_hammer"},"elements":[{"from":[7.35,-1,7.35],"to":[8.65,14.75,8.65],"rotation":{"angle":0,"axis":"y","origin":[7,-3,7]},"faces":{"north":{"uv":[0,6.25,0.375,10.25],"texture":"#1"},"east":{"uv":[0.5,6.25,0.875,10.25],"texture":"#1"},"south":{"uv":[1,6.25,1.375,10.25],"texture":"#1"},"west":{"uv":[1.5,6.25,1.875,10.25],"texture":"#1"},"up":{"uv":[3.875,7.625,3.5,7.25],"texture":"#1"},"down":{"uv":[4.375,7.25,4,7.625],"texture":"#1"}}},{"from":[6.598,9.748,6.598],"to":[9.402,12.752,9.402],"rotation":{"angle":0,"axis":"y","origin":[7,-9.5,7]},"faces":{"north":{"uv":[5.5,4.25,6.25,5],"texture":"#1"},"east":{"uv":[3.5,6.5,4.25,7.25],"texture":"#1"},"south":{"uv":[3.5,6.5,4.25,7.25],"texture":"#1"},"west":{"uv":[3.5,6.5,4.25,7.25],"texture":"#1"},"up":{"uv":[5.75,7.25,5,6.5],"texture":"#1"},"down":{"uv":[7.25,5,6.5,5.75],"texture":"#1"}}},{"from":[6.75,-3.5,7.1],"to":[9.25,-1,8.9],"rotation":{"angle":-45,"axis":"z","origin":[8,-2.25,8]},"faces":{"north":{"uv":[5.75,6.5,6.375,7.125],"texture":"#1"},"east":{"uv":[6.5,6.5,7,7.125],"texture":"#1"},"south":{"uv":[6.5,5.75,7.125,6.375],"texture":"#1"},"west":{"uv":[7,0,7.5,0.625],"texture":"#1"},"up":{"uv":[7.625,1.25,7,0.75],"texture":"#1"},"down":{"uv":[7.625,2.5,7,3],"texture":"#1"}}},{"from":[7,7,7],"to":[9,9,9],"rotation":{"angle":0,"axis":"y","origin":[7,-5,7]},"faces":{"north":{"uv":[7,3,7.5,3.5],"texture":"#1"},"east":{"uv":[7,3.5,7.5,4],"texture":"#1"},"south":{"uv":[7,4,7.5,4.5],"texture":"#1"},"west":{"uv":[7,4.5,7.5,5],"texture":"#1"},"up":{"uv":[7.5,7,7,6.5],"texture":"#1"},"down":{"uv":[7.5,7,7,7.5],"texture":"#1"}}},{"from":[1,12.75,5.02929],"to":[15,18.75,11.02929],"rotation":{"angle":45,"axis":"x","origin":[8,15.75,7.92929]},"faces":{"north":{"uv":[3.5,4.5,0,3],"texture":"#1"},"east":{"uv":[5,5,3.5,6.5],"texture":"#1"},"south":{"uv":[0,1.5,3.5,3],"texture":"#1"},"west":{"uv":[3.5,5,5,6.5],"texture":"#1"},"up":{"uv":[3.5,4.5,0,3],"texture":"#1"},"down":{"uv":[0,3,3.5,1.5],"texture":"#1"}}},{"from":[4,12.25,7.02929],"to":[12,19.25,9.02929],"rotation":{"angle":45,"axis":"x","origin":[8,15.75,7.92929]},"faces":{"north":{"uv":[3.5,1.5,5.5,3.25],"texture":"#1"},"east":{"uv":[3,6.25,3.5,8],"texture":"#1"},"south":{"uv":[3.5,3.25,5.5,5],"texture":"#1"},"west":{"uv":[6.5,2.5,7,4.25],"texture":"#1"},"up":{"uv":[7.5,2,5.5,1.5],"texture":"#1"},"down":{"uv":[7.5,2,5.5,2.5],"texture":"#1"}}},{"from":[4,12.17929,7],"to":[12,19.17929,9],"rotation":{"angle":-45,"axis":"x","origin":[8,15.67929,8]},"faces":{"north":{"uv":[3.5,1.5,5.5,3.25],"texture":"#1"},"east":{"uv":[3,6.25,3.5,8],"texture":"#1"},"south":{"uv":[3.5,3.25,5.5,5],"texture":"#1"},"west":{"uv":[6.5,2.5,7,4.25],"texture":"#1"},"up":{"uv":[7.5,2,5.5,1.5],"texture":"#1"},"down":{"uv":[7.5,2,5.5,2.5],"texture":"#1"}}},{"from":[2,12.25,4.52929],"to":[4,19.25,11.52929],"rotation":{"angle":45,"axis":"x","origin":[8,15.75,7.92929]},"faces":{"north":{"uv":[6,2.5,5.5,4.25],"texture":"#1"},"east":{"uv":[3.5,4.5,1.75,6.25],"texture":"#1"},"south":{"uv":[6.5,2.5,6,4.25],"texture":"#1"},"west":{"uv":[1.75,4.5,0,6.25],"texture":"#1"},"up":{"uv":[5.5,2.5,6,4.25],"texture":"#1"},"down":{"uv":[2.5,6.25,3,8],"texture":"#1"}}},{"from":[12,12.25,4.52929],"to":[14,19.25,11.52929],"rotation":{"angle":45,"axis":"x","origin":[8,15.75,7.92929]},"faces":{"north":{"uv":[5.5,2.5,6,4.25],"texture":"#1"},"east":{"uv":[0,4.5,1.75,6.25],"texture":"#1"},"south":{"uv":[6,2.5,6.5,4.25],"texture":"#1"},"west":{"uv":[1.75,4.5,3.5,6.25],"texture":"#1"},"up":{"uv":[6,2.5,5.5,4.25],"texture":"#1"},"down":{"uv":[3,6.25,2.5,8],"texture":"#1"}}}],"gui_light":"front","display":{"thirdperson_righthand":{"rotation":[0,-90,0],"translation":[0,3.5,1]},"thirdperson_lefthand":{"rotation":[0,90,0],"translation":[0,0,1]},"firstperson_righthand":{"rotation":[21.83,-82.89,17.43],"translation":[1,2.25,2]},"firstperson_lefthand":{"rotation":[178.01,76.89,-177.27],"translation":[1,2.5,2]},"ground":{"translation":[0,7.25,0],"scale":[0.86,0.86,0.86]},"gui":{"rotation":[-180,0,-135],"translation":[-1.5,-1.75,0],"scale":[0.69,0.69,0.69]},"head":{"scale":[0,0,0]}}}