{"credit":"MadewithBlockbench","texture_size":[64,64],"textures":{"2":"ec_forgenfire:forgenfire_default_weapons/knight_trident","particle":"ec_forgenfire:forgenfire_default_weapons/knight_trident"},"elements":[{"from":[7.35,-1,7.35],"to":[8.65,16.75,8.65],"rotation":{"angle":0,"axis":"y","origin":[7,-3,7]},"faces":{"north":{"uv":[0,4.75,0.375,9.25],"texture":"#2"},"east":{"uv":[0.5,4.75,0.875,9.25],"texture":"#2"},"south":{"uv":[1,4.75,1.375,9.25],"texture":"#2"},"west":{"uv":[1.5,4.75,1.875,9.25],"texture":"#2"},"up":{"uv":[4.875,7.625,4.5,7.25],"texture":"#2"},"down":{"uv":[7.625,6,7.25,6.375],"texture":"#2"}}},{"from":[6.598,16.748,6.598],"to":[9.402,19.752,9.402],"rotation":{"angle":0,"axis":"y","origin":[7,-4.5,7]},"faces":{"north":{"uv":[2,5.75,2.75,6.5],"texture":"#2"},"east":{"uv":[2.75,5.75,3.5,6.5],"texture":"#2"},"south":{"uv":[3.5,5.75,4.25,6.5],"texture":"#2"},"west":{"uv":[4.25,5.75,5,6.5],"texture":"#2"},"up":{"uv":[5.75,7,5,6.25],"texture":"#2"},"down":{"uv":[6.5,6.25,5.75,7],"texture":"#2"}}},{"from":[11.60128,5.5,6.6],"to":[15.40128,9.5,9.4],"rotation":{"angle":45,"axis":"z","origin":[-3.99872,7,8]},"faces":{"north":{"uv":[2,4.75,3,5.75],"texture":"#2"},"east":{"uv":[4,4.75,4.75,5.75],"texture":"#2"},"south":{"uv":[3,4.75,4,5.75],"texture":"#2"},"west":{"uv":[4.75,4.75,5.5,5.75],"texture":"#2"},"up":{"uv":[6.5,5.5,5.5,4.75],"texture":"#2"},"down":{"uv":[6.5,5.5,5.5,6.25],"texture":"#2"}}},{"from":[12.98126,6.5,7.1],"to":[16.03126,9.5,8.9],"rotation":{"angle":45,"axis":"z","origin":[-5.36874,7,8]},"faces":{"north":{"uv":[2,6.5,2.75,7.25],"texture":"#2"},"east":{"uv":[6.5,4.75,7,5.5],"texture":"#2"},"south":{"uv":[2.75,6.5,3.5,7.25],"texture":"#2"},"west":{"uv":[6.5,5.5,7,6.25],"texture":"#2"},"up":{"uv":[7.25,6.75,6.5,6.25],"texture":"#2"},"down":{"uv":[7.25,6.75,6.5,7.25],"texture":"#2"}}},{"from":[6.75,-3.5,7.1],"to":[9.25,-1,8.9],"rotation":{"angle":-45,"axis":"z","origin":[8,-2.25,8]},"faces":{"north":{"uv":[3.5,6.5,4.125,7.125],"texture":"#2"},"east":{"uv":[7,4.75,7.5,5.375],"texture":"#2"},"south":{"uv":[4.25,6.5,4.875,7.125],"texture":"#2"},"west":{"uv":[5,7,5.5,7.625],"texture":"#2"},"up":{"uv":[6.125,7.5,5.5,7],"texture":"#2"},"down":{"uv":[7.625,5.5,7,6],"texture":"#2"}}},{"from":[7,14,7],"to":[9,16,9],"rotation":{"angle":0,"axis":"y","origin":[7,-3,7]},"faces":{"north":{"uv":[5,5.75,5.5,6.25],"texture":"#2"},"east":{"uv":[2,7.25,2.5,7.75],"texture":"#2"},"south":{"uv":[2.5,7.25,3,7.75],"texture":"#2"},"west":{"uv":[3,7.25,3.5,7.75],"texture":"#2"},"up":{"uv":[4,7.75,3.5,7.25],"texture":"#2"},"down":{"uv":[4.5,7.25,4,7.75],"texture":"#2"}}},{"from":[-1,13,8],"to":[17,32,8],"rotation":{"angle":0,"axis":"y","origin":[7,0,8]},"faces":{"north":{"uv":[0,0,4.5,4.75],"texture":"#2"},"east":{"uv":[0,0,0,4.75],"texture":"#2"},"south":{"uv":[4.5,0,0,4.75],"texture":"#2"},"west":{"uv":[0,0,0,4.75],"texture":"#2"},"up":{"uv":[4.5,0,0,0],"texture":"#2"},"down":{"uv":[4.5,0,0,0],"texture":"#2"}}}],"gui_light":"front","display":{"thirdperson_righthand":{"rotation":[0,90,0],"translation":[0,0,1]},"thirdperson_lefthand":{"rotation":[0,90,0],"translation":[0,0,1]},"firstperson_righthand":{"rotation":[67.86,-83.05,65.27],"translation":[2,-3,-2],"scale":[0.86,0.86,0.86]},"firstperson_lefthand":{"rotation":[67.86,-83.05,65.27],"translation":[2,-3,-2],"scale":[0.86,0.86,0.86]},"ground":{"translation":[0,8.5,0],"scale":[0.86,0.86,0.86]},"gui":{"rotation":[0,0,-45],"translation":[-2.75,-2.75,0],"scale":[0.59,0.59,0.59]},"head":{"scale":[0,0,0]}}}