{"credit":"MadewithBlockbench","texture_size":[64,64],"textures":{"0":"ec_forgenfire:forgenfire_default_weapons/knight_sword","particle":"ec_forgenfire:forgenfire_default_weapons/knight_sword"},"elements":[{"from":[7.35,2,7.35],"to":[8.65,8.75,8.65],"rotation":{"angle":0,"axis":"y","origin":[7,0,7]},"faces":{"north":{"uv":[5.5,6.75,5.875,8.5],"texture":"#0"},"east":{"uv":[6,6.75,6.375,8.5],"texture":"#0"},"south":{"uv":[6.5,6.75,6.875,8.5],"texture":"#0"},"west":{"uv":[7,0,7.375,1.75],"texture":"#0"},"up":{"uv":[8.125,2.375,7.75,2],"texture":"#0"},"down":{"uv":[2.875,7.75,2.5,8.125],"texture":"#0"}}},{"from":[6.598,8.498,6.598],"to":[9.402,11.502,9.402],"rotation":{"angle":0,"axis":"y","origin":[7,-1.5,7]},"faces":{"north":{"uv":[7,1.75,7.75,2.5],"texture":"#0"},"east":{"uv":[7,2.5,7.75,3.25],"texture":"#0"},"south":{"uv":[7,3.25,7.75,4],"texture":"#0"},"west":{"uv":[7,4,7.75,4.75],"texture":"#0"},"up":{"uv":[7.75,5.5,7,4.75],"texture":"#0"},"down":{"uv":[7.75,5.5,7,6.25],"texture":"#0"}}},{"from":[6.93709,8.5,6.6],"to":[10.73709,12.5,9.4],"rotation":{"angle":45,"axis":"z","origin":[7.33709,10,8]},"faces":{"north":{"uv":[0,6.75,1,7.75],"texture":"#0"},"east":{"uv":[2,6.75,2.75,7.75],"texture":"#0"},"south":{"uv":[1,6.75,2,7.75],"texture":"#0"},"west":{"uv":[2.75,6.75,3.5,7.75],"texture":"#0"},"up":{"uv":[4.5,7.5,3.5,6.75],"texture":"#0"},"down":{"uv":[5.5,6.75,4.5,7.5],"texture":"#0"}}},{"from":[8.31707,9.5,7.1],"to":[11.36707,12.5,8.9],"rotation":{"angle":45,"axis":"z","origin":[5.96707,10,8]},"faces":{"north":{"uv":[7,6.25,7.75,7],"texture":"#0"},"east":{"uv":[3.5,7.5,4,8.25],"texture":"#0"},"south":{"uv":[7,7,7.75,7.75],"texture":"#0"},"west":{"uv":[4,7.5,4.5,8.25],"texture":"#0"},"up":{"uv":[5.25,8,4.5,7.5],"texture":"#0"},"down":{"uv":[0.75,7.75,0,8.25],"texture":"#0"}}},{"from":[6.75,-0.5,7.1],"to":[9.25,2,8.9],"rotation":{"angle":-45,"axis":"z","origin":[8,0.75,8]},"faces":{"north":{"uv":[7.5,0,8.125,0.625],"texture":"#0"},"east":{"uv":[0.75,7.75,1.25,8.375],"texture":"#0"},"south":{"uv":[7.5,0.75,8.125,1.375],"texture":"#0"},"west":{"uv":[1.25,7.75,1.75,8.375],"texture":"#0"},"up":{"uv":[8.375,2,7.75,1.5],"texture":"#0"},"down":{"uv":[2.375,7.75,1.75,8.25],"texture":"#0"}}},{"from":[1,5,8],"to":[15,32,8],"rotation":{"angle":0,"axis":"y","origin":[7,0,8]},"faces":{"north":{"uv":[0,0,3.5,6.75],"texture":"#0"},"east":{"uv":[0,0,0,6.75],"texture":"#0"},"south":{"uv":[3.5,0,0,6.75],"texture":"#0"},"west":{"uv":[0,0,0,6.75],"texture":"#0"},"up":{"uv":[3.5,0,0,0],"texture":"#0"},"down":{"uv":[3.5,0,0,0],"texture":"#0"}}},{"from":[1,5,8.15],"to":[15,31,8.15],"rotation":{"angle":0,"axis":"y","origin":[7,0,8]},"faces":{"north":{"uv":[0,0,3.5,6.75],"texture":"#0"},"east":{"uv":[0,0,0,6.75],"texture":"#0"},"south":{"uv":[3.5,0,0,6.75],"texture":"#0"},"west":{"uv":[0,0,0,6.75],"texture":"#0"},"up":{"uv":[3.5,0,0,0],"texture":"#0"},"down":{"uv":[3.5,0,0,0],"texture":"#0"}}},{"from":[1,5,7.85],"to":[15,31,7.85],"rotation":{"angle":0,"axis":"y","origin":[7,0,8]},"faces":{"north":{"uv":[0,0,3.5,6.75],"texture":"#0"},"east":{"uv":[0,0,0,6.75],"texture":"#0"},"south":{"uv":[3.5,0,0,6.75],"texture":"#0"},"west":{"uv":[0,0,0,6.75],"texture":"#0"},"up":{"uv":[3.5,0,0,0],"texture":"#0"},"down":{"uv":[3.5,0,0,0],"texture":"#0"}}}],"gui_light":"front","display":{"thirdperson_righthand":{"rotation":[0,90,0],"translation":[0,0,1]},"thirdperson_lefthand":{"rotation":[0,90,0],"translation":[0,0,1]},"firstperson_righthand":{"rotation":[-159.88,-79.88,-159.67],"translation":[0,-0.5,0],"scale":[0.86,0.86,0.86]},"firstperson_lefthand":{"rotation":[-159.88,-79.88,-159.67],"translation":[0,-0.5,0],"scale":[0.86,0.86,0.86]},"ground":{"translation":[0,4.5,0],"scale":[0.86,0.86,0.86]},"gui":{"rotation":[0,0,-45],"translation":[-3.25,-3.25,0],"scale":[0.63,0.63,0.63]},"head":{"scale":[0,0,0]}}}