{"credit":"MadewithBlockbench","texture_size":[64,64],"textures":{"1":"ec_forgenfire:forgenfire_default_weapons/knight_spear"},"elements":[{"from":[7.35,-1,7.35],"to":[8.65,16.75,8.65],"rotation":{"angle":0,"axis":"y","origin":[7,-3,7]},"faces":{"north":{"uv":[0,3.75,0.375,8.25],"texture":"#1"},"east":{"uv":[0.5,3.75,0.875,8.25],"texture":"#1"},"south":{"uv":[1,3.75,1.375,8.25],"texture":"#1"},"west":{"uv":[1.5,3.75,1.875,8.25],"texture":"#1"},"up":{"uv":[5.125,6.375,4.75,6],"texture":"#1"},"down":{"uv":[6.375,5.5,6,5.875],"texture":"#1"}}},{"from":[6.598,16.748,6.598],"to":[9.402,19.752,9.402],"rotation":{"angle":0,"axis":"y","origin":[7,-4.5,7]},"faces":{"north":{"uv":[4.75,3.75,5.5,4.5],"texture":"#1"},"east":{"uv":[4.75,4.5,5.5,5.25],"texture":"#1"},"south":{"uv":[5,0,5.75,0.75],"texture":"#1"},"west":{"uv":[5,0.75,5.75,1.5],"texture":"#1"},"up":{"uv":[5.75,2.25,5,1.5],"texture":"#1"},"down":{"uv":[5.75,2.25,5,3],"texture":"#1"}}},{"from":[11.60128,5.5,6.6],"to":[15.40128,9.5,9.4],"rotation":{"angle":45,"axis":"z","origin":[-3.99872,7,8]},"faces":{"north":{"uv":[2,3.75,3,4.75],"texture":"#1"},"east":{"uv":[4,3.75,4.75,4.75],"texture":"#1"},"south":{"uv":[3,3.75,4,4.75],"texture":"#1"},"west":{"uv":[2,4.75,2.75,5.75],"texture":"#1"},"up":{"uv":[3.75,5.5,2.75,4.75],"texture":"#1"},"down":{"uv":[4.75,4.75,3.75,5.5],"texture":"#1"}}},{"from":[12.98126,6.5,7.1],"to":[16.03126,9.5,8.9],"rotation":{"angle":45,"axis":"z","origin":[-5.36874,7,8]},"faces":{"north":{"uv":[5,3,5.75,3.75],"texture":"#1"},"east":{"uv":[5.5,3.75,6,4.5],"texture":"#1"},"south":{"uv":[4.75,5.25,5.5,6],"texture":"#1"},"west":{"uv":[4.25,5.5,4.75,6.25],"texture":"#1"},"up":{"uv":[6.25,5,5.5,4.5],"texture":"#1"},"down":{"uv":[6.25,5,5.5,5.5],"texture":"#1"}}},{"from":[6.75,-3.5,7.1],"to":[9.25,-1,8.9],"rotation":{"angle":-45,"axis":"z","origin":[8,-2.25,8]},"faces":{"north":{"uv":[2.75,5.5,3.375,6.125],"texture":"#1"},"east":{"uv":[5.5,5.5,6,6.125],"texture":"#1"},"south":{"uv":[3.5,5.5,4.125,6.125],"texture":"#1"},"west":{"uv":[5.75,0,6.25,0.625],"texture":"#1"},"up":{"uv":[6.375,1.25,5.75,0.75],"texture":"#1"},"down":{"uv":[6.375,1.25,5.75,1.75],"texture":"#1"}}},{"from":[7,14,7],"to":[9,16,9],"rotation":{"angle":0,"axis":"y","origin":[7,-3,7]},"faces":{"north":{"uv":[5.75,1.75,6.25,2.25],"texture":"#1"},"east":{"uv":[2,5.75,2.5,6.25],"texture":"#1"},"south":{"uv":[5.75,2.25,6.25,2.75],"texture":"#1"},"west":{"uv":[5.75,2.75,6.25,3.25],"texture":"#1"},"up":{"uv":[6.25,3.75,5.75,3.25],"texture":"#1"},"down":{"uv":[6.5,3.75,6,4.25],"texture":"#1"}}},{"from":[3,17,8],"to":[13,32,8],"rotation":{"angle":0,"axis":"y","origin":[7,-3,8]},"faces":{"north":{"uv":[0,0,2.5,3.75],"texture":"#1"},"east":{"uv":[0,0,0,3.75],"texture":"#1"},"south":{"uv":[0,0,2.5,3.75],"texture":"#1"},"west":{"uv":[0,0,0,3.75],"texture":"#1"},"up":{"uv":[2.5,0,0,0],"texture":"#1"},"down":{"uv":[2.5,0,0,0],"texture":"#1"}}}],"gui_light":"front","display":{"thirdperson_righthand":{"rotation":[0,90,0],"translation":[0,0,1]},"thirdperson_lefthand":{"rotation":[0,90,0],"translation":[0,0,1]},"firstperson_righthand":{"rotation":[119.56,-78.45,133.42],"translation":[3.5,-0.5,0],"scale":[0.86,0.86,0.86]},"firstperson_lefthand":{"rotation":[147.73,-85.67,165.99],"translation":[3,-0.5,0],"scale":[0.86,0.86,0.86]},"ground":{"translation":[0,4.5,0],"scale":[0.86,0.86,0.86]},"gui":{"rotation":[0,0,-45],"translation":[-2.75,-2.75,0],"scale":[0.59,0.59,0.59]},"head":{"scale":[0,0,0]}}}