{"credit":"MadewithBlockbench","texture_size":[64,64],"textures":{"0":"ec_forgenfire:forgenfire_default_weapons/knight_helmet","particle":"ec_forgenfire:forgenfire_default_weapons/knight_helmet"},"elements":[{"from":[3,15,3],"to":[13,15,11],"rotation":{"angle":0,"axis":"y","origin":[7,0,7]},"faces":{"north":{"uv":[0,0,2.5,0],"texture":"#0"},"east":{"uv":[0,0,2,0],"texture":"#0"},"south":{"uv":[0,0,2.5,0],"texture":"#0"},"west":{"uv":[0,0,2,0],"texture":"#0"},"up":{"uv":[8.5,3.5,6,1.5],"texture":"#0"},"down":{"uv":[8.5,3.5,6,5.5],"texture":"#0"}}},{"from":[3,4.5,3],"to":[3,15,10.9],"rotation":{"angle":0,"axis":"y","origin":[7,0,7]},"faces":{"north":{"uv":[0,0,0,2.625],"texture":"#0"},"east":{"uv":[0,5.5,2,8.125],"texture":"#0"},"south":{"uv":[0,0,0,2.625],"texture":"#0"},"west":{"uv":[2,5.5,4,8.125],"texture":"#0"},"up":{"uv":[0,2,0,0],"texture":"#0"},"down":{"uv":[0,0,0,2],"texture":"#0"}}},{"from":[4,11.68167,3.46115],"to":[12,16.93167,11.46115],"rotation":{"angle":-22.5,"axis":"x","origin":[8,14.80667,8.08615]},"faces":{"east":{"uv":[5.25,9,7.25,10.375],"texture":"#0"},"south":{"uv":[9,5.75,11,7.125],"texture":"#0"},"west":{"uv":[7.25,9,9.25,10.375],"texture":"#0"},"up":{"uv":[10.5,5.75,8.5,3.75],"texture":"#0"}}},{"from":[2.848,14.998,0.248],"to":[2.852,22.002,13.502],"rotation":{"angle":22.5,"axis":"z","origin":[4,18,6.625]},"faces":{"north":{"uv":[0,0,0,1.5],"texture":"#0"},"east":{"uv":[9.375,0,6,1.5],"texture":"#0"},"south":{"uv":[0,0,0,1.5],"texture":"#0"},"west":{"uv":[6,0,9.375,1.5],"texture":"#0"},"up":{"uv":[0,3.375,0,0],"texture":"#0"},"down":{"uv":[0,0,0,3.375],"texture":"#0"}}},{"from":[13.148,14.998,0.248],"to":[13.152,22.002,13.502],"rotation":{"angle":-22.5,"axis":"z","origin":[12,18,6.625]},"faces":{"north":{"uv":[0,0,0,1.5],"texture":"#0"},"east":{"uv":[9.375,0,6,1.5],"texture":"#0"},"south":{"uv":[0,0,0,1.5],"texture":"#0"},"west":{"uv":[6,0,9.375,1.5],"texture":"#0"},"up":{"uv":[0,3.375,0,0],"texture":"#0"},"down":{"uv":[0,0,0,3.375],"texture":"#0"}}},{"from":[8,15,2],"to":[8,26,15.75],"rotation":{"angle":0,"axis":"y","origin":[11,0,7]},"faces":{"north":{"uv":[0,0,0,2.75],"texture":"#0"},"east":{"uv":[3.5,2.75,0,5.5],"texture":"#0"},"south":{"uv":[0,0,0,2.75],"texture":"#0"},"west":{"uv":[0,2.75,3.5,5.5],"texture":"#0"},"up":{"uv":[0,3.5,0,0],"texture":"#0"},"down":{"uv":[0,0,0,3.5],"texture":"#0"}}},{"from":[3.57307,4.499,1.88905],"to":[9.00207,15.003,3.89305],"rotation":{"angle":22.5,"axis":"y","origin":[6.07507,16.376,3.89105]},"faces":{"north":{"uv":[2.25,8.25,3.625,10.875],"texture":"#0"},"south":{"uv":[3.75,9,5.125,11.625],"texture":"#0"},"west":{"uv":[9.25,7.25,9.75,9.875],"texture":"#0"},"up":{"uv":[8.875,7,7.5,6.5],"texture":"#0"},"down":{"uv":[10.875,1,9.5,1.5],"texture":"#0"}}},{"from":[13,4.5,3],"to":[13,15,10.9],"rotation":{"angle":0,"axis":"y","origin":[9,0,7]},"faces":{"north":{"uv":[0,0,0,2.625],"texture":"#0"},"east":{"uv":[4,5.5,2,8.125],"texture":"#0"},"south":{"uv":[0,0,0,2.625],"texture":"#0"},"west":{"uv":[2,5.5,0,8.125],"texture":"#0"},"up":{"uv":[0,2,0,0],"texture":"#0"},"down":{"uv":[0,0,0,2],"texture":"#0"}}},{"from":[12.65102,4.22275,3.15433],"to":[14.25102,6.22275,7.15433],"rotation":{"angle":-22.5,"axis":"x","origin":[13.45102,6.25,7.92909]},"faces":{"north":{"uv":[8,10.75,8.5,11.125],"rotation":270,"texture":"#0"},"east":{"uv":[8.5,10.5,9,11.5],"rotation":90,"texture":"#0"},"south":{"uv":[8.5,5.75,9,6.125],"rotation":90,"texture":"#0"},"west":{"uv":[10.75,2.5,11.25,1.5],"rotation":90,"texture":"#0"},"up":{"uv":[10.75,3.25,11.75,3.625],"rotation":90,"texture":"#0"},"down":{"uv":[7,10.75,8,11.125],"rotation":90,"texture":"#0"}}},{"from":[12.15102,4.21162,6.24617],"to":[14.75102,7.21162,10.24617],"rotation":{"angle":-45,"axis":"x","origin":[13.45102,6.25,7.92909]},"faces":{"north":{"uv":[6.25,10.75,7,11.375],"rotation":270,"texture":"#0"},"east":{"uv":[10.25,9.25,11.25,10],"texture":"#0"},"south":{"uv":[10.75,2.5,11.5,3.125],"rotation":90,"texture":"#0"},"west":{"uv":[0,11.25,1,10.5],"rotation":180,"texture":"#0"},"up":{"uv":[5.25,10.5,6.25,11.125],"rotation":90,"texture":"#0"},"down":{"uv":[10.5,4.75,11.5,5.375],"rotation":90,"texture":"#0"}}},{"from":[10.95102,7.26091,8.14953],"to":[14.45102,10.26091,12.04953],"rotation":{"angle":22.5,"axis":"z","origin":[13.45102,8.26091,10.09953]},"faces":{"north":{"uv":[10.5,3.75,11.25,4.625],"rotation":270,"texture":"#0"},"east":{"uv":[10.25,7.25,11,8.25],"rotation":90,"texture":"#0"},"south":{"uv":[1,10.5,1.75,11.375],"rotation":90,"texture":"#0"},"west":{"uv":[10.25,9.25,11,8.25],"rotation":90,"texture":"#0"},"up":{"uv":[7.5,5.5,8.5,6.375],"rotation":90,"texture":"#0"},"down":{"uv":[9.75,10,10.75,10.875],"rotation":90,"texture":"#0"}}},{"from":[1.74898,4.22275,3.15433],"to":[3.34898,6.22275,7.15433],"rotation":{"angle":-22.5,"axis":"x","origin":[2.54898,6.25,7.92909]},"faces":{"north":{"uv":[8,11.125,8.5,10.75],"rotation":270,"texture":"#0"},"east":{"uv":[10.75,1.5,11.25,2.5],"rotation":90,"texture":"#0"},"south":{"uv":[8.5,6.125,9,5.75],"rotation":90,"texture":"#0"},"west":{"uv":[8.5,11.5,9,10.5],"rotation":90,"texture":"#0"},"up":{"uv":[10.75,3.625,11.75,3.25],"rotation":90,"texture":"#0"},"down":{"uv":[7,11.125,8,10.75],"rotation":90,"texture":"#0"}}},{"from":[1.24898,4.21162,6.24617],"to":[3.84898,7.21162,10.24617],"rotation":{"angle":-45,"axis":"x","origin":[2.54898,6.25,7.92909]},"faces":{"north":{"uv":[6.25,11.375,7,10.75],"rotation":270,"texture":"#0"},"east":{"uv":[1,11.25,0,10.5],"rotation":180,"texture":"#0"},"south":{"uv":[10.75,3.125,11.5,2.5],"rotation":90,"texture":"#0"},"west":{"uv":[11.25,9.25,10.25,10],"texture":"#0"},"up":{"uv":[5.25,11.125,6.25,10.5],"rotation":90,"texture":"#0"},"down":{"uv":[10.5,5.375,11.5,4.75],"rotation":90,"texture":"#0"}}},{"from":[1.54898,7.26091,8.14953],"to":[5.04898,10.26091,12.04953],"rotation":{"angle":-22.5,"axis":"z","origin":[2.54898,8.26091,10.09953]},"faces":{"north":{"uv":[10.5,4.625,11.25,3.75],"rotation":270,"texture":"#0"},"east":{"uv":[10.25,8.25,11,9.25],"rotation":90,"texture":"#0"},"south":{"uv":[1,11.375,1.75,10.5],"rotation":90,"texture":"#0"},"west":{"uv":[10.25,8.25,11,7.25],"rotation":90,"texture":"#0"},"up":{"uv":[7.5,6.375,8.5,5.5],"rotation":90,"texture":"#0"},"down":{"uv":[9.75,10.875,10.75,10],"rotation":90,"texture":"#0"}}},{"from":[6.99793,4.499,1.88905],"to":[12.42693,15.003,3.89305],"rotation":{"angle":-22.5,"axis":"y","origin":[9.92493,16.376,3.89105]},"faces":{"north":{"uv":[3.625,8.25,2.25,10.875],"texture":"#0"},"east":{"uv":[9.75,7.25,9.25,9.875],"texture":"#0"},"south":{"uv":[5.125,9,3.75,11.625],"texture":"#0"},"up":{"uv":[7.5,7,8.875,6.5],"texture":"#0"},"down":{"uv":[9.5,1,10.875,1.5],"texture":"#0"}}},{"from":[2.998,4.497,2.898],"to":[13.002,4.501,10.902],"rotation":{"angle":0,"axis":"y","origin":[7,-0.501,6.9]},"faces":{"north":{"uv":[0,0,2.5,0],"texture":"#0"},"east":{"uv":[0,0,2,0],"texture":"#0"},"south":{"uv":[0,0,2.5,0],"texture":"#0"},"west":{"uv":[0,0,2,0],"texture":"#0"},"up":{"uv":[6.5,9,4,7],"texture":"#0"},"down":{"uv":[9,7,6.5,9],"texture":"#0"}}},{"from":[3,4.5,10.9],"to":[13,15,12.9],"rotation":{"angle":0,"axis":"y","origin":[7,4.5,-16.1]},"faces":{"north":{"uv":[3.5,0,6,2.625],"texture":"#0"},"east":{"uv":[9.75,7.25,10.25,9.875],"texture":"#0"},"south":{"uv":[3.5,2.75,6,5.375],"texture":"#0"},"west":{"uv":[9.25,10,9.75,12.625],"texture":"#0"},"up":{"uv":[12,0.5,9.5,0],"texture":"#0"},"down":{"uv":[12,0.5,9.5,1],"texture":"#0"}}},{"from":[3.75,5.5,12.9],"to":[12.25,14,13.65],"rotation":{"angle":0,"axis":"y","origin":[7,4.5,-16.1]},"faces":{"north":{"uv":[0,8.25,2.125,10.375],"texture":"#0"},"east":{"uv":[1.75,10.5,2,12.625],"texture":"#0"},"south":{"uv":[8.5,1.5,10.625,3.625],"texture":"#0"},"west":{"uv":[2,10.5,2.25,12.625],"texture":"#0"},"up":{"uv":[12.625,5.75,10.5,5.5],"texture":"#0"},"down":{"uv":[8.375,10.5,6.25,10.75],"texture":"#0"}}}],"gui_light":"front","display":{"thirdperson_righthand":{"scale":[0.81,0.81,0.81]},"thirdperson_lefthand":{"scale":[0.81,0.81,0.81]},"firstperson_righthand":{"rotation":[-180,69.75,-180],"translation":[0,3.25,0],"scale":[0.67,0.67,0.67]},"firstperson_lefthand":{"rotation":[-180,69.75,-180],"translation":[0,3.25,0],"scale":[0.67,0.67,0.67]},"gui":{"rotation":[-159.25,27.25,-180],"translation":[-0.5,-3.25,0],"scale":[0.75,0.75,0.75]},"head":{"translation":[0,-3.25,0.5],"scale":[1.45,1.45,1.45]},"fixed":{"translation":[0,-5.25,-5.5]}}}