{"credit":"MadewithBlockbench","texture_size":[32,32],"textures":{"0":"ec_forgenfire:forgenfire_default_weapons/knight_bow","particle":"ec_forgenfire:forgenfire_default_weapons/knight_bow"},"elements":[{"from":[6.75,12.8408,-1.23158],"to":[9.25,15.8408,1.76842],"rotation":{"angle":-45,"axis":"x","origin":[8,19.3408,10.26842]},"faces":{"north":{"uv":[3,2,4.25,3.5],"texture":"#0"},"east":{"uv":[0,2,1.5,3.5],"texture":"#0"},"south":{"uv":[3,2,4.25,3.5],"texture":"#0"},"west":{"uv":[1.5,2,3,3.5],"texture":"#0"},"up":{"uv":[3,2,4.25,3.5],"texture":"#0"},"down":{"uv":[4.25,3.5,3,5],"texture":"#0"}}},{"from":[7.25,-3.16148,9.09164],"to":[8.75,-1.16148,11.09164],"rotation":{"angle":22.5,"axis":"x","origin":[8,-2.16148,10.09164]},"faces":{"north":{"uv":[0,7,0.75,8],"texture":"#0"},"east":{"uv":[2,6.5,3,7.5],"texture":"#0"},"south":{"uv":[7,0,7.75,1],"texture":"#0"},"west":{"uv":[6.5,2.5,7.5,3.5],"texture":"#0"},"up":{"uv":[7.75,4.5,7,3.5],"texture":"#0"},"down":{"uv":[7.75,4.5,7,5.5],"texture":"#0"}}},{"from":[7.55,-4.21804,10.13284],"to":[8.45,-2.71804,11.63284],"rotation":{"angle":22.5,"axis":"x","origin":[8,-3.46804,10.63284]},"faces":{"north":{"uv":[4.5,7.5,5,8.25],"texture":"#0"},"east":{"uv":[2,7.5,2.75,8.25],"texture":"#0"},"south":{"uv":[5,7.5,5.5,8.25],"texture":"#0"},"west":{"uv":[7.5,2,8.25,2.75],"texture":"#0"},"up":{"uv":[7.5,8.25,7,7.5],"texture":"#0"},"down":{"uv":[8,7.5,7.5,8.25],"texture":"#0"}}},{"from":[7.5,-2.14974,7.94609],"to":[8.5,0.85026,8.94609],"rotation":{"angle":-45,"axis":"x","origin":[8,-0.64974,8.44609]},"faces":{"north":{"uv":[3,6.5,3.5,8],"texture":"#0"},"east":{"uv":[3.5,6.5,4,8],"texture":"#0"},"south":{"uv":[6,6.5,6.5,8],"texture":"#0"},"west":{"uv":[6.5,6.5,7,8],"texture":"#0"},"up":{"uv":[6.5,2,6,1.5],"texture":"#0"},"down":{"uv":[7.5,1,7,1.5],"texture":"#0"}}},{"from":[7,2.55656,5.47608],"to":[9,5.55656,7.47608],"rotation":{"angle":0,"axis":"y","origin":[8,3.55656,6.47608]},"faces":{"north":{"uv":[1,5,2,6.5],"texture":"#0"},"east":{"uv":[2,5,3,6.5],"texture":"#0"},"south":{"uv":[1,5,2,6.5],"texture":"#0"},"west":{"uv":[5.5,2,6.5,3.5],"texture":"#0"},"up":{"uv":[2,7.5,1,6.5],"texture":"#0"},"down":{"uv":[7.5,1.5,6.5,2.5],"texture":"#0"}}},{"from":[7.25,0.05342,6.22399],"to":[8.75,3.05342,7.72399],"rotation":{"angle":-22.5,"axis":"x","origin":[8,1.55342,6.97399]},"faces":{"north":{"uv":[6,0,6.75,1.5],"texture":"#0"},"east":{"uv":[6,3.5,6.75,5],"texture":"#0"},"south":{"uv":[4.5,6,5.25,7.5],"texture":"#0"},"west":{"uv":[6,5,6.75,6.5],"texture":"#0"},"up":{"uv":[1.75,8.25,1,7.5],"texture":"#0"},"down":{"uv":[8.25,1,7.5,1.75],"texture":"#0"}}},{"from":[7.25,5.19342,6.05167],"to":[8.75,9.19342,7.55167],"rotation":{"angle":22.5,"axis":"x","origin":[8,6.19342,6.80167]},"faces":{"north":{"uv":[4.5,2,5.25,4],"texture":"#0"},"east":{"uv":[4.5,4,5.25,6],"texture":"#0"},"south":{"uv":[0,5,0.75,7],"texture":"#0"},"west":{"uv":[5,0,5.75,2],"texture":"#0"},"up":{"uv":[7.75,6.25,7,5.5],"texture":"#0"},"down":{"uv":[7.75,6.5,7,7.25],"texture":"#0"}}},{"from":[8,-1.75,9.26119],"to":[8,8.75,9.76119],"rotation":{"angle":0,"axis":"y","origin":[8,-1,9.51119]},"faces":{"north":{"uv":[0,0,0,5.25],"texture":"#0"},"east":{"uv":[4,5,4.25,10.25],"texture":"#0"},"south":{"uv":[0,0,0,5.25],"texture":"#0"},"west":{"uv":[5.5,3.5,5.75,8.75],"texture":"#0"},"up":{"uv":[0,0.25,0,0],"texture":"#0"},"down":{"uv":[0,0,0,0.25],"texture":"#0"}}},{"from":[7.55,20.07414,10.13284],"to":[8.45,21.57414,11.63284],"rotation":{"angle":-22.5,"axis":"x","origin":[8,20.82414,10.63284]},"faces":{"north":{"uv":[4.5,8.25,5,7.5],"texture":"#0"},"east":{"uv":[2,8.25,2.75,7.5],"texture":"#0"},"south":{"uv":[5,8.25,5.5,7.5],"texture":"#0"},"west":{"uv":[7.5,2.75,8.25,2],"texture":"#0"},"up":{"uv":[8,8.25,7.5,7.5],"texture":"#0"},"down":{"uv":[7.5,7.5,7,8.25],"texture":"#0"}}},{"from":[7.25,18.51757,9.09164],"to":[8.75,20.51757,11.09164],"rotation":{"angle":-22.5,"axis":"x","origin":[8,19.51757,10.09164]},"faces":{"north":{"uv":[0,8,0.75,7],"texture":"#0"},"east":{"uv":[2,7.5,3,6.5],"texture":"#0"},"south":{"uv":[7,1,7.75,0],"texture":"#0"},"west":{"uv":[6.5,3.5,7.5,2.5],"texture":"#0"},"up":{"uv":[7.75,5.5,7,4.5],"texture":"#0"},"down":{"uv":[7.75,3.5,7,4.5],"texture":"#0"}}},{"from":[7.5,16.50584,7.94609],"to":[8.5,19.50584,8.94609],"rotation":{"angle":45,"axis":"x","origin":[8,18.00584,8.44609]},"faces":{"north":{"uv":[3,8,3.5,6.5],"texture":"#0"},"east":{"uv":[3.5,8,4,6.5],"texture":"#0"},"south":{"uv":[6,8,6.5,6.5],"texture":"#0"},"west":{"uv":[6.5,8,7,6.5],"texture":"#0"},"up":{"uv":[7.5,1.5,7,1],"texture":"#0"},"down":{"uv":[6.5,1.5,6,2],"texture":"#0"}}},{"from":[7.25,14.30268,6.22399],"to":[8.75,17.30268,7.72399],"rotation":{"angle":22.5,"axis":"x","origin":[8,15.80268,6.97399]},"faces":{"north":{"uv":[6,1.5,6.75,0],"texture":"#0"},"east":{"uv":[6,5,6.75,3.5],"texture":"#0"},"south":{"uv":[4.5,7.5,5.25,6],"texture":"#0"},"west":{"uv":[6,6.5,6.75,5],"texture":"#0"},"up":{"uv":[8.25,1.75,7.5,1],"texture":"#0"},"down":{"uv":[1.75,7.5,1,8.25],"texture":"#0"}}},{"from":[8,8.6061,9.26119],"to":[8,19.1061,9.76119],"rotation":{"angle":0,"axis":"y","origin":[8,18.3561,9.51119]},"faces":{"north":{"uv":[0,5.25,0,0],"texture":"#0"},"east":{"uv":[4,10.25,4.25,5],"texture":"#0"},"south":{"uv":[0,5.25,0,0],"texture":"#0"},"west":{"uv":[5.5,8.75,5.75,3.5],"texture":"#0"},"up":{"uv":[0,0.25,0,0],"texture":"#0"},"down":{"uv":[0,0,0,0.25],"texture":"#0"}}},{"from":[7,11.79954,5.47608],"to":[9,14.79954,7.47608],"rotation":{"angle":0,"axis":"y","origin":[8,13.79954,6.47608]},"faces":{"north":{"uv":[1,6.5,2,5],"texture":"#0"},"east":{"uv":[2,6.5,3,5],"texture":"#0"},"south":{"uv":[1,6.5,2,5],"texture":"#0"},"west":{"uv":[5.5,3.5,6.5,2],"texture":"#0"},"up":{"uv":[7.5,2.5,6.5,1.5],"texture":"#0"},"down":{"uv":[2,6.5,1,7.5],"texture":"#0"}}},{"from":[7.25,8.16267,6.05167],"to":[8.75,12.16267,7.55167],"rotation":{"angle":-22.5,"axis":"x","origin":[8,11.16267,6.80167]},"faces":{"north":{"uv":[4.5,4,5.25,2],"texture":"#0"},"east":{"uv":[4.5,6,5.25,4],"texture":"#0"},"south":{"uv":[0,7,0.75,5],"texture":"#0"},"west":{"uv":[5,2,5.75,0],"texture":"#0"},"up":{"uv":[7.75,7.25,7,6.5],"texture":"#0"},"down":{"uv":[7.75,5.5,7,6.25],"texture":"#0"}}}],"gui_light":"front","display":{"thirdperson_righthand":{"translation":[0,-2.5,-0.25]},"thirdperson_lefthand":{"translation":[0,-2.5,-0.25]},"firstperson_righthand":{"translation":[0,4.75,0]},"firstperson_lefthand":{"translation":[0,4,0]},"ground":{"rotation":[0,0,90]},"gui":{"rotation":[90,45,-90],"translation":[-1.25,1,0],"scale":[0.72,0.72,0.72]}}}