{"credit":"MadewithBlockbench","texture_size":[64,64],"textures":{"0":"ec_forgenfire:forgenfire_default_weapons/knight_shield","particle":"ec_forgenfire:forgenfire_default_weapons/knight_shield"},"elements":[{"from":[8.498,1.93966,3.98719],"to":[10.002,6.94366,5.49119],"rotation":{"angle":-45,"axis":"x","origin":[8,7.20247,9.25]},"faces":{"north":{"uv":[0,6.75,0.375,8],"texture":"#0"},"east":{"uv":[5.5,6.5,5.875,7.75],"texture":"#0"},"south":{"uv":[6.5,5.5,6.875,6.75],"texture":"#0"},"west":{"uv":[6,6.5,6.375,7.75],"texture":"#0"},"up":{"uv":[8.375,6.875,8,6.5],"rotation":90,"texture":"#0"},"down":{"uv":[7.375,8,7,8.375],"rotation":270,"texture":"#0"}}},{"from":[8.25,1.19166,3.23919],"to":[10.25,4.19166,6.23919],"rotation":{"angle":-45,"axis":"x","origin":[8,7.20247,9.25]},"faces":{"north":{"uv":[5,7.25,5.5,8],"texture":"#0"},"east":{"uv":[4,6.5,4.75,7.25],"texture":"#0"},"south":{"uv":[4.5,7.25,5,8],"texture":"#0"},"west":{"uv":[4.75,6.5,5.5,7.25],"texture":"#0"},"up":{"uv":[8.25,6,7.5,5.5],"rotation":90,"texture":"#0"},"down":{"uv":[8.25,6,7.5,6.5],"rotation":270,"texture":"#0"}}},{"from":[8.5,4.94829,4.48946],"to":[10,9.94829,5.98946],"rotation":{"angle":-22.5,"axis":"x","origin":[8,7.20247,9.25]},"faces":{"north":{"uv":[2,6.75,2.375,8],"texture":"#0"},"east":{"uv":[0.5,6.75,0.875,8],"texture":"#0"},"south":{"uv":[1,6.75,1.375,8],"texture":"#0"},"west":{"uv":[1.5,6.75,1.875,8],"texture":"#0"},"up":{"uv":[8.375,7.375,8,7],"rotation":90,"texture":"#0"},"down":{"uv":[7.875,8,7.5,8.375],"rotation":270,"texture":"#0"}}},{"from":[8.25,6.69829,4.23946],"to":[10.25,8.19829,6.23946],"rotation":{"angle":-22.5,"axis":"x","origin":[8,7.20247,9.25]},"faces":{"north":{"uv":[1.5,8,2,8.375],"texture":"#0"},"east":{"uv":[0,8,0.5,8.375],"texture":"#0"},"south":{"uv":[0.5,8,1,8.375],"texture":"#0"},"west":{"uv":[1,8,1.5,8.375],"texture":"#0"},"up":{"uv":[8,7,7.5,6.5],"rotation":90,"texture":"#0"},"down":{"uv":[8,7,7.5,7.5],"rotation":270,"texture":"#0"}}},{"from":[8.498,7.91549,3.79905],"to":[10.002,12.91949,5.30305],"rotation":{"angle":0,"axis":"z","origin":[8,7.20247,9.25]},"faces":{"north":{"uv":[4,7.25,4.375,8.5],"texture":"#0"},"east":{"uv":[6.5,6.75,6.875,8],"texture":"#0"},"south":{"uv":[7,5.5,7.375,6.75],"texture":"#0"},"west":{"uv":[7,6.75,7.375,8],"texture":"#0"},"up":{"uv":[8.375,7.875,8,7.5],"rotation":90,"texture":"#0"},"down":{"uv":[8.375,8,8,8.375],"rotation":270,"texture":"#0"}}},{"from":[8.5,13.59659,9.43815],"to":[10,15.09659,11.43815],"rotation":{"angle":-45,"axis":"x","origin":[8,7.20247,9.25]},"faces":{"north":{"uv":[3,8.25,3.375,8.625],"texture":"#0"},"east":{"uv":[3,7.75,3.5,8.125],"texture":"#0"},"south":{"uv":[2.5,8.25,2.875,8.625],"texture":"#0"},"west":{"uv":[3.5,7.75,4,8.125],"texture":"#0"},"up":{"uv":[6,8.125,5.5,7.75],"rotation":90,"texture":"#0"},"down":{"uv":[6.5,7.75,6,8.125],"rotation":270,"texture":"#0"}}},{"from":[8.5,13.59659,7.06185],"to":[10,15.09659,9.06185],"rotation":{"angle":45,"axis":"x","origin":[8,7.20247,9.25]},"faces":{"north":{"uv":[2.875,8.25,2.5,8.625],"texture":"#0"},"east":{"uv":[3.5,7.75,3,8.125],"texture":"#0"},"south":{"uv":[3.375,8.25,3,8.625],"texture":"#0"},"west":{"uv":[4,7.75,3.5,8.125],"texture":"#0"},"up":{"uv":[5.5,8.125,6,7.75],"rotation":90,"texture":"#0"},"down":{"uv":[6,7.75,6.5,8.125],"rotation":270,"texture":"#0"}}},{"from":[8.498,7.91549,13.19695],"to":[10.002,12.91949,14.70095],"rotation":{"angle":0,"axis":"y","origin":[8,7.20247,9.25]},"faces":{"north":{"uv":[7.375,5.5,7,6.75],"texture":"#0"},"east":{"uv":[6.875,6.75,6.5,8],"texture":"#0"},"south":{"uv":[4.375,7.25,4,8.5],"texture":"#0"},"west":{"uv":[7.375,6.75,7,8],"texture":"#0"},"up":{"uv":[8,7.875,8.375,7.5],"rotation":90,"texture":"#0"},"down":{"uv":[8,8,8.375,8.375],"rotation":270,"texture":"#0"}}},{"from":[8.5,4.94829,12.51054],"to":[10,9.94829,14.01054],"rotation":{"angle":22.5,"axis":"x","origin":[8,7.20247,9.25]},"faces":{"north":{"uv":[1.375,6.75,1,8],"texture":"#0"},"east":{"uv":[0.875,6.75,0.5,8],"texture":"#0"},"south":{"uv":[2.375,6.75,2,8],"texture":"#0"},"west":{"uv":[1.875,6.75,1.5,8],"texture":"#0"},"up":{"uv":[8,7.375,8.375,7],"rotation":90,"texture":"#0"},"down":{"uv":[7.5,8,7.875,8.375],"rotation":270,"texture":"#0"}}},{"from":[8.25,6.69829,12.26054],"to":[10.25,8.19829,14.26054],"rotation":{"angle":22.5,"axis":"x","origin":[8,7.20247,9.25]},"faces":{"north":{"uv":[1,8,0.5,8.375],"texture":"#0"},"east":{"uv":[0.5,8,0,8.375],"texture":"#0"},"south":{"uv":[2,8,1.5,8.375],"texture":"#0"},"west":{"uv":[1.5,8,1,8.375],"texture":"#0"},"up":{"uv":[7.5,7,8,6.5],"rotation":90,"texture":"#0"},"down":{"uv":[7.5,7,8,7.5],"rotation":270,"texture":"#0"}}},{"from":[8.498,1.93966,13.00881],"to":[10.002,6.94366,14.51281],"rotation":{"angle":45,"axis":"x","origin":[8,7.20247,9.25]},"faces":{"north":{"uv":[6.875,5.5,6.5,6.75],"texture":"#0"},"east":{"uv":[5.875,6.5,5.5,7.75],"texture":"#0"},"south":{"uv":[0.375,6.75,0,8],"texture":"#0"},"west":{"uv":[6.375,6.5,6,7.75],"texture":"#0"},"up":{"uv":[8,6.875,8.375,6.5],"rotation":90,"texture":"#0"},"down":{"uv":[7,8,7.375,8.375],"rotation":270,"texture":"#0"}}},{"from":[8.498,12.82971,5.248],"to":[10.002,14.33371,13.252],"rotation":{"angle":0,"axis":"z","origin":[8,7.20247,9.25]},"faces":{"north":{"uv":[5.5,8.25,5.875,8.625],"texture":"#0"},"east":{"uv":[2.5,5.5,4.5,5.875],"texture":"#0"},"south":{"uv":[3.5,8.25,3.875,8.625],"texture":"#0"},"west":{"uv":[4.5,5.5,6.5,5.875],"texture":"#0"},"up":{"uv":[4.5,6.375,2.5,6],"rotation":90,"texture":"#0"},"down":{"uv":[6.5,6,4.5,6.375],"rotation":270,"texture":"#0"}}},{"from":[8.25,12.58171,6.25],"to":[10.25,14.58171,7.75],"rotation":{"angle":0,"axis":"y","origin":[8,7.20247,9.25]},"faces":{"north":{"uv":[2.5,7.75,3,8.25],"texture":"#0"},"east":{"uv":[2,8,2.375,8.5],"texture":"#0"},"south":{"uv":[7.5,7.5,8,8],"texture":"#0"},"west":{"uv":[4.5,8,4.875,8.5],"texture":"#0"},"up":{"uv":[5.375,8.5,5,8],"rotation":90,"texture":"#0"},"down":{"uv":[6.875,8,6.5,8.5],"rotation":270,"texture":"#0"}}},{"from":[8.25,12.58171,10.75],"to":[10.25,14.58171,12.25],"rotation":{"angle":0,"axis":"y","origin":[8,7.20247,9.25]},"faces":{"north":{"uv":[8,7.5,7.5,8],"texture":"#0"},"east":{"uv":[2.375,8,2,8.5],"texture":"#0"},"south":{"uv":[3,7.75,2.5,8.25],"texture":"#0"},"west":{"uv":[4.875,8,4.5,8.5],"texture":"#0"},"up":{"uv":[5,8.5,5.375,8],"rotation":90,"texture":"#0"},"down":{"uv":[6.5,8,6.875,8.5],"rotation":270,"texture":"#0"}}},{"from":[9.25,-3,0.25],"to":[9.25,19,18.25],"rotation":{"angle":0,"axis":"y","origin":[8,7.20247,9.25]},"faces":{"north":{"uv":[0,0,0,5.5],"texture":"#0"},"east":{"uv":[0,0,4.5,5.5],"texture":"#0"},"south":{"uv":[0,0,0,5.5],"texture":"#0"},"west":{"uv":[4.5,0,0,5.5],"texture":"#0"},"up":{"uv":[4.5,0,0,0],"rotation":90,"texture":"#0"},"down":{"uv":[4.5,0,0,0],"rotation":270,"texture":"#0"}}},{"from":[4.25,5,8.25],"to":[9.25,10,10.25],"rotation":{"angle":0,"axis":"y","origin":[8,7.20247,9.25]},"faces":{"north":{"uv":[1.25,5.5,2.5,6.75],"texture":"#0"},"south":{"uv":[0,5.5,1.25,6.75],"texture":"#0"},"west":{"uv":[2.5,6.5,3,7.75],"texture":"#0"},"up":{"uv":[3.5,7.75,3,6.5],"rotation":90,"texture":"#0"},"down":{"uv":[4,6.5,3.5,7.75],"rotation":270,"texture":"#0"}}}],"gui_light":"front","display":{"thirdperson_righthand":{"translation":[1.5,-1.5,1.75]},"thirdperson_lefthand":{"rotation":[0,180,0],"translation":[1.5,-1.5,3.5]},"firstperson_righthand":{"rotation":[-180,83.75,-180],"translation":[-0.75,0.75,3.5]},"firstperson_lefthand":{"rotation":[0,-88.5,0],"translation":[0,1,3.5]},"ground":{"translation":[0,8,0]},"gui":{"rotation":[-90,-45,-90],"translation":[0.5,-1.25,0]},"head":{"scale":[0,0,0]},"fixed":{"rotation":[0,90,0],"translation":[-1.75,0,0]}}}