{"format_version":"1.21.6","credit":"Made with Blockbench","textures":{"1":"dominicweapon:dominicweapon_texture/dom_texture","2":"dominicweapon:dominicweapon_texture/dom_eff_01","3":"dominicweapon:dominicweapon_texture/dom_eff_02","4":"dominicweapon:dominicweapon_texture/dom_texture1","particle":"dominicweapon:dominicweapon_texture/dom_eff_01"},"elements":[{"from":[7.53,12.33356,9.87154],"to":[8.47,13.58356,10.62154],"rotation":{"angle":22.5,"axis":"x","origin":[8,13.88811,8]},"faces":{"north":{"uv":[12.4,14.1,12.8,13.6],"texture":"#1"},"east":{"uv":[14,12.1,14.3,11.6],"texture":"#1"},"south":{"uv":[13.6,10.5,14,10],"texture":"#1"},"west":{"uv":[12,14.5,12.3,14],"texture":"#1"},"up":{"uv":[10.7,14.8,10.4,14.4],"rotation":90,"texture":"#1"},"down":{"uv":[13.5,8.4,13.2,8.8],"rotation":270,"texture":"#1"}}},{"from":[7.535,11.83464,8.88843],"to":[8.465,13.13464,9.63843],"rotation":{"angle":-22.5,"axis":"x","origin":[8,13.88811,8]},"faces":{"north":{"uv":[13.2,14.1,13.6,13.6],"texture":"#1"},"east":{"uv":[14,12.9,14.3,12.4],"texture":"#1"},"south":{"uv":[12.8,14.1,13.2,13.6],"texture":"#1"},"west":{"uv":[14,13.7,14.3,13.2],"texture":"#1"},"up":{"uv":[14.7,11.2,14.4,10.8],"rotation":90,"texture":"#1"},"down":{"uv":[11.1,14.4,10.8,14.8],"rotation":270,"texture":"#1"}}},{"from":[7.53,13.80661,7.7805],"to":[8.47,14.55661,10.0305],"rotation":{"angle":22.5,"axis":"x","origin":[8,13.88811,8]},"faces":{"north":{"uv":[14.4,11.5,14.8,11.2],"texture":"#1"},"east":{"uv":[12.8,8.3,13.7,8],"texture":"#1"},"south":{"uv":[11.2,14.7,11.6,14.4],"texture":"#1"},"west":{"uv":[12.8,11.1,13.7,10.8],"texture":"#1"},"up":{"uv":[12.5,7.6,11.6,7.2],"rotation":90,"texture":"#1"},"down":{"uv":[8.1,11.6,7.2,12],"rotation":270,"texture":"#1"}}},{"from":[7.535,14.16247,8.12816],"to":[8.465,14.91247,9.37816],"rotation":{"angle":-22.5,"axis":"x","origin":[8,13.88811,8]},"faces":{"north":{"uv":[14.4,12.3,14.8,12],"texture":"#1"},"east":{"uv":[14,14.3,14.5,14],"texture":"#1"},"south":{"uv":[14.4,11.9,14.8,11.6],"texture":"#1"},"west":{"uv":[0,14.7,0.5,14.4],"texture":"#1"},"up":{"uv":[14.1,8,13.6,7.6],"rotation":90,"texture":"#1"},"down":{"uv":[14.1,5.6,13.6,6],"rotation":270,"texture":"#1"}}},{"from":[7.53,12.33356,5.37846],"to":[8.47,13.58356,6.12846],"rotation":{"angle":-22.5,"axis":"x","origin":[8,13.88811,8]},"faces":{"north":{"uv":[14,10.5,13.6,10],"texture":"#1"},"east":{"uv":[14.3,12.1,14,11.6],"texture":"#1"},"south":{"uv":[12.8,14.1,12.4,13.6],"texture":"#1"},"west":{"uv":[12.3,14.5,12,14],"texture":"#1"},"up":{"uv":[10.4,14.8,10.7,14.4],"rotation":90,"texture":"#1"},"down":{"uv":[13.2,8.4,13.5,8.8],"rotation":270,"texture":"#1"}}},{"from":[7.535,11.83464,6.36157],"to":[8.465,13.13464,7.11157],"rotation":{"angle":22.5,"axis":"x","origin":[8,13.88811,8]},"faces":{"north":{"uv":[13.2,14.1,12.8,13.6],"texture":"#1"},"east":{"uv":[14.3,12.9,14,12.4],"texture":"#1"},"south":{"uv":[13.6,14.1,13.2,13.6],"texture":"#1"},"west":{"uv":[14.3,13.7,14,13.2],"texture":"#1"},"up":{"uv":[14.4,11.2,14.7,10.8],"rotation":90,"texture":"#1"},"down":{"uv":[10.8,14.4,11.1,14.8],"rotation":270,"texture":"#1"}}},{"from":[7.53,13.80661,5.9695],"to":[8.47,14.55661,8.2195],"rotation":{"angle":-22.5,"axis":"x","origin":[8,13.88811,8]},"faces":{"north":{"uv":[11.6,14.7,11.2,14.4],"texture":"#1"},"east":{"uv":[13.7,8.3,12.8,8],"texture":"#1"},"south":{"uv":[14.8,11.5,14.4,11.2],"texture":"#1"},"west":{"uv":[13.7,11.1,12.8,10.8],"texture":"#1"},"up":{"uv":[11.6,7.6,12.5,7.2],"rotation":90,"texture":"#1"},"down":{"uv":[7.2,11.6,8.1,12],"rotation":270,"texture":"#1"}}},{"from":[7.535,14.16247,6.62184],"to":[8.465,14.91247,7.87184],"rotation":{"angle":22.5,"axis":"x","origin":[8,13.88811,8]},"faces":{"north":{"uv":[14.8,11.9,14.4,11.6],"texture":"#1"},"east":{"uv":[14.5,14.3,14,14],"texture":"#1"},"south":{"uv":[14.8,12.3,14.4,12],"texture":"#1"},"west":{"uv":[0.5,14.7,0,14.4],"texture":"#1"},"up":{"uv":[13.6,8,14.1,7.6],"rotation":90,"texture":"#1"},"down":{"uv":[13.6,5.6,14.1,6],"rotation":270,"texture":"#1"}}},{"from":[7.3,14.25327,5.93484],"to":[8.7,15.95327,7.63484],"rotation":{"angle":45,"axis":"x","origin":[8,13.88811,8]},"faces":{"north":{"uv":[11.6,6.4,12.3,7],"rotation":90,"texture":"#1"},"east":{"uv":[11.9,2.8,11.2,3.5],"rotation":270,"texture":"#1"},"south":{"uv":[11.6,5,12.3,4.4],"rotation":90,"texture":"#1"},"west":{"uv":[11.9,3.6,11.2,4.3],"rotation":90,"texture":"#1"},"up":{"uv":[3,11.6,2.4,12.3],"rotation":180,"texture":"#1"},"down":{"uv":[4.2,11.6,3.6,12.3],"texture":"#1"}}},{"from":[7.55,11.57233,7.51578],"to":[8.45,14.37233,10.31578],"rotation":{"angle":45,"axis":"x","origin":[8,13.88811,8]},"faces":{"north":{"uv":[1.2,11.6,2.3,12],"rotation":90,"texture":"#1"},"east":{"uv":[4.7,8.8,3.6,9.9],"rotation":270,"texture":"#1"},"south":{"uv":[11.2,11.6,12.3,11.2],"rotation":90,"texture":"#1"},"west":{"uv":[9.9,4.4,8.8,5.5],"rotation":90,"texture":"#1"},"up":{"uv":[3.2,10,2.8,11.1],"rotation":180,"texture":"#1"},"down":{"uv":[4.8,10,4.4,11.1],"texture":"#1"}}},{"from":[7.275,12.16134,8.52678],"to":[8.725,13.36134,9.72678],"rotation":{"angle":45,"axis":"x","origin":[8,13.88811,8]},"faces":{"north":{"uv":[4.4,12.8,4.9,13.4],"rotation":90,"texture":"#1"},"east":{"uv":[13.7,11.2,13.2,11.7],"rotation":270,"texture":"#1"},"south":{"uv":[0.8,13.4,1.3,12.8],"rotation":90,"texture":"#1"},"west":{"uv":[12.1,13.2,11.6,13.7],"rotation":90,"texture":"#1"},"up":{"uv":[13,12,12.4,12.5],"rotation":180,"texture":"#1"},"down":{"uv":[0.6,12.8,0,13.3],"texture":"#1"}}},{"from":[7.63,-8.59054,13.34516],"to":[8.37,-7.84054,14.84516],"rotation":{"angle":22.5,"axis":"x","origin":[8,4.3755,8]},"faces":{"north":{"uv":[14.8,4,15.1,4.3],"texture":"#1"},"east":{"uv":[10,14,10.6,14.3],"texture":"#1"},"south":{"uv":[4,14.8,4.3,15.1],"texture":"#1"},"west":{"uv":[14,10,14.6,10.3],"texture":"#1"},"up":{"uv":[14.6,10.7,14,10.4],"rotation":90,"texture":"#1"},"down":{"uv":[11.4,14,10.8,14.3],"rotation":270,"texture":"#1"}}},{"from":[7.625,-9.48237,2.80791],"to":[8.375,-8.73237,3.80791],"rotation":{"angle":-22.5,"axis":"x","origin":[8,4.3755,8]},"faces":{"north":{"uv":[5.2,14.8,5.5,15.1],"texture":"#1"},"east":{"uv":[13.6,14.4,14,14.7],"texture":"#1"},"south":{"uv":[14.8,4.4,15.1,4.7],"texture":"#1"},"west":{"uv":[14.4,13.6,14.8,13.9],"texture":"#1"},"up":{"uv":[14.4,14.7,14,14.4],"rotation":90,"texture":"#1"},"down":{"uv":[14.8,14.4,14.4,14.7],"rotation":270,"texture":"#1"}}},{"from":[7.63,-8.59054,1.15484],"to":[8.37,-7.84054,2.65484],"rotation":{"angle":-22.5,"axis":"x","origin":[8,4.3755,8]},"faces":{"north":{"uv":[4.3,14.8,4,15.1],"texture":"#1"},"east":{"uv":[10.6,14,10,14.3],"texture":"#1"},"south":{"uv":[15.1,4,14.8,4.3],"texture":"#1"},"west":{"uv":[14.6,10,14,10.3],"texture":"#1"},"up":{"uv":[14,10.7,14.6,10.4],"rotation":90,"texture":"#1"},"down":{"uv":[10.8,14,11.4,14.3],"rotation":270,"texture":"#1"}}},{"from":[7.625,-9.48237,12.19209],"to":[8.375,-8.73237,13.19209],"rotation":{"angle":22.5,"axis":"x","origin":[8,4.3755,8]},"faces":{"north":{"uv":[15.1,4.4,14.8,4.7],"texture":"#1"},"east":{"uv":[14,14.4,13.6,14.7],"texture":"#1"},"south":{"uv":[5.5,14.8,5.2,15.1],"texture":"#1"},"west":{"uv":[14.8,13.6,14.4,13.9],"texture":"#1"},"up":{"uv":[14,14.7,14.4,14.4],"rotation":90,"texture":"#1"},"down":{"uv":[14.4,14.4,14.8,14.7],"rotation":270,"texture":"#1"}}},{"from":[7.25,-6.46378,17.33928],"to":[8.75,-4.96378,18.83928],"rotation":{"angle":45,"axis":"x","origin":[8,4.3755,8]},"faces":{"north":{"uv":[11.6,11.6,12.2,12.2],"texture":"#1"},"east":{"uv":[11.6,8.8,12.2,9.4],"texture":"#1"},"south":{"uv":[10,11.6,10.6,12.2],"texture":"#1"},"west":{"uv":[10.8,11.6,11.4,12.2],"texture":"#1"},"up":{"uv":[1,12.6,0.4,12],"rotation":90,"texture":"#1"},"down":{"uv":[1.8,12,1.2,12.6],"rotation":270,"texture":"#1"}}},{"from":[8,-13.33089,5.8],"to":[8,-8.58089,10.2],"rotation":{"angle":0,"axis":"y","origin":[8,4.3755,8]},"faces":{"north":{"uv":[0,0,0,1.9],"texture":"#1"},"east":{"uv":[8.4,0,10.2,1.9],"texture":"#1"},"south":{"uv":[0,0,0,1.9],"texture":"#1"},"west":{"uv":[8.4,0,10.2,1.9],"texture":"#1"},"up":{"uv":[1.8,0,0,0],"rotation":90,"texture":"#1"},"down":{"uv":[1.8,0,0,0],"rotation":270,"texture":"#1"}}},{"from":[8,8.66911,4.05],"to":[8,13.41911,8.45],"rotation":{"angle":0,"axis":"y","origin":[8,11.04411,6.25]},"faces":{"north":{"uv":[0,0,0,1.9],"rotation":180,"texture":"#1"},"east":{"uv":[8.4,0,10.2,1.9],"rotation":180,"texture":"#1"},"south":{"uv":[0,0,0,1.9],"rotation":180,"texture":"#1"},"west":{"uv":[8.4,0,10.2,1.9],"rotation":180,"texture":"#1"},"up":{"uv":[1.8,0,0,0],"rotation":90,"texture":"#1"},"down":{"uv":[1.8,0,0,0],"rotation":270,"texture":"#1"}}},{"from":[8,8.66911,7.55],"to":[8,13.41911,11.95],"rotation":{"angle":0,"axis":"y","origin":[8,11.04411,9.75]},"faces":{"north":{"uv":[0,0,0,1.9],"rotation":180,"texture":"#1"},"east":{"uv":[10.2,0,8.4,1.9],"rotation":180,"texture":"#1"},"south":{"uv":[0,0,0,1.9],"rotation":180,"texture":"#1"},"west":{"uv":[10.2,0,8.4,1.9],"rotation":180,"texture":"#1"},"up":{"uv":[0,0,1.8,0],"rotation":90,"texture":"#1"},"down":{"uv":[0,0,1.8,0],"rotation":270,"texture":"#1"}}},{"from":[7.45,-7.29944,18.52494],"to":[8.55,-6.14944,19.67494],"rotation":{"angle":45,"axis":"x","origin":[8,4.3755,8]},"faces":{"north":{"uv":[14,1.6,14.4,2.1],"texture":"#1"},"east":{"uv":[6.8,13.6,7.3,14.1],"texture":"#1"},"south":{"uv":[1.6,14,2,14.5],"texture":"#1"},"west":{"uv":[13.6,6.8,14.1,7.3],"texture":"#1"},"up":{"uv":[2.5,14.4,2,14],"rotation":90,"texture":"#1"},"down":{"uv":[14.5,2.4,14,2.8],"rotation":270,"texture":"#1"}}},{"from":[7.5,-10.4251,2.28256],"to":[8.5,-9.2751,2.68256],"rotation":{"angle":-22.5,"axis":"x","origin":[8,4.3755,8]},"faces":{"north":{"uv":[3.6,14,4,14.5],"texture":"#1"},"east":{"uv":[0,14.8,0.2,15.3],"texture":"#1"},"south":{"uv":[2.8,14,3.2,14.5],"texture":"#1"},"west":{"uv":[0.4,14.8,0.6,15.3],"texture":"#1"},"up":{"uv":[6.6,15.2,6.4,14.8],"rotation":90,"texture":"#1"},"down":{"uv":[7,14.8,6.8,15.2],"rotation":270,"texture":"#1"}}},{"from":[7.5,-10.4251,13.31744],"to":[8.5,-9.2751,13.71744],"rotation":{"angle":22.5,"axis":"x","origin":[8,4.3755,8]},"faces":{"north":{"uv":[14,6,14.4,6.5],"texture":"#1"},"east":{"uv":[0.8,14.8,1,15.3],"texture":"#1"},"south":{"uv":[4,14,4.4,14.5],"texture":"#1"},"west":{"uv":[14.8,0.8,15,1.3],"texture":"#1"},"up":{"uv":[7.4,15.2,7.2,14.8],"rotation":90,"texture":"#1"},"down":{"uv":[15,7.6,14.8,8],"rotation":270,"texture":"#1"}}},{"name":"octagon","from":[7.155,10.14514,6.86383],"to":[8.845,11.47062,10.06383],"rotation":{"angle":-45,"axis":"x","origin":[8,10.34405,8]},"faces":{"north":{"uv":[5.2,12,5.9,12.5],"texture":"#1"},"east":{"uv":[0.4,10,1.7,10.5],"texture":"#1"},"south":{"uv":[4.4,12,5.1,12.5],"texture":"#1"},"west":{"uv":[1.7,10,0.4,10.5],"texture":"#1"},"up":{"uv":[10.9,2.7,9.6,2],"rotation":90,"texture":"#1"},"down":{"uv":[10.9,2.8,9.6,3.5],"rotation":270,"texture":"#1"}}},{"name":"octagon","from":[7.15,10.33726,6.4],"to":[8.85,11.66274,9.6],"rotation":{"angle":0,"axis":"y","origin":[8,10.34405,8]},"faces":{"north":{"uv":[6,12,6.7,12.5],"texture":"#1"},"east":{"uv":[10,8,11.3,8.5],"texture":"#1"},"south":{"uv":[12,5.2,12.7,5.7],"texture":"#1"},"west":{"uv":[10,8,11.3,8.5],"texture":"#1"},"up":{"uv":[10.9,4.3,9.6,3.6],"rotation":90,"texture":"#1"},"down":{"uv":[10.9,5.6,9.6,6.3],"rotation":270,"texture":"#1"}}},{"name":"octagon","from":[7.15,9.4,7.33726],"to":[8.85,12.6,8.66274],"rotation":{"angle":0,"axis":"y","origin":[8,10.34405,8]},"faces":{"north":{"uv":[9.6,6.4,10.3,7.7],"texture":"#1"},"east":{"uv":[2,10,2.5,11.3],"texture":"#1"},"south":{"uv":[6.4,9.6,7.1,10.9],"texture":"#1"},"west":{"uv":[2,10,2.5,11.3],"texture":"#1"},"up":{"uv":[7.7,12.7,7.2,12],"rotation":90,"texture":"#1"},"down":{"uv":[12.5,7.6,12,8.3],"rotation":270,"texture":"#1"}}},{"name":"octagon","from":[7.155,9.20788,7.80109],"to":[8.845,12.40788,9.12657],"rotation":{"angle":-45,"axis":"x","origin":[8,10.34405,8]},"faces":{"north":{"uv":[8,9.6,8.7,10.9],"texture":"#1"},"east":{"uv":[10,9.6,10.5,10.9],"texture":"#1"},"south":{"uv":[7.2,9.6,7.9,10.9],"texture":"#1"},"west":{"uv":[10.5,9.6,10,10.9],"texture":"#1"},"up":{"uv":[12.5,10.3,12,9.6],"rotation":90,"texture":"#1"},"down":{"uv":[12.5,10.4,12,11.1],"rotation":270,"texture":"#1"}}},{"from":[6.9,10.0629,6.78115],"to":[9.1,11.5629,8.28115],"rotation":{"angle":45,"axis":"x","origin":[8,10.34405,8]},"faces":{"north":{"uv":[10.4,7.2,11.3,7.9],"texture":"#1"},"east":{"uv":[1.2,10.8,1.9,11.5],"texture":"#1"},"south":{"uv":[10.4,6.4,11.3,7.1],"texture":"#1"},"west":{"uv":[11.2,2,11.9,2.7],"texture":"#1"},"up":{"uv":[9.5,11.3,8.8,10.4],"rotation":90,"texture":"#1"},"down":{"uv":[1.1,10.8,0.4,11.7],"rotation":270,"texture":"#1"}}},{"from":[7.5,8,7.5],"to":[8.5,9.5,8.5],"rotation":{"angle":-45,"axis":"y","origin":[8,9.3755,8]},"faces":{"north":{"uv":[8,13.6,8.4,14.2],"texture":"#1"},"east":{"uv":[8.4,13.6,8,14.2],"texture":"#1"},"south":{"uv":[8,13.6,8.4,14.2],"texture":"#1"},"west":{"uv":[13.6,8.4,14,9],"texture":"#1"},"up":{"uv":[3.2,11.6,2.8,11.2],"rotation":90,"texture":"#1"},"down":{"uv":[12.4,4,12,4.4],"rotation":270,"texture":"#1"}}},{"from":[7.5,-9.5,7.5],"to":[8.5,-8,8.5],"rotation":{"angle":-45,"axis":"y","origin":[8,4.3755,8]},"faces":{"north":{"uv":[8,14.2,8.4,13.6],"texture":"#1"},"east":{"uv":[8.4,14.2,8,13.6],"texture":"#1"},"south":{"uv":[8,14.2,8.4,13.6],"texture":"#1"},"west":{"uv":[13.6,9,14,8.4],"texture":"#1"},"up":{"uv":[12.4,4.4,12,4],"rotation":90,"texture":"#1"},"down":{"uv":[3.2,11.2,2.8,11.6],"rotation":270,"texture":"#1"}}},{"from":[7.6,-8,7.6],"to":[8.4,-5,8.4],"rotation":{"angle":-45,"axis":"y","origin":[8,4.3755,8]},"faces":{"north":{"uv":[9.5,11.6,9.2,12.8],"texture":"#1"},"east":{"uv":[9.2,11.6,9.5,12.8],"texture":"#1"},"south":{"uv":[8.8,11.6,9.1,12.8],"texture":"#1"},"west":{"uv":[9.2,11.6,9.5,12.8],"texture":"#1"},"up":{"uv":[5.9,15.1,5.6,14.8],"rotation":90,"texture":"#1"},"down":{"uv":[6.3,14.8,6,15.1],"rotation":270,"texture":"#1"}}},{"from":[7.6,5,7.6],"to":[8.4,8,8.4],"rotation":{"angle":-45,"axis":"y","origin":[8,9.3755,8]},"faces":{"north":{"uv":[9.5,11.6,9.2,12.8],"texture":"#1"},"east":{"uv":[9.2,11.6,9.5,12.8],"texture":"#1"},"south":{"uv":[8.8,11.6,9.1,12.8],"texture":"#1"},"west":{"uv":[9.2,11.6,9.5,12.8],"texture":"#1"},"up":{"uv":[5.9,15.1,5.6,14.8],"rotation":90,"texture":"#1"},"down":{"uv":[6.3,14.8,6,15.1],"rotation":270,"texture":"#1"}}},{"from":[7.6,0,7.6],"to":[8.4,5,8.4],"rotation":{"angle":-45,"axis":"y","origin":[8,9.3755,8]},"faces":{"north":{"uv":[9.6,6.1,9.9,7.9],"texture":"#1"},"east":{"uv":[9.9,6.1,9.6,7.9],"texture":"#1"},"south":{"uv":[9.6,6.1,9.9,7.9],"texture":"#1"},"west":{"uv":[9.9,6.1,9.6,7.9],"texture":"#1"},"up":{"uv":[5.9,15.1,5.6,14.8],"rotation":90,"texture":"#1"},"down":{"uv":[6.3,14.8,6,15.1],"rotation":270,"texture":"#1"}}},{"from":[7.6,-5,7.6],"to":[8.4,0,8.4],"rotation":{"angle":-45,"axis":"y","origin":[8,4.3755,8]},"faces":{"north":{"uv":[9.6,6.1,9.9,7.9],"texture":"#1"},"east":{"uv":[9.9,6.1,9.6,7.9],"texture":"#1"},"south":{"uv":[9.6,6.1,9.9,7.9],"texture":"#1"},"west":{"uv":[9.9,6.1,9.6,7.9],"texture":"#1"},"up":{"uv":[5.9,15.1,5.6,14.8],"rotation":90,"texture":"#1"},"down":{"uv":[6.3,14.8,6,15.1],"rotation":270,"texture":"#1"}}},{"from":[8,15.87561,6.125],"to":[8,22.37561,9.875],"rotation":{"angle":0,"axis":"y","origin":[8,19.12561,8.125]},"faces":{"north":{"uv":[0,0,0,12],"rotation":180,"texture":"#4"},"east":{"uv":[11.33333,16,7,8.33333],"rotation":180,"texture":"#4"},"south":{"uv":[0,0,0,12],"rotation":180,"texture":"#4"},"west":{"uv":[7,16,11.33333,8.33333],"rotation":180,"texture":"#4"},"up":{"uv":[0,5,0,0],"texture":"#4"},"down":{"uv":[0,0,0,5],"texture":"#4"}}},{"from":[7.25,7.26911,4],"to":[8.75,15.26911,12],"rotation":{"angle":0,"axis":"y","origin":[8.75,9.3255,-10.55]},"faces":{"north":{"uv":[0.25,0.25,1.25,1.2],"texture":"#2"},"east":{"uv":[0,0,16,16],"texture":"#2"},"south":{"uv":[0.25,0.25,1.25,1.2],"texture":"#2"},"west":{"uv":[16,0,0,16],"texture":"#2"},"up":{"uv":[0.25,0.25,1.25,1.2],"texture":"#2"},"down":{"uv":[0.25,0.25,1.25,1.2],"texture":"#2"}}},{"from":[7.75,10.86911,4],"to":[8.25,18.86911,12],"rotation":{"angle":0,"axis":"y","origin":[8.75,20.8255,-1.55]},"faces":{"north":{"uv":[0.25,0.25,1.25,1.2],"texture":"#3"},"east":{"uv":[0,0,16,16],"texture":"#3"},"south":{"uv":[0.25,0.25,1.25,1.2],"texture":"#3"},"west":{"uv":[16,0,0,16],"texture":"#3"},"up":{"uv":[0.25,0.25,1.25,1.2],"texture":"#3"},"down":{"uv":[0.25,0.25,1.25,1.2],"texture":"#3"}}}],"gui_light":"front","display":{"thirdperson_righthand":{"rotation":[-180,-137,92],"translation":[0.75,-5.75,11],"scale":[1.5,1.5,1.5]},"thirdperson_lefthand":{"translation":[0,9.5,1.5],"scale":[1.5,1.5,1.5]},"firstperson_righthand":{"rotation":[160,0,0],"translation":[19,-22,-6.25],"scale":[1.67579,1.67579,1.67579]},"firstperson_lefthand":{"translation":[14.75,-2.25,-11.75],"scale":[1.67579,1.67579,1.67579]},"ground":{"rotation":[-45,0,0],"translation":[-0.75,12,-6.5],"scale":[0.9,0.9,0.9]},"gui":{"rotation":[-90,45,90],"translation":[-1.5,1.5,0],"scale":[0.62047,0.62047,0.62047]},"head":{"rotation":[-160,0,0],"translation":[-18.25,-27,-6.5],"scale":[2,2,2]},"fixed":{"rotation":[0,90,0],"translation":[0,19.25,-1.25],"scale":[2.3,2.3,2.3]}}}