{"format_version":"1.21.6","credit":"Made with Blockbench","texture_size":[40,40],"textures":{"1":"dominicweapon:dominicweapon_texture/redi_texture","2":"dominicweapon:dominicweapon_texture/redi_eff_01","3":"dominicweapon:dominicweapon_texture/redi_eff_02","particle":"dominicweapon:dominicweapon_texture/redi_eff_01"},"elements":[{"from":[7.535,17.14927,15.03007],"to":[8.465,19.44927,15.78007],"rotation":{"angle":-22.5,"axis":"x","origin":[8,4.3755,8]},"faces":{"north":{"uv":[6.8,11.6,7.2,12.5],"texture":"#1"},"east":{"uv":[9.6,12.8,9.9,13.7],"texture":"#1"},"south":{"uv":[8.4,11.2,8.8,12.1],"texture":"#1"},"west":{"uv":[13.2,3.2,13.5,4.1],"texture":"#1"},"up":{"uv":[12.3,6.4,12,6],"rotation":90,"texture":"#1"},"down":{"uv":[12.7,9.2,12.4,9.6],"rotation":270,"texture":"#1"}}},{"from":[7.53,17.6482,3.7299],"to":[8.47,18.8982,4.4799],"rotation":{"angle":22.5,"axis":"x","origin":[8,4.3755,8]},"faces":{"north":{"uv":[13.6,9.2,14,9.7],"texture":"#1"},"east":{"uv":[14,10.8,14.3,11.3],"texture":"#1"},"south":{"uv":[9.2,13.6,9.6,14.1],"texture":"#1"},"west":{"uv":[11.6,14,11.9,14.5],"texture":"#1"},"up":{"uv":[1.9,13.2,1.6,12.8],"rotation":90,"texture":"#1"},"down":{"uv":[13.5,4.4,13.2,4.8],"rotation":270,"texture":"#1"}}},{"from":[7.53,10.17723,12.14855],"to":[8.47,11.42723,12.89855],"rotation":{"angle":-22.5,"axis":"x","origin":[8,4.3755,8]},"faces":{"north":{"uv":[12.4,13.6,12.8,14.1],"texture":"#1"},"east":{"uv":[14,11.6,14.3,12.1],"texture":"#1"},"south":{"uv":[13.6,10,14,10.5],"texture":"#1"},"west":{"uv":[12,14,12.3,14.5],"texture":"#1"},"up":{"uv":[13.5,8.8,13.2,8.4],"rotation":90,"texture":"#1"},"down":{"uv":[10.7,14.4,10.4,14.8],"rotation":270,"texture":"#1"}}},{"from":[7.535,10.62615,6.61142],"to":[8.465,11.92615,7.36142],"rotation":{"angle":22.5,"axis":"x","origin":[8,4.3755,8]},"faces":{"north":{"uv":[13.2,13.6,13.6,14.1],"texture":"#1"},"east":{"uv":[14,12.4,14.3,12.9],"texture":"#1"},"south":{"uv":[12.8,13.6,13.2,14.1],"texture":"#1"},"west":{"uv":[14,13.2,14.3,13.7],"texture":"#1"},"up":{"uv":[11.1,14.8,10.8,14.4],"rotation":90,"texture":"#1"},"down":{"uv":[14.7,10.8,14.4,11.2],"rotation":270,"texture":"#1"}}},{"from":[7.535,15.61782,3.24493],"to":[8.465,16.91782,3.99493],"rotation":{"angle":22.5,"axis":"x","origin":[8,4.3755,8]},"faces":{"north":{"uv":[13.2,13.6,13.6,14.1],"texture":"#1"},"east":{"uv":[14.8,12.4,15.1,12.9],"texture":"#1"},"south":{"uv":[12.8,13.6,13.2,14.1],"texture":"#1"},"west":{"uv":[15.1,12.4,14.8,12.9],"texture":"#1"},"up":{"uv":[11.1,14.8,10.8,14.4],"rotation":90,"texture":"#1"},"down":{"uv":[14.7,10.8,14.4,11.2],"rotation":270,"texture":"#1"}}},{"from":[7.535,15.61782,12.00507],"to":[8.465,16.91782,12.75507],"rotation":{"angle":-22.5,"axis":"x","origin":[8,4.3755,8]},"faces":{"north":{"uv":[13.2,13.6,12.8,14.1],"texture":"#1"},"east":{"uv":[15.1,12.4,14.8,12.9],"texture":"#1"},"south":{"uv":[13.6,13.6,13.2,14.1],"texture":"#1"},"west":{"uv":[14.8,12.4,15.1,12.9],"texture":"#1"},"up":{"uv":[10.8,14.8,11.1,14.4],"rotation":90,"texture":"#1"},"down":{"uv":[14.4,10.8,14.7,11.2],"rotation":270,"texture":"#1"}}},{"from":[7.53,9.20418,10.05751],"to":[8.47,9.95418,12.30751],"rotation":{"angle":-22.5,"axis":"x","origin":[8,4.3755,8]},"faces":{"north":{"uv":[14.4,11.2,14.8,11.5],"texture":"#1"},"east":{"uv":[12.8,8,13.7,8.3],"texture":"#1"},"south":{"uv":[11.2,14.4,11.6,14.7],"texture":"#1"},"west":{"uv":[12.8,10.8,13.7,11.1],"texture":"#1"},"up":{"uv":[8.1,12,7.2,11.6],"rotation":90,"texture":"#1"},"down":{"uv":[12.5,7.2,11.6,7.6],"rotation":270,"texture":"#1"}}},{"from":[7.535,8.84832,5.85115],"to":[8.465,9.59832,7.10115],"rotation":{"angle":22.5,"axis":"x","origin":[8,4.3755,8]},"faces":{"north":{"uv":[14.4,12,14.8,12.3],"texture":"#1"},"east":{"uv":[14,14,14.5,14.3],"texture":"#1"},"south":{"uv":[14.4,11.6,14.8,11.9],"texture":"#1"},"west":{"uv":[0,14.4,0.5,14.7],"texture":"#1"},"up":{"uv":[14.1,6,13.6,5.6],"rotation":90,"texture":"#1"},"down":{"uv":[14.1,7.6,13.6,8],"rotation":270,"texture":"#1"}}},{"from":[7.43,6.97223,6.67114],"to":[8.57,7.72223,9.42114],"rotation":{"angle":22.5,"axis":"x","origin":[8,4.3755,8]},"faces":{"north":{"uv":[14.4,0.4,14.9,0.7],"texture":"#1"},"east":{"uv":[12,8.4,13.1,8.7],"texture":"#1"},"south":{"uv":[14.4,0,14.9,0.3],"texture":"#1"},"west":{"uv":[12.4,4.8,13.5,5.1],"texture":"#1"},"up":{"uv":[11.9,10.1,10.8,9.6],"rotation":90,"texture":"#1"},"down":{"uv":[11.9,10.4,10.8,10.9],"rotation":270,"texture":"#1"}}},{"from":[7.43,-0.40417,6.0776],"to":[8.57,0.34583,8.8276],"rotation":{"angle":-22.5,"axis":"x","origin":[8,4.3755,8]},"faces":{"north":{"uv":[14.4,0.7,14.9,0.4],"texture":"#1"},"east":{"uv":[12,8.7,13.1,8.4],"texture":"#1"},"south":{"uv":[14.4,0.3,14.9,0],"texture":"#1"},"west":{"uv":[12.4,5.1,13.5,4.8],"texture":"#1"},"up":{"uv":[11.9,10.9,10.8,10.4],"rotation":90,"texture":"#1"},"down":{"uv":[11.9,9.6,10.8,10.1],"rotation":270,"texture":"#1"}}},{"from":[7.54,-1.97284,5.94748],"to":[8.46,0.02716,6.69748],"rotation":{"angle":-45,"axis":"x","origin":[8,4.3755,8]},"faces":{"north":{"uv":[8.4,12.4,8.8,13.2],"texture":"#1"},"east":{"uv":[8.4,13.2,8.7,14],"texture":"#1"},"south":{"uv":[8,12,8.4,12.8],"texture":"#1"},"west":{"uv":[3.2,13.6,3.5,14.4],"texture":"#1"},"up":{"uv":[12.7,14.8,12.4,14.4],"rotation":90,"texture":"#1"},"down":{"uv":[14.7,12.4,14.4,12.8],"rotation":270,"texture":"#1"}}},{"from":[7.585,-2.4827,10.48583],"to":[8.415,-0.9827,11.23583],"rotation":{"angle":0,"axis":"y","origin":[8,4.3755,8]},"faces":{"north":{"uv":[9.6,14,9.9,14.6],"texture":"#1"},"east":{"uv":[14,8,14.3,8.6],"texture":"#1"},"south":{"uv":[8.4,14,8.7,14.6],"texture":"#1"},"west":{"uv":[14,8.8,14.3,9.4],"texture":"#1"},"up":{"uv":[1.5,15.1,1.2,14.8],"rotation":90,"texture":"#1"},"down":{"uv":[1.9,14.8,1.6,15.1],"rotation":270,"texture":"#1"}}},{"from":[7.63,-3.60004,7.21505],"to":[8.37,-2.85004,8.46505],"rotation":{"angle":-22.5,"axis":"x","origin":[8,4.3755,8]},"faces":{"north":{"uv":[2.4,14.8,2.7,15.1],"texture":"#1"},"east":{"uv":[2,14.4,2.5,14.7],"texture":"#1"},"south":{"uv":[2,14.8,2.3,15.1],"texture":"#1"},"west":{"uv":[14.4,2,14.9,2.3],"texture":"#1"},"up":{"uv":[14.9,3.5,14.4,3.2],"rotation":90,"texture":"#1"},"down":{"uv":[14.9,3.6,14.4,3.9],"rotation":270,"texture":"#1"}}},{"from":[7.64,-4.10004,6.46505],"to":[8.36,-2.85004,7.21505],"rotation":{"angle":-22.5,"axis":"x","origin":[8,4.3755,8]},"faces":{"north":{"uv":[4.8,14.4,5.1,14.9],"texture":"#1"},"east":{"uv":[3.2,14.4,3.5,14.9],"texture":"#1"},"south":{"uv":[14.4,4,14.7,4.5],"texture":"#1"},"west":{"uv":[4.4,14.4,4.7,14.9],"texture":"#1"},"up":{"uv":[15.1,2.7,14.8,2.4],"rotation":90,"texture":"#1"},"down":{"uv":[3.1,14.8,2.8,15.1],"rotation":270,"texture":"#1"}}},{"from":[7.635,-2.92265,12.18808],"to":[8.365,-2.17265,13.43808],"rotation":{"angle":22.5,"axis":"x","origin":[8,4.3755,8]},"faces":{"north":{"uv":[3.6,14.8,3.9,15.1],"texture":"#1"},"east":{"uv":[14.4,4.8,14.9,5.1],"texture":"#1"},"south":{"uv":[14.8,2.8,15.1,3.1],"texture":"#1"},"west":{"uv":[5.2,14.4,5.7,14.7],"texture":"#1"},"up":{"uv":[14.9,5.5,14.4,5.2],"rotation":90,"texture":"#1"},"down":{"uv":[14.9,5.6,14.4,5.9],"rotation":270,"texture":"#1"}}},{"from":[7.43,-4.59247,2.98089],"to":[8.57,-3.84247,4.48089],"rotation":{"angle":-45,"axis":"x","origin":[8,4.3755,8]},"faces":{"north":{"uv":[14.4,6,14.9,6.3],"texture":"#1"},"east":{"uv":[14,2.8,14.6,3.1],"texture":"#1"},"south":{"uv":[6,14.4,6.5,14.7],"texture":"#1"},"west":{"uv":[14,9.6,14.6,9.9],"texture":"#1"},"up":{"uv":[13,11.7,12.4,11.2],"rotation":90,"texture":"#1"},"down":{"uv":[12.2,12.4,11.6,12.9],"rotation":270,"texture":"#1"}}},{"from":[7.435,-4.67342,11.32371],"to":[8.565,-3.92342,12.57371],"rotation":{"angle":0,"axis":"y","origin":[8,4.3755,8]},"faces":{"north":{"uv":[14.4,7.2,14.9,7.5],"texture":"#1"},"east":{"uv":[14.4,6.4,14.9,6.7],"texture":"#1"},"south":{"uv":[6.8,14.4,7.3,14.7],"texture":"#1"},"west":{"uv":[14.4,6.8,14.9,7.1],"texture":"#1"},"up":{"uv":[4.1,13.7,3.6,13.2],"rotation":90,"texture":"#1"},"down":{"uv":[13.7,6,13.2,6.5],"rotation":270,"texture":"#1"}}},{"from":[7.44,-4.72681,4.61588],"to":[8.56,-3.47681,5.36588],"rotation":{"angle":-45,"axis":"x","origin":[8,4.3755,8]},"faces":{"north":{"uv":[14,0,14.4,0.5],"texture":"#1"},"east":{"uv":[7.6,14.4,7.9,14.9],"texture":"#1"},"south":{"uv":[13.6,13.6,14,14.1],"texture":"#1"},"west":{"uv":[14.4,7.6,14.7,8.1],"texture":"#1"},"up":{"uv":[13.1,14.8,12.8,14.4],"rotation":90,"texture":"#1"},"down":{"uv":[14.7,12.8,14.4,13.2],"rotation":270,"texture":"#1"}}},{"from":[7.43,-4.22681,5.36588],"to":[8.57,-3.47681,6.61588],"rotation":{"angle":-45,"axis":"x","origin":[8,4.3755,8]},"faces":{"north":{"uv":[14.4,9.2,14.9,9.5],"texture":"#1"},"east":{"uv":[14.4,8.4,14.9,8.7],"texture":"#1"},"south":{"uv":[8.8,14.4,9.3,14.7],"texture":"#1"},"west":{"uv":[14.4,8.8,14.9,9.1],"texture":"#1"},"up":{"uv":[10.5,13.7,10,13.2],"rotation":90,"texture":"#1"},"down":{"uv":[11.3,13.2,10.8,13.7],"rotation":270,"texture":"#1"}}},{"from":[7.385,-3.76941,9.01727],"to":[8.615,-2.76941,9.76727],"rotation":{"angle":-22.5,"axis":"x","origin":[8,4.3755,8]},"faces":{"north":{"uv":[14,1.2,14.5,1.6],"texture":"#1"},"east":{"uv":[13.2,14.4,13.5,14.8],"texture":"#1"},"south":{"uv":[14,0.8,14.5,1.2],"texture":"#1"},"west":{"uv":[14.4,13.2,14.7,13.6],"texture":"#1"},"up":{"uv":[8.3,14.9,8,14.4],"rotation":90,"texture":"#1"},"down":{"uv":[10.3,14.4,10,14.9],"rotation":270,"texture":"#1"}}},{"from":[7.63,-8.59054,13.34516],"to":[8.37,-7.84054,14.84516],"rotation":{"angle":22.5,"axis":"x","origin":[8,4.3755,8]},"faces":{"north":{"uv":[14.8,4,15.1,4.3],"texture":"#1"},"east":{"uv":[10,14,10.6,14.3],"texture":"#1"},"south":{"uv":[4,14.8,4.3,15.1],"texture":"#1"},"west":{"uv":[14,10,14.6,10.3],"texture":"#1"},"up":{"uv":[14.6,10.7,14,10.4],"rotation":90,"texture":"#1"},"down":{"uv":[11.4,14,10.8,14.3],"rotation":270,"texture":"#1"}}},{"from":[7.625,-9.48237,2.80791],"to":[8.375,-8.73237,3.80791],"rotation":{"angle":-22.5,"axis":"x","origin":[8,4.3755,8]},"faces":{"north":{"uv":[5.2,14.8,5.5,15.1],"texture":"#1"},"east":{"uv":[13.6,14.4,14,14.7],"texture":"#1"},"south":{"uv":[14.8,4.4,15.1,4.7],"texture":"#1"},"west":{"uv":[14.4,13.6,14.8,13.9],"texture":"#1"},"up":{"uv":[14.4,14.7,14,14.4],"rotation":90,"texture":"#1"},"down":{"uv":[14.8,14.4,14.4,14.7],"rotation":270,"texture":"#1"}}},{"from":[7.535,17.14927,0.21993],"to":[8.465,19.44927,0.96993],"rotation":{"angle":22.5,"axis":"x","origin":[8,4.3755,8]},"faces":{"north":{"uv":[8.8,11.2,8.4,12.1],"texture":"#1"},"east":{"uv":[9.9,12.8,9.6,13.7],"texture":"#1"},"south":{"uv":[7.2,11.6,6.8,12.5],"texture":"#1"},"west":{"uv":[13.5,3.2,13.2,4.1],"texture":"#1"},"up":{"uv":[12,6.4,12.3,6],"rotation":90,"texture":"#1"},"down":{"uv":[12.4,9.2,12.7,9.6],"rotation":270,"texture":"#1"}}},{"from":[7.53,17.6482,11.52011],"to":[8.47,18.8982,12.27011],"rotation":{"angle":-22.5,"axis":"x","origin":[8,4.3755,8]},"faces":{"north":{"uv":[9.6,13.6,9.2,14.1],"texture":"#1"},"east":{"uv":[14.3,10.8,14,11.3],"texture":"#1"},"south":{"uv":[14,9.2,13.6,9.7],"texture":"#1"},"west":{"uv":[11.9,14,11.6,14.5],"texture":"#1"},"up":{"uv":[1.6,13.2,1.9,12.8],"rotation":90,"texture":"#1"},"down":{"uv":[13.2,4.4,13.5,4.8],"rotation":270,"texture":"#1"}}},{"from":[7.53,10.17723,3.10145],"to":[8.47,11.42723,3.85145],"rotation":{"angle":22.5,"axis":"x","origin":[8,4.3755,8]},"faces":{"north":{"uv":[14,10,13.6,10.5],"texture":"#1"},"east":{"uv":[14.3,11.6,14,12.1],"texture":"#1"},"south":{"uv":[12.8,13.6,12.4,14.1],"texture":"#1"},"west":{"uv":[12.3,14,12,14.5],"texture":"#1"},"up":{"uv":[13.2,8.8,13.5,8.4],"rotation":90,"texture":"#1"},"down":{"uv":[10.4,14.4,10.7,14.8],"rotation":270,"texture":"#1"}}},{"from":[7.535,10.62615,8.63858],"to":[8.465,11.92615,9.38858],"rotation":{"angle":-22.5,"axis":"x","origin":[8,4.3755,8]},"faces":{"north":{"uv":[13.2,13.6,12.8,14.1],"texture":"#1"},"east":{"uv":[14.3,12.4,14,12.9],"texture":"#1"},"south":{"uv":[13.6,13.6,13.2,14.1],"texture":"#1"},"west":{"uv":[14.3,13.2,14,13.7],"texture":"#1"},"up":{"uv":[10.8,14.8,11.1,14.4],"rotation":90,"texture":"#1"},"down":{"uv":[14.4,10.8,14.7,11.2],"rotation":270,"texture":"#1"}}},{"from":[7.53,9.20418,3.69249],"to":[8.47,9.95418,5.94249],"rotation":{"angle":22.5,"axis":"x","origin":[8,4.3755,8]},"faces":{"north":{"uv":[11.6,14.4,11.2,14.7],"texture":"#1"},"east":{"uv":[13.7,8,12.8,8.3],"texture":"#1"},"south":{"uv":[14.8,11.2,14.4,11.5],"texture":"#1"},"west":{"uv":[13.7,10.8,12.8,11.1],"texture":"#1"},"up":{"uv":[7.2,12,8.1,11.6],"rotation":90,"texture":"#1"},"down":{"uv":[11.6,7.2,12.5,7.6],"rotation":270,"texture":"#1"}}},{"from":[7.535,8.84832,8.89885],"to":[8.465,9.59832,10.14885],"rotation":{"angle":-22.5,"axis":"x","origin":[8,4.3755,8]},"faces":{"north":{"uv":[14.8,11.6,14.4,11.9],"texture":"#1"},"east":{"uv":[14.5,14,14,14.3],"texture":"#1"},"south":{"uv":[14.8,12,14.4,12.3],"texture":"#1"},"west":{"uv":[0.5,14.4,0,14.7],"texture":"#1"},"up":{"uv":[13.6,6,14.1,5.6],"rotation":90,"texture":"#1"},"down":{"uv":[13.6,7.6,14.1,8],"rotation":270,"texture":"#1"}}},{"from":[7.43,6.97223,6.57886],"to":[8.57,7.72223,9.32886],"rotation":{"angle":-22.5,"axis":"x","origin":[8,4.3755,8]},"faces":{"north":{"uv":[14.9,0,14.4,0.3],"texture":"#1"},"east":{"uv":[13.1,8.4,12,8.7],"texture":"#1"},"south":{"uv":[14.9,0.4,14.4,0.7],"texture":"#1"},"west":{"uv":[13.5,4.8,12.4,5.1],"texture":"#1"},"up":{"uv":[10.8,10.1,11.9,9.6],"rotation":90,"texture":"#1"},"down":{"uv":[10.8,10.4,11.9,10.9],"rotation":270,"texture":"#1"}}},{"from":[7.43,-0.40417,7.1724],"to":[8.57,0.34583,9.9224],"rotation":{"angle":22.5,"axis":"x","origin":[8,4.3755,8]},"faces":{"north":{"uv":[14.9,0.3,14.4,0],"texture":"#1"},"east":{"uv":[13.1,8.7,12,8.4],"texture":"#1"},"south":{"uv":[14.9,0.7,14.4,0.4],"texture":"#1"},"west":{"uv":[13.5,5.1,12.4,4.8],"texture":"#1"},"up":{"uv":[10.8,10.9,11.9,10.4],"rotation":90,"texture":"#1"},"down":{"uv":[10.8,9.6,11.9,10.1],"rotation":270,"texture":"#1"}}},{"from":[7.54,-1.97284,9.30252],"to":[8.46,0.02716,10.05252],"rotation":{"angle":45,"axis":"x","origin":[8,4.3755,8]},"faces":{"north":{"uv":[8.4,12,8,12.8],"texture":"#1"},"east":{"uv":[8.7,13.2,8.4,14],"texture":"#1"},"south":{"uv":[8.8,12.4,8.4,13.2],"texture":"#1"},"west":{"uv":[3.5,13.6,3.2,14.4],"texture":"#1"},"up":{"uv":[12.4,14.8,12.7,14.4],"rotation":90,"texture":"#1"},"down":{"uv":[14.4,12.4,14.7,12.8],"rotation":270,"texture":"#1"}}},{"from":[7.585,-2.4827,4.76417],"to":[8.415,-0.9827,5.51417],"rotation":{"angle":0,"axis":"y","origin":[8,4.3755,8]},"faces":{"north":{"uv":[8.7,14,8.4,14.6],"texture":"#1"},"east":{"uv":[14.3,8,14,8.6],"texture":"#1"},"south":{"uv":[9.9,14,9.6,14.6],"texture":"#1"},"west":{"uv":[14.3,8.8,14,9.4],"texture":"#1"},"up":{"uv":[1.2,15.1,1.5,14.8],"rotation":90,"texture":"#1"},"down":{"uv":[1.6,14.8,1.9,15.1],"rotation":270,"texture":"#1"}}},{"from":[7.63,-3.60004,7.53495],"to":[8.37,-2.85004,8.78495],"rotation":{"angle":22.5,"axis":"x","origin":[8,4.3755,8]},"faces":{"north":{"uv":[2.3,14.8,2,15.1],"texture":"#1"},"east":{"uv":[2.5,14.4,2,14.7],"texture":"#1"},"south":{"uv":[2.7,14.8,2.4,15.1],"texture":"#1"},"west":{"uv":[14.9,2,14.4,2.3],"texture":"#1"},"up":{"uv":[14.4,3.5,14.9,3.2],"rotation":90,"texture":"#1"},"down":{"uv":[14.4,3.6,14.9,3.9],"rotation":270,"texture":"#1"}}},{"from":[7.64,-4.10004,8.78495],"to":[8.36,-2.85004,9.53495],"rotation":{"angle":22.5,"axis":"x","origin":[8,4.3755,8]},"faces":{"north":{"uv":[14.7,4,14.4,4.5],"texture":"#1"},"east":{"uv":[3.5,14.4,3.2,14.9],"texture":"#1"},"south":{"uv":[5.1,14.4,4.8,14.9],"texture":"#1"},"west":{"uv":[4.7,14.4,4.4,14.9],"texture":"#1"},"up":{"uv":[14.8,2.7,15.1,2.4],"rotation":90,"texture":"#1"},"down":{"uv":[2.8,14.8,3.1,15.1],"rotation":270,"texture":"#1"}}},{"from":[7.635,-2.92265,2.56193],"to":[8.365,-2.17265,3.81193],"rotation":{"angle":-22.5,"axis":"x","origin":[8,4.3755,8]},"faces":{"north":{"uv":[15.1,2.8,14.8,3.1],"texture":"#1"},"east":{"uv":[14.9,4.8,14.4,5.1],"texture":"#1"},"south":{"uv":[3.9,14.8,3.6,15.1],"texture":"#1"},"west":{"uv":[5.7,14.4,5.2,14.7],"texture":"#1"},"up":{"uv":[14.4,5.5,14.9,5.2],"rotation":90,"texture":"#1"},"down":{"uv":[14.4,5.6,14.9,5.9],"rotation":270,"texture":"#1"}}},{"from":[7.43,-4.59247,11.51912],"to":[8.57,-3.84247,13.01912],"rotation":{"angle":45,"axis":"x","origin":[8,4.3755,8]},"faces":{"north":{"uv":[6.5,14.4,6,14.7],"texture":"#1"},"east":{"uv":[14.6,2.8,14,3.1],"texture":"#1"},"south":{"uv":[14.9,6,14.4,6.3],"texture":"#1"},"west":{"uv":[14.6,9.6,14,9.9],"texture":"#1"},"up":{"uv":[12.4,11.7,13,11.2],"rotation":90,"texture":"#1"},"down":{"uv":[11.6,12.4,12.2,12.9],"rotation":270,"texture":"#1"}}},{"from":[7.435,-4.67342,3.42629],"to":[8.565,-3.92342,4.67629],"rotation":{"angle":0,"axis":"y","origin":[8,4.3755,8]},"faces":{"north":{"uv":[7.3,14.4,6.8,14.7],"texture":"#1"},"east":{"uv":[14.9,6.4,14.4,6.7],"texture":"#1"},"south":{"uv":[14.9,7.2,14.4,7.5],"texture":"#1"},"west":{"uv":[14.9,6.8,14.4,7.1],"texture":"#1"},"up":{"uv":[3.6,13.7,4.1,13.2],"rotation":90,"texture":"#1"},"down":{"uv":[13.2,6,13.7,6.5],"rotation":270,"texture":"#1"}}},{"from":[7.44,-4.72681,10.63413],"to":[8.56,-3.47681,11.38413],"rotation":{"angle":45,"axis":"x","origin":[8,4.3755,8]},"faces":{"north":{"uv":[14,13.6,13.6,14.1],"texture":"#1"},"east":{"uv":[7.9,14.4,7.6,14.9],"texture":"#1"},"south":{"uv":[14.4,0,14,0.5],"texture":"#1"},"west":{"uv":[14.7,7.6,14.4,8.1],"texture":"#1"},"up":{"uv":[12.8,14.8,13.1,14.4],"rotation":90,"texture":"#1"},"down":{"uv":[14.4,12.8,14.7,13.2],"rotation":270,"texture":"#1"}}},{"from":[7.43,-4.22681,9.38413],"to":[8.57,-3.47681,10.63413],"rotation":{"angle":45,"axis":"x","origin":[8,4.3755,8]},"faces":{"north":{"uv":[9.3,14.4,8.8,14.7],"texture":"#1"},"east":{"uv":[14.9,8.4,14.4,8.7],"texture":"#1"},"south":{"uv":[14.9,9.2,14.4,9.5],"texture":"#1"},"west":{"uv":[14.9,8.8,14.4,9.1],"texture":"#1"},"up":{"uv":[10,13.7,10.5,13.2],"rotation":90,"texture":"#1"},"down":{"uv":[10.8,13.2,11.3,13.7],"rotation":270,"texture":"#1"}}},{"from":[7.385,-3.76941,6.23273],"to":[8.615,-2.76941,6.98273],"rotation":{"angle":22.5,"axis":"x","origin":[8,4.3755,8]},"faces":{"north":{"uv":[14.5,0.8,14,1.2],"texture":"#1"},"east":{"uv":[13.5,14.4,13.2,14.8],"texture":"#1"},"south":{"uv":[14.5,1.2,14,1.6],"texture":"#1"},"west":{"uv":[14.7,13.2,14.4,13.6],"texture":"#1"},"up":{"uv":[8,14.9,8.3,14.4],"rotation":90,"texture":"#1"},"down":{"uv":[10,14.4,10.3,14.9],"rotation":270,"texture":"#1"}}},{"from":[7.63,-8.59054,1.15484],"to":[8.37,-7.84054,2.65484],"rotation":{"angle":-22.5,"axis":"x","origin":[8,4.3755,8]},"faces":{"north":{"uv":[4.3,14.8,4,15.1],"texture":"#1"},"east":{"uv":[10.6,14,10,14.3],"texture":"#1"},"south":{"uv":[15.1,4,14.8,4.3],"texture":"#1"},"west":{"uv":[14.6,10,14,10.3],"texture":"#1"},"up":{"uv":[14,10.7,14.6,10.4],"rotation":90,"texture":"#1"},"down":{"uv":[10.8,14,11.4,14.3],"rotation":270,"texture":"#1"}}},{"from":[7.625,-9.48237,12.19209],"to":[8.375,-8.73237,13.19209],"rotation":{"angle":22.5,"axis":"x","origin":[8,4.3755,8]},"faces":{"north":{"uv":[15.1,4.4,14.8,4.7],"texture":"#1"},"east":{"uv":[14,14.4,13.6,14.7],"texture":"#1"},"south":{"uv":[5.5,14.8,5.2,15.1],"texture":"#1"},"west":{"uv":[14.8,13.6,14.4,13.9],"texture":"#1"},"up":{"uv":[14,14.7,14.4,14.4],"rotation":90,"texture":"#1"},"down":{"uv":[14.4,14.4,14.8,14.7],"rotation":270,"texture":"#1"}}},{"name":"octagon","from":[7.155,-0.7954,1.89184],"to":[8.845,0.53008,5.09184],"rotation":{"angle":-45,"axis":"x","origin":[8,4.3755,8]},"faces":{"north":{"uv":[5.2,12,5.9,12.5],"texture":"#1"},"east":{"uv":[0.4,10,1.7,10.5],"texture":"#1"},"south":{"uv":[4.4,12,5.1,12.5],"texture":"#1"},"west":{"uv":[1.7,10,0.4,10.5],"texture":"#1"},"up":{"uv":[10.9,2.7,9.6,2],"rotation":90,"texture":"#1"},"down":{"uv":[10.9,2.8,9.6,3.5],"rotation":270,"texture":"#1"}}},{"name":"octagon","from":[7.15,-2.66274,6.4],"to":[8.85,-1.33726,9.6],"rotation":{"angle":0,"axis":"y","origin":[8,4.3755,8]},"faces":{"north":{"uv":[6,12,6.7,12.5],"texture":"#1"},"east":{"uv":[10,8,11.3,8.5],"texture":"#1"},"south":{"uv":[12,5.2,12.7,5.7],"texture":"#1"},"west":{"uv":[10,8,11.3,8.5],"texture":"#1"},"up":{"uv":[10.9,4.3,9.6,3.6],"rotation":90,"texture":"#1"},"down":{"uv":[10.9,5.6,9.6,6.3],"rotation":270,"texture":"#1"}}},{"name":"octagon","from":[7.15,-3.6,7.33726],"to":[8.85,-0.4,8.66274],"rotation":{"angle":0,"axis":"y","origin":[8,4.3755,8]},"faces":{"north":{"uv":[9.6,6.4,10.3,7.7],"texture":"#1"},"east":{"uv":[2,10,2.5,11.3],"texture":"#1"},"south":{"uv":[6.4,9.6,7.1,10.9],"texture":"#1"},"west":{"uv":[2,10,2.5,11.3],"texture":"#1"},"up":{"uv":[7.7,12.7,7.2,12],"rotation":90,"texture":"#1"},"down":{"uv":[12.5,7.6,12,8.3],"rotation":270,"texture":"#1"}}},{"name":"octagon","from":[7.155,-1.73266,2.8291],"to":[8.845,1.46734,4.15458],"rotation":{"angle":-45,"axis":"x","origin":[8,4.3755,8]},"faces":{"north":{"uv":[8,9.6,8.7,10.9],"texture":"#1"},"east":{"uv":[10,9.6,10.5,10.9],"texture":"#1"},"south":{"uv":[7.2,9.6,7.9,10.9],"texture":"#1"},"west":{"uv":[10.5,9.6,10,10.9],"texture":"#1"},"up":{"uv":[12.5,10.3,12,9.6],"rotation":90,"texture":"#1"},"down":{"uv":[12.5,10.4,12,11.1],"rotation":270,"texture":"#1"}}},{"from":[7.635,6.91911,6.125],"to":[8.365,18.26911,9.875],"rotation":{"angle":0,"axis":"y","origin":[8,4.3755,8]},"faces":{"north":{"uv":[3.2,8.8,3.5,13.3],"texture":"#1"},"east":{"uv":[3.2,4,4.7,8.5],"texture":"#1"},"south":{"uv":[8.4,4.4,8.7,8.9],"texture":"#1"},"west":{"uv":[4.8,4,6.3,8.5],"texture":"#1"},"up":{"uv":[8.3,11.5,6.8,11.2],"rotation":90,"texture":"#1"},"down":{"uv":[11.1,11.2,9.6,11.5],"rotation":270,"texture":"#1"}}},{"from":[7.635,0.16911,5.7],"to":[8.365,7.11911,10.3],"rotation":{"angle":0,"axis":"y","origin":[8,4.3755,8]},"faces":{"north":{"uv":[0,10,0.3,12.8],"texture":"#1"},"east":{"uv":[6.4,4,8.2,6.8],"texture":"#1"},"south":{"uv":[9.6,8,9.9,10.8],"texture":"#1"},"west":{"uv":[6.4,6.8,8.2,9.6],"texture":"#1"},"up":{"uv":[11.8,5.5,10,5.2],"rotation":90,"texture":"#1"},"down":{"uv":[12.2,1.6,10.4,1.9],"rotation":270,"texture":"#1"}}},{"from":[7.5,-5,7.5],"to":[8.5,-3.5,8.5],"rotation":{"angle":-45,"axis":"y","origin":[8,4.3755,8]},"faces":{"north":{"uv":[8,13.6,8.4,14.2],"texture":"#1"},"east":{"uv":[8.4,13.6,8,14.2],"texture":"#1"},"south":{"uv":[8,13.6,8.4,14.2],"texture":"#1"},"west":{"uv":[13.6,8.4,14,9],"texture":"#1"},"up":{"uv":[3.2,11.6,2.8,11.2],"rotation":90,"texture":"#1"},"down":{"uv":[12.4,4,12,4.4],"rotation":270,"texture":"#1"}}},{"from":[7.5,-9.5,7.5],"to":[8.5,-8,8.5],"rotation":{"angle":-45,"axis":"y","origin":[8,4.3755,8]},"faces":{"north":{"uv":[8,14.2,8.4,13.6],"texture":"#1"},"east":{"uv":[8.4,14.2,8,13.6],"texture":"#1"},"south":{"uv":[8,14.2,8.4,13.6],"texture":"#1"},"west":{"uv":[13.6,9,14,8.4],"texture":"#1"},"up":{"uv":[12.4,4.4,12,4],"rotation":90,"texture":"#1"},"down":{"uv":[3.2,11.2,2.8,11.6],"rotation":270,"texture":"#1"}}},{"from":[7.6,-8,7.6],"to":[8.4,-5,8.4],"rotation":{"angle":-45,"axis":"y","origin":[8,4.3755,8]},"faces":{"north":{"uv":[9.5,11.6,9.2,12.8],"texture":"#1"},"east":{"uv":[9.2,11.6,9.5,12.8],"texture":"#1"},"south":{"uv":[8.8,11.6,9.1,12.8],"texture":"#1"},"west":{"uv":[9.2,11.6,9.5,12.8],"texture":"#1"},"up":{"uv":[5.9,15.1,5.6,14.8],"rotation":90,"texture":"#1"},"down":{"uv":[6.3,14.8,6,15.1],"rotation":270,"texture":"#1"}}},{"from":[7.25,-6.46378,17.33928],"to":[8.75,-4.96378,18.83928],"rotation":{"angle":45,"axis":"x","origin":[8,4.3755,8]},"faces":{"north":{"uv":[11.6,11.6,12.2,12.2],"texture":"#1"},"east":{"uv":[11.6,8.8,12.2,9.4],"texture":"#1"},"south":{"uv":[10,11.6,10.6,12.2],"texture":"#1"},"west":{"uv":[10.8,11.6,11.4,12.2],"texture":"#1"},"up":{"uv":[1,12.6,0.4,12],"rotation":90,"texture":"#1"},"down":{"uv":[1.8,12,1.2,12.6],"rotation":270,"texture":"#1"}}},{"from":[6.9,-0.87763,11.75314],"to":[9.1,0.62237,13.25314],"rotation":{"angle":45,"axis":"x","origin":[8,4.3755,8]},"faces":{"north":{"uv":[10.4,7.2,11.3,7.9],"texture":"#1"},"east":{"uv":[1.2,10.8,1.9,11.5],"texture":"#1"},"south":{"uv":[10.4,6.4,11.3,7.1],"texture":"#1"},"west":{"uv":[11.2,2,11.9,2.7],"texture":"#1"},"up":{"uv":[9.5,11.3,8.8,10.4],"rotation":90,"texture":"#1"},"down":{"uv":[1.1,10.8,0.4,11.7],"rotation":270,"texture":"#1"}}},{"from":[7.3,6.5177,4.1578],"to":[8.7,8.2177,5.8578],"rotation":{"angle":45,"axis":"x","origin":[8,4.3755,8]},"faces":{"north":{"uv":[3.6,11.6,4.2,12.3],"texture":"#1"},"east":{"uv":[11.2,2.8,11.9,3.5],"texture":"#1"},"south":{"uv":[2.4,11.6,3,12.3],"texture":"#1"},"west":{"uv":[11.2,3.6,11.9,4.3],"texture":"#1"},"up":{"uv":[12.3,5,11.6,4.4],"rotation":90,"texture":"#1"},"down":{"uv":[12.3,6.4,11.6,7],"rotation":270,"texture":"#1"}}},{"from":[7.55,8.09864,1.47686],"to":[8.45,10.89864,4.27686],"rotation":{"angle":45,"axis":"x","origin":[8,4.3755,8]},"faces":{"north":{"uv":[4.4,10,4.8,11.1],"texture":"#1"},"east":{"uv":[3.6,8.8,4.7,9.9],"texture":"#1"},"south":{"uv":[2.8,10,3.2,11.1],"texture":"#1"},"west":{"uv":[8.8,4.4,9.9,5.5],"texture":"#1"},"up":{"uv":[12.3,11.6,11.2,11.2],"rotation":90,"texture":"#1"},"down":{"uv":[2.3,11.6,1.2,12],"rotation":270,"texture":"#1"}}},{"from":[7.275,9.10964,2.06587],"to":[8.725,10.30964,3.26587],"rotation":{"angle":45,"axis":"x","origin":[8,4.3755,8]},"faces":{"north":{"uv":[0,12.8,0.6,13.3],"texture":"#1"},"east":{"uv":[13.2,11.2,13.7,11.7],"texture":"#1"},"south":{"uv":[12.4,12,13,12.5],"texture":"#1"},"west":{"uv":[11.6,13.2,12.1,13.7],"texture":"#1"},"up":{"uv":[1.3,13.4,0.8,12.8],"rotation":90,"texture":"#1"},"down":{"uv":[4.9,12.8,4.4,13.4],"rotation":270,"texture":"#1"}}},{"from":[7.275,13.10479,-1.92929],"to":[8.725,14.30479,-0.72929],"rotation":{"angle":45,"axis":"x","origin":[8,4.3755,8]},"faces":{"north":{"uv":[12.8,5.2,13.4,5.7],"texture":"#1"},"east":{"uv":[13.2,12,13.7,12.5],"texture":"#1"},"south":{"uv":[5.2,12.8,5.8,13.3],"texture":"#1"},"west":{"uv":[13.2,12.8,13.7,13.3],"texture":"#1"},"up":{"uv":[6.5,13.4,6,12.8],"rotation":90,"texture":"#1"},"down":{"uv":[7.3,12.8,6.8,13.4],"rotation":270,"texture":"#1"}}},{"from":[7.3,3.26501,7.91049],"to":[8.7,4.46501,9.11049],"rotation":{"angle":45,"axis":"x","origin":[8,4.3755,8]},"faces":{"north":{"uv":[12.4,12.8,13,13.3],"texture":"#1"},"east":{"uv":[13.6,3.2,14.1,3.7],"texture":"#1"},"south":{"uv":[12.8,10,13.4,10.5],"texture":"#1"},"west":{"uv":[13.6,4,14.1,4.5],"texture":"#1"},"up":{"uv":[13.7,0.6,13.2,0],"rotation":90,"texture":"#1"},"down":{"uv":[13.7,0.8,13.2,1.4],"rotation":270,"texture":"#1"}}},{"from":[7.2,5.81059,5.36491],"to":[8.8,7.01059,6.56491],"rotation":{"angle":45,"axis":"x","origin":[8,4.3755,8]},"faces":{"north":{"uv":[13.2,1.6,13.8,2.1],"texture":"#1"},"east":{"uv":[4.4,13.6,4.9,14.1],"texture":"#1"},"south":{"uv":[1.6,13.2,2.2,13.7],"texture":"#1"},"west":{"uv":[13.6,4.8,14.1,5.3],"texture":"#1"},"up":{"uv":[2.9,13.8,2.4,13.2],"rotation":90,"texture":"#1"},"down":{"uv":[13.7,2.4,13.2,3],"rotation":270,"texture":"#1"}}},{"from":[7.2,0.50227,4.12676],"to":[8.8,1.70227,5.32676],"rotation":{"angle":-45,"axis":"x","origin":[8,4.3755,8]},"faces":{"north":{"uv":[13.2,2.1,13.8,1.6],"texture":"#1"},"east":{"uv":[4.4,14.1,4.9,13.6],"texture":"#1"},"south":{"uv":[1.6,13.7,2.2,13.2],"texture":"#1"},"west":{"uv":[13.6,5.3,14.1,4.8],"texture":"#1"},"up":{"uv":[13.7,3,13.2,2.4],"rotation":90,"texture":"#1"},"down":{"uv":[2.9,13.2,2.4,13.8],"rotation":270,"texture":"#1"}}},{"from":[7.65,-1.57763,11.05314],"to":[8.35,1.32237,13.95314],"rotation":{"angle":45,"axis":"x","origin":[8,4.3755,8]},"faces":{"north":{"uv":[12,2,12.3,3.2],"texture":"#1"},"east":{"uv":[8.4,2,9.6,3.2],"texture":"#1"},"south":{"uv":[2,12,2.3,13.2],"texture":"#1"},"west":{"uv":[9.6,2,8.4,3.2],"texture":"#1"},"up":{"uv":[13.2,3.5,12,3.2],"rotation":90,"texture":"#1"},"down":{"uv":[13.2,3.6,12,3.9],"rotation":270,"texture":"#1"}}},{"from":[7.4,2.34577,8.32973],"to":[8.6,4.04577,10.02973],"rotation":{"angle":45,"axis":"x","origin":[8,4.3755,8]},"faces":{"north":{"uv":[12.4,0.8,12.9,1.5],"texture":"#1"},"east":{"uv":[4.4,11.2,5.1,11.9],"texture":"#1"},"south":{"uv":[12.4,0,12.9,0.7],"texture":"#1"},"west":{"uv":[5.2,11.2,5.9,11.9],"texture":"#1"},"up":{"uv":[13.1,2.1,12.4,1.6],"rotation":90,"texture":"#1"},"down":{"uv":[3.1,12.4,2.4,12.9],"rotation":270,"texture":"#1"}}},{"from":[7.4,3.67922,7.30372],"to":[8.6,5.37922,9.00372],"rotation":{"angle":-45,"axis":"x","origin":[8,4.3755,8]},"faces":{"north":{"uv":[3.6,12.4,4.1,13.1],"texture":"#1"},"east":{"uv":[11.2,5.6,11.9,6.3],"texture":"#1"},"south":{"uv":[12.4,2.4,12.9,3.1],"texture":"#1"},"west":{"uv":[6,11.2,6.7,11.9],"texture":"#1"},"up":{"uv":[13.1,4.5,12.4,4],"rotation":90,"texture":"#1"},"down":{"uv":[13.1,6,12.4,6.5],"rotation":270,"texture":"#1"}}},{"from":[7.385,11.91911,7.375],"to":[8.615,17.56911,8.625],"rotation":{"angle":0,"axis":"y","origin":[8,4.3755,8]},"faces":{"north":{"uv":[8.8,8,9.3,10.3],"texture":"#1"},"east":{"uv":[4.8,8.8,5.3,11.1],"texture":"#1"},"south":{"uv":[5.6,8.8,6.1,11.1],"texture":"#1"},"west":{"uv":[8.8,5.6,9.3,7.9],"texture":"#1"},"up":{"uv":[5.7,14.1,5.2,13.6],"rotation":90,"texture":"#1"},"down":{"uv":[6.5,13.6,6,14.1],"rotation":270,"texture":"#1"}}},{"from":[8,2.91911,4.375],"to":[8,27.81911,11.625],"rotation":{"angle":0,"axis":"y","origin":[8,4.3755,8]},"faces":{"north":{"uv":[0,0,0,10],"texture":"#1"},"east":{"uv":[0,0,2.9,10],"texture":"#1"},"south":{"uv":[0,0,0,10],"texture":"#1"},"west":{"uv":[0,0,2.9,10],"texture":"#1"},"up":{"uv":[2.9,0,0,0],"rotation":90,"texture":"#1"},"down":{"uv":[2.9,0,0,0],"rotation":270,"texture":"#1"}}},{"from":[8,-2.58089,3.5],"to":[8,2.91911,12.5],"rotation":{"angle":0,"axis":"y","origin":[8,4.3755,7.95]},"faces":{"north":{"uv":[0,0,0,3.7],"texture":"#1"},"east":{"uv":[4.1,0,7.5,2.1],"texture":"#1"},"south":{"uv":[0,0,0,3.7],"texture":"#1"},"west":{"uv":[4.1,0,7.5,2.1],"texture":"#1"},"up":{"uv":[5.2,0,0,0],"rotation":90,"texture":"#1"},"down":{"uv":[5.2,0,0,0],"rotation":270,"texture":"#1"}}},{"from":[7.25,-5.63089,4],"to":[8.75,2.36911,12],"rotation":{"angle":0,"axis":"y","origin":[8.75,4.3255,8.45]},"faces":{"north":{"uv":[0.25,0.25,1.25,1.2],"texture":"#2"},"east":{"uv":[0,0,16,16],"texture":"#2"},"south":{"uv":[0.25,0.25,1.25,1.2],"texture":"#2"},"west":{"uv":[16,0,0,16],"texture":"#2"},"up":{"uv":[0.25,0.25,1.25,1.2],"texture":"#2"},"down":{"uv":[0.25,0.25,1.25,1.2],"texture":"#2"}}},{"from":[7.5,5.36911,4],"to":[8.5,13.36911,12],"rotation":{"angle":0,"axis":"y","origin":[8.75,15.3255,8.45]},"faces":{"north":{"uv":[0.25,0.25,1.25,1.2],"texture":"#3"},"east":{"uv":[0,0,16,16],"texture":"#3"},"south":{"uv":[0.25,0.25,1.25,1.2],"texture":"#3"},"west":{"uv":[16,0,0,16],"texture":"#3"},"up":{"uv":[0.25,0.25,1.25,1.2],"texture":"#3"},"down":{"uv":[0.25,0.25,1.25,1.2],"texture":"#3"}}},{"from":[8,-9.25225,6.5279],"to":[8,-5.50225,8.5779],"rotation":{"angle":-22.5,"axis":"x","origin":[8,4.3755,7.75]},"faces":{"north":{"uv":[0,0,0,3.7],"rotation":180,"texture":"#1"},"east":{"uv":[4.1,0.6,3.2,2.3],"rotation":180,"texture":"#1"},"south":{"uv":[0,0,0,3.7],"rotation":180,"texture":"#1"},"west":{"uv":[3.2,0.6,4.1,2.3],"rotation":180,"texture":"#1"},"up":{"uv":[5.2,0,0,0],"rotation":270,"texture":"#1"},"down":{"uv":[5.2,0,0,0],"rotation":90,"texture":"#1"}}},{"from":[8,-2.12623,14.90614],"to":[8,-0.07623,18.65614],"rotation":{"angle":22.5,"axis":"x","origin":[8,4.3755,7.75]},"faces":{"north":{"uv":[5.2,0,0,0],"rotation":90,"texture":"#1"},"east":{"uv":[4.1,0.6,3.2,2.3],"rotation":270,"texture":"#1"},"south":{"uv":[5.2,0,0,0],"rotation":90,"texture":"#1"},"west":{"uv":[3.2,0.6,4.1,2.3],"rotation":90,"texture":"#1"},"up":{"uv":[0,0,0,3.7],"rotation":180,"texture":"#1"},"down":{"uv":[0,0,0,3.7],"texture":"#1"}}},{"from":[8,-4.19225,9.40975],"to":[8,-2.14225,13.15975],"rotation":{"angle":-22.5,"axis":"x","origin":[8,4.3755,7.75]},"faces":{"north":{"uv":[5.2,0,0,0],"rotation":90,"texture":"#1"},"east":{"uv":[4.1,0.6,3.2,2.3],"rotation":270,"texture":"#1"},"south":{"uv":[5.2,0,0,0],"rotation":90,"texture":"#1"},"west":{"uv":[3.2,0.6,4.1,2.3],"rotation":90,"texture":"#1"},"up":{"uv":[0,0,0,3.7],"rotation":180,"texture":"#1"},"down":{"uv":[0,0,0,3.7],"texture":"#1"}}},{"from":[8,-4.19225,2.84026],"to":[8,-2.14225,6.59026],"rotation":{"angle":22.5,"axis":"x","origin":[8,4.3755,8.25]},"faces":{"north":{"uv":[5.2,0,0,0],"rotation":90,"texture":"#1"},"east":{"uv":[4.1,2.3,3.2,0.6],"rotation":270,"texture":"#1"},"south":{"uv":[5.2,0,0,0],"rotation":90,"texture":"#1"},"west":{"uv":[3.2,2.3,4.1,0.6],"rotation":90,"texture":"#1"},"up":{"uv":[0,3.7,0,0],"rotation":180,"texture":"#1"},"down":{"uv":[0,3.7,0,0],"texture":"#1"}}},{"from":[8,-2.12623,-2.65614],"to":[8,-0.07623,1.09386],"rotation":{"angle":-22.5,"axis":"x","origin":[8,4.3755,8.25]},"faces":{"north":{"uv":[5.2,0,0,0],"rotation":90,"texture":"#1"},"east":{"uv":[4.1,2.3,3.2,0.6],"rotation":270,"texture":"#1"},"south":{"uv":[5.2,0,0,0],"rotation":90,"texture":"#1"},"west":{"uv":[3.2,2.3,4.1,0.6],"rotation":90,"texture":"#1"},"up":{"uv":[0,3.7,0,0],"rotation":180,"texture":"#1"},"down":{"uv":[0,3.7,0,0],"texture":"#1"}}},{"from":[8,-9.25225,7.4221],"to":[8,-5.50225,9.4721],"rotation":{"angle":22.5,"axis":"x","origin":[8,4.3755,8.25]},"faces":{"north":{"uv":[0,0,0,3.7],"rotation":180,"texture":"#1"},"east":{"uv":[3.2,0.6,4.1,2.3],"rotation":180,"texture":"#1"},"south":{"uv":[0,0,0,3.7],"rotation":180,"texture":"#1"},"west":{"uv":[4.1,0.6,3.2,2.3],"rotation":180,"texture":"#1"},"up":{"uv":[0,0,5.2,0],"rotation":270,"texture":"#1"},"down":{"uv":[0,0,5.2,0],"rotation":90,"texture":"#1"}}},{"from":[8,-13.33089,5.8],"to":[8,-8.58089,10.2],"rotation":{"angle":0,"axis":"y","origin":[8,4.3755,8]},"faces":{"north":{"uv":[0,0,0,1.9],"texture":"#1"},"east":{"uv":[8.4,0,10.2,1.9],"texture":"#1"},"south":{"uv":[0,0,0,1.9],"texture":"#1"},"west":{"uv":[8.4,0,10.2,1.9],"texture":"#1"},"up":{"uv":[1.8,0,0,0],"rotation":90,"texture":"#1"},"down":{"uv":[1.8,0,0,0],"rotation":270,"texture":"#1"}}},{"from":[7.45,-7.29944,18.52494],"to":[8.55,-6.14944,19.67494],"rotation":{"angle":45,"axis":"x","origin":[8,4.3755,8]},"faces":{"north":{"uv":[14,1.6,14.4,2.1],"texture":"#1"},"east":{"uv":[6.8,13.6,7.3,14.1],"texture":"#1"},"south":{"uv":[1.6,14,2,14.5],"texture":"#1"},"west":{"uv":[13.6,6.8,14.1,7.3],"texture":"#1"},"up":{"uv":[2.5,14.4,2,14],"rotation":90,"texture":"#1"},"down":{"uv":[14.5,2.4,14,2.8],"rotation":270,"texture":"#1"}}},{"from":[7.5,-10.4251,2.28256],"to":[8.5,-9.2751,2.68256],"rotation":{"angle":-22.5,"axis":"x","origin":[8,4.3755,8]},"faces":{"north":{"uv":[3.6,14,4,14.5],"texture":"#1"},"east":{"uv":[0,14.8,0.2,15.3],"texture":"#1"},"south":{"uv":[2.8,14,3.2,14.5],"texture":"#1"},"west":{"uv":[0.4,14.8,0.6,15.3],"texture":"#1"},"up":{"uv":[6.6,15.2,6.4,14.8],"rotation":90,"texture":"#1"},"down":{"uv":[7,14.8,6.8,15.2],"rotation":270,"texture":"#1"}}},{"from":[7.5,-10.4251,13.31744],"to":[8.5,-9.2751,13.71744],"rotation":{"angle":22.5,"axis":"x","origin":[8,4.3755,8]},"faces":{"north":{"uv":[14,6,14.4,6.5],"texture":"#1"},"east":{"uv":[0.8,14.8,1,15.3],"texture":"#1"},"south":{"uv":[4,14,4.4,14.5],"texture":"#1"},"west":{"uv":[14.8,0.8,15,1.3],"texture":"#1"},"up":{"uv":[7.4,15.2,7.2,14.8],"rotation":90,"texture":"#1"},"down":{"uv":[15,7.6,14.8,8],"rotation":270,"texture":"#1"}}}],"gui_light":"front","display":{"thirdperson_righthand":{"rotation":[21,0,0],"translation":[0.25,12.75,6.25]},"thirdperson_lefthand":{"rotation":[-115,90,0],"translation":[-5.75,-8.75,14.25]},"firstperson_righthand":{"rotation":[-19,0,0],"translation":[15.5,2.25,-12.75],"scale":[1.10352,1.10352,1.10352]},"firstperson_lefthand":{"translation":[34,7.25,-11.75],"scale":[1.10352,1.10352,1.10352]},"ground":{"rotation":[-45,0,0],"translation":[-0.75,12,-6.5],"scale":[0.9,0.9,0.9]},"gui":{"rotation":[-90,45,90],"scale":[0.51883,0.51883,0.51883]},"head":{"rotation":[-180,70,0],"translation":[22.25,-4.75,1.5],"scale":[1.5,1.5,1.5]},"fixed":{"rotation":[0,90,0],"translation":[0,19.25,-1.25],"scale":[2.3,2.3,2.3]}}}