{"format_version":"1.21.6","credit":"Made with Blockbench","textures":{"1":"dominicweapon:dominicweapon_texture/reine_gagang","2":"dominicweapon:dominicweapon_texture/reine_animasi","3":"dominicweapon:dominicweapon_texture/reine_bilah","particle":"dominicweapon:dominicweapon_texture/reine_bilah"},"elements":[{"from":[7.4424,1.72501,7.4424],"to":[8.5576,6.57793,8.5576],"rotation":{"angle":0,"axis":"y","origin":[7.4424,1.72501,7.4424]},"faces":{"north":{"uv":[0,0,1.125,4.875],"texture":"#1"},"east":{"uv":[2,0,3.125,4.875],"texture":"#1"},"south":{"uv":[4,0,5.125,4.875],"texture":"#1"},"west":{"uv":[2,0,3.125,4.875],"texture":"#1"},"up":{"uv":[9.125,5.125,8,4],"texture":"#1"},"down":{"uv":[7.125,8,6,9.125],"texture":"#1"}}},{"from":[7.44798,1.73059,7.44798],"to":[8.55202,2.50007,8.21746],"rotation":{"angle":45,"axis":"x","origin":[7.4424,1.72501,7.4424]},"faces":{"north":{"uv":[6,10,7.125,10.8125],"texture":"#1"},"east":{"uv":[2,12,2.8125,12.8125],"texture":"#1"},"south":{"uv":[10,6,11.125,6.8125],"texture":"#1"},"west":{"uv":[12,2,12.8125,2.8125],"texture":"#1"},"up":{"uv":[11.125,7.8125,10,7],"texture":"#1"},"down":{"uv":[9.125,10,8,10.8125],"texture":"#1"}}},{"from":[7.38992,1.30897,7.28573],"to":[8.61008,2.31484,8.29159],"rotation":{"angle":45,"axis":"x","origin":[7.27111,1.30168,7.27844]},"faces":{"north":{"uv":[8,6,9.25,7],"texture":"#1"},"east":{"uv":[11,4,10,5],"texture":"#1"},"south":{"uv":[8,7,9.25,8],"texture":"#1"},"west":{"uv":[10,4,11,5],"texture":"#1"},"up":{"uv":[9.25,9,8,8],"texture":"#1"},"down":{"uv":[3.25,9,2,10],"texture":"#1"}}},{"from":[7.38992,6.69645,7.28573],"to":[8.61008,7.70231,8.29159],"rotation":{"angle":45,"axis":"x","origin":[7.27111,6.68916,7.27844]},"faces":{"north":{"uv":[4,9,5.25,10],"texture":"#1"},"east":{"uv":[11,5,10,6],"texture":"#1"},"south":{"uv":[8,9,9.25,10],"texture":"#1"},"west":{"uv":[10,5,11,6],"texture":"#1"},"up":{"uv":[1.25,11,0,10],"texture":"#1"},"down":{"uv":[11.25,0,10,1],"texture":"#1"}}},{"from":[7.36889,4.18838,7.40001],"to":[8.63111,5.03331,8.24494],"rotation":{"angle":45,"axis":"x","origin":[7.38773,4.18226,7.39389]},"faces":{"north":{"uv":[10,1,11.3125,1.875],"texture":"#1"},"east":{"uv":[12,0,12.875,0.875],"texture":"#1"},"south":{"uv":[2,10,3.3125,10.875],"texture":"#1"},"west":{"uv":[12,1,12.875,1.875],"texture":"#1"},"up":{"uv":[11.3125,2.875,10,2],"texture":"#1"},"down":{"uv":[11.3125,3,10,3.875],"texture":"#1"}}},{"from":[7.2679,7.2266,7.14287],"to":[8.7321,8.43364,8.34991],"rotation":{"angle":45,"axis":"x","origin":[7.12533,7.21785,7.13412]},"faces":{"north":{"uv":[6,4,7.5,5.25],"texture":"#1"},"east":{"uv":[9.25,2,8,3.25],"texture":"#1"},"south":{"uv":[6,6,7.5,7.25],"texture":"#1"},"west":{"uv":[8,2,9.25,3.25],"texture":"#1"},"up":{"uv":[3.5,8.25,2,7],"texture":"#1"},"down":{"uv":[5.5,7,4,8.25],"texture":"#1"}}},{"from":[7.44798,0.67115,7.44798],"to":[8.55202,1.44064,8.21746],"rotation":{"angle":45,"axis":"x","origin":[7.4424,0.66558,7.4424]},"faces":{"north":{"uv":[10,8,11.125,8.8125],"texture":"#1"},"east":{"uv":[12.8125,3,12,3.8125],"texture":"#1"},"south":{"uv":[10,9,11.125,9.8125],"texture":"#1"},"west":{"uv":[12,3,12.8125,3.8125],"texture":"#1"},"up":{"uv":[11.125,10.8125,10,10],"texture":"#1"},"down":{"uv":[1.125,11,0,11.8125],"texture":"#1"}}},{"from":[7.44798,0.33095,6.43866],"to":[8.55202,0.76588,8.43486],"rotation":{"angle":45,"axis":"x","origin":[7.4424,0.4369,7.21372]},"faces":{"north":{"uv":[4,12,5.125,12.4375],"texture":"#1"},"east":{"uv":[6,11,4,11.4375],"texture":"#1"},"south":{"uv":[6,12,7.125,12.4375],"texture":"#1"},"west":{"uv":[4,11,6,11.4375],"texture":"#1"},"up":{"uv":[3.125,7,2,5],"texture":"#1"},"down":{"uv":[5.125,5,4,7],"texture":"#1"}}},{"from":[7.45356,0.91561,6.59634],"to":[8.54644,1.61818,7.02011],"rotation":{"angle":0,"axis":"y","origin":[7.4424,2.07541,6.6967]},"faces":{"north":{"uv":[6,11,7.125,11.75],"texture":"#1"},"east":{"uv":[12.4375,11,12,11.75],"texture":"#1"},"south":{"uv":[8,11,9.125,11.75],"texture":"#1"},"west":{"uv":[12,11,12.4375,11.75],"texture":"#1"},"up":{"uv":[13.125,6.4375,12,6],"texture":"#1"},"down":{"uv":[13.125,7,12,7.4375],"texture":"#1"}}},{"from":[7.4424,0.32538,7.55957],"to":[8.5576,0.77145,9.56691],"rotation":{"angle":-45,"axis":"x","origin":[7.4424,0.4369,8.78628]},"faces":{"north":{"uv":[8,12,9.125,12.4375],"texture":"#1"},"east":{"uv":[13,5,11,5.4375],"texture":"#1"},"south":{"uv":[12,8,13.125,8.4375],"texture":"#1"},"west":{"uv":[11,5,13,5.4375],"texture":"#1"},"up":{"uv":[7.125,2,6,0],"texture":"#1"},"down":{"uv":[7.125,2,6,4],"texture":"#1"}}},{"from":[7.44798,0.91003,8.97432],"to":[8.55202,1.62375,9.40924],"rotation":{"angle":0,"axis":"y","origin":[7.4424,2.07541,9.3033]},"faces":{"north":{"uv":[10,11,11.125,11.75],"texture":"#1"},"east":{"uv":[0.4375,13,0,13.75],"texture":"#1"},"south":{"uv":[0,12,1.125,12.75],"texture":"#1"},"west":{"uv":[0,13,0.4375,13.75],"texture":"#1"},"up":{"uv":[13.125,9.4375,12,9],"texture":"#1"},"down":{"uv":[11.125,12,10,12.4375],"texture":"#1"}}},{"from":[8,3.86563,1.58834],"to":[8,31.99304,14.41166],"rotation":{"angle":0,"axis":"y","origin":[7.44452,5.36543,7.44452]},"faces":{"north":{"uv":[0,0,0,12.375],"texture":"#3"},"east":{"uv":[11.65625,0,6,12.375],"texture":"#3"},"south":{"uv":[0,0,0,12.375],"texture":"#3"},"west":{"uv":[6,0,11.65625,12.375],"texture":"#3"},"up":{"uv":[0,5.65625,0,0],"texture":"#3"},"down":{"uv":[0,0,0,5.65625],"texture":"#3"}}},{"from":[7.7,3.9148,-1.98248],"to":[7.7,12.68,0.37472],"rotation":{"angle":-22.5,"axis":"x","origin":[7.7,23.083,-7.20848]},"faces":{"north":{"uv":[0,0,0,2],"rotation":180,"texture":"#2"},"east":{"uv":[0.625,13.84375,7.75,1.65625],"rotation":90,"texture":"#2"},"south":{"uv":[0,0,0,2],"texture":"#2"},"west":{"uv":[0,2,2,0],"rotation":270,"texture":"#2"},"up":{"uv":[0,0,0,2],"rotation":180,"texture":"#2"},"down":{"uv":[0,0,0,2],"texture":"#2"}}},{"from":[7.757,11.0612,-7.18281],"to":[7.757,16.58101,3.14952],"rotation":{"angle":45,"axis":"x","origin":[7.757,2.10777,-6.58487]},"faces":{"north":{"uv":[0,2,0,0],"rotation":180,"texture":"#2"},"east":{"uv":[7.75,13.84375,0.625,1.65625],"rotation":90,"texture":"#2"},"south":{"uv":[0,2,0,0],"texture":"#2"},"west":{"uv":[2,2,0,0],"rotation":270,"texture":"#2"},"up":{"uv":[0,2,0,0],"texture":"#2"},"down":{"uv":[0,2,0,0],"rotation":180,"texture":"#2"}}},{"from":[8.3,3.9148,-1.98248],"to":[8.3,12.68,0.37472],"rotation":{"angle":-22.5,"axis":"x","origin":[8.3,23.083,-7.20848]},"faces":{"north":{"uv":[0,0,0,2],"rotation":180,"texture":"#2"},"east":{"uv":[0,0,2,2],"rotation":270,"texture":"#2"},"south":{"uv":[0,0,0,2],"texture":"#2"},"west":{"uv":[0.625,1.65625,7.75,13.84375],"rotation":90,"texture":"#2"},"up":{"uv":[0,0,0,2],"rotation":180,"texture":"#2"},"down":{"uv":[0,0,0,2],"texture":"#2"}}},{"from":[8.243,11.0612,-7.18281],"to":[8.243,16.58101,3.14952],"rotation":{"angle":45,"axis":"x","origin":[8.243,2.10777,-6.58487]},"faces":{"north":{"uv":[0,2,0,0],"rotation":180,"texture":"#2"},"east":{"uv":[2,0,0,2],"rotation":270,"texture":"#2"},"south":{"uv":[0,2,0,0],"texture":"#2"},"west":{"uv":[7.75,1.65625,0.625,13.84375],"rotation":90,"texture":"#2"},"up":{"uv":[0,2,0,0],"texture":"#2"},"down":{"uv":[0,2,0,0],"rotation":180,"texture":"#2"}}},{"from":[7.757,11.0612,12.85048],"to":[7.757,16.58101,23.18281],"rotation":{"angle":-45,"axis":"x","origin":[7.757,2.10777,22.58487]},"faces":{"north":{"uv":[0,2,0,0],"texture":"#2"},"east":{"uv":[7.75,1.65625,0.625,13.84375],"rotation":90,"texture":"#2"},"south":{"uv":[0,2,0,0],"rotation":180,"texture":"#2"},"west":{"uv":[2,0,0,2],"rotation":270,"texture":"#2"},"up":{"uv":[0,0,0,2],"texture":"#2"},"down":{"uv":[0,0,0,2],"rotation":180,"texture":"#2"}}},{"from":[7.7,3.9148,15.62528],"to":[7.7,12.68,17.98248],"rotation":{"angle":22.5,"axis":"x","origin":[7.7,23.083,23.20848]},"faces":{"north":{"uv":[0,0,0,2],"texture":"#2"},"east":{"uv":[0.625,1.65625,7.75,13.84375],"rotation":90,"texture":"#2"},"south":{"uv":[0,0,0,2],"rotation":180,"texture":"#2"},"west":{"uv":[0,0,2,2],"rotation":270,"texture":"#2"},"up":{"uv":[0,2,0,0],"rotation":180,"texture":"#2"},"down":{"uv":[0,2,0,0],"texture":"#2"}}},{"from":[8.3,3.9148,15.62528],"to":[8.3,12.68,17.98248],"rotation":{"angle":22.5,"axis":"x","origin":[8.3,23.083,23.20848]},"faces":{"north":{"uv":[0,0,0,2],"texture":"#2"},"east":{"uv":[0,2,2,0],"rotation":270,"texture":"#2"},"south":{"uv":[0,0,0,2],"rotation":180,"texture":"#2"},"west":{"uv":[0.625,13.84375,7.75,1.65625],"rotation":90,"texture":"#2"},"up":{"uv":[0,2,0,0],"rotation":180,"texture":"#2"},"down":{"uv":[0,2,0,0],"texture":"#2"}}},{"from":[8.243,11.0612,12.85048],"to":[8.243,16.58101,23.18281],"rotation":{"angle":-45,"axis":"x","origin":[8.243,2.10777,22.58487]},"faces":{"north":{"uv":[0,2,0,0],"texture":"#2"},"east":{"uv":[2,2,0,0],"rotation":270,"texture":"#2"},"south":{"uv":[0,2,0,0],"rotation":180,"texture":"#2"},"west":{"uv":[7.75,13.84375,0.625,1.65625],"rotation":90,"texture":"#2"},"up":{"uv":[0,0,0,2],"texture":"#2"},"down":{"uv":[0,0,0,2],"rotation":180,"texture":"#2"}}}],"display":{"thirdperson_righthand":{"translation":[0,2,1.5],"scale":[1.1,1.3,1.1]},"thirdperson_lefthand":{"rotation":[-17,46,-86],"translation":[-13,-6.75,11.5],"scale":[1,1.2,1]},"firstperson_righthand":{"rotation":[0,-7,0],"translation":[3.25,7.5,0]},"firstperson_lefthand":{"scale":[0,0,0]},"ground":{"translation":[0,23,0],"scale":[1.5,1.5,1.5]},"gui":{"rotation":[103,41,70],"translation":[3.25,3,5],"scale":[1,0.69,1.07]},"head":{"scale":[0,0,0]},"fixed":{"rotation":[111,-15,0],"translation":[0,3.5,-12],"scale":[1.3,1.3,1.3]}}}