{"format_version":"1.21.6","credit":"Made with Blockbench","texture_size":[28,28],"textures":{"0":"dominicweapon:dominicweapon_texture/shiro","1":"dominicweapon:dominicweapon_texture/shiro_eye","particle":"dominicweapon:dominicweapon_texture/shiro"},"elements":[{"from":[8,-4.475,3.255],"to":[8,20.85,10.465],"rotation":{"angle":0,"axis":"y","origin":[8,3.01875,8]},"faces":{"north":{"uv":[0,0,0,14.42857],"texture":"#0"},"east":{"uv":[4.14286,0,0,14.42857],"texture":"#0"},"south":{"uv":[0,0,0,14.42857],"texture":"#0"},"west":{"uv":[0,0,4.14286,14.42857],"texture":"#0"},"up":{"uv":[0,0,4.14286,0],"rotation":90,"texture":"#0"},"down":{"uv":[0,0,4.14286,0],"rotation":270,"texture":"#0"}}},{"from":[7.51,-0.52598,5.48028],"to":[8.49,0.94402,6.95028],"rotation":{"angle":-22.5,"axis":"x","origin":[8,3.01875,8]},"faces":{"north":{"uv":[12.57143,10.28571,12,11.14286],"texture":"#0"},"east":{"uv":[10,4.57143,9.14286,5.42857],"texture":"#0"},"south":{"uv":[9.71429,12.57143,9.14286,13.42857],"texture":"#0"},"west":{"uv":[10,5.71429,9.14286,6.57143],"texture":"#0"},"up":{"uv":[9.71429,13.14286,10.57143,12.57143],"rotation":90,"texture":"#0"},"down":{"uv":[12.57143,10.28571,13.42857,10.85714],"rotation":270,"texture":"#0"}}},{"from":[7.31,-2.07926,9.66226],"to":[8.69,-0.60926,11.13226],"rotation":{"angle":45,"axis":"x","origin":[8,3.01875,8]},"faces":{"north":{"uv":[10.28571,4.57143,11.14286,5.42857],"texture":"#0"},"east":{"uv":[9.14286,6.85714,10,7.71429],"texture":"#0"},"south":{"uv":[9.14286,8,10,8.85714],"texture":"#0"},"west":{"uv":[9.14286,9.14286,10,10],"texture":"#0"},"up":{"uv":[11.14286,6.57143,10.28571,5.71429],"rotation":90,"texture":"#0"},"down":{"uv":[11.14286,6.85714,10.28571,7.71429],"rotation":270,"texture":"#0"}}},{"from":[7.5835,-1.8145,6.49088],"to":[8.4165,0.1455,7.47088],"rotation":{"angle":0,"axis":"y","origin":[8,3.01875,8]},"faces":{"north":{"uv":[11.28571,12.57143,10.85714,13.71429],"texture":"#0"},"east":{"uv":[12,0,11.42857,1.14286],"texture":"#0"},"south":{"uv":[13,10.85714,12.57143,12],"texture":"#0"},"west":{"uv":[12,1.14286,11.42857,2.28571],"texture":"#0"},"up":{"uv":[13.71429,0.42857,14.28571,0],"rotation":90,"texture":"#0"},"down":{"uv":[13.71429,0.57143,14.28571,1],"rotation":270,"texture":"#0"}}},{"from":[7.559,0.17039,3.72149],"to":[8.441,1.15039,5.68149],"rotation":{"angle":-45,"axis":"x","origin":[8,3.01875,8]},"faces":{"north":{"uv":[13.71429,2.28571,13.14286,2.85714],"texture":"#0"},"east":{"uv":[12.57143,2.28571,11.42857,2.85714],"texture":"#0"},"south":{"uv":[13.71429,2.85714,13.14286,3.42857],"texture":"#0"},"west":{"uv":[12.57143,2.85714,11.42857,3.42857],"texture":"#0"},"up":{"uv":[11.42857,4,12.57143,3.42857],"rotation":90,"texture":"#0"},"down":{"uv":[11.42857,4,12.57143,4.57143],"rotation":270,"texture":"#0"}}},{"from":[7.4835,-1.75832,5.00029],"to":[8.5165,-0.77832,6.96029],"rotation":{"angle":-22.5,"axis":"x","origin":[8,3.01875,8]},"faces":{"north":{"uv":[13.71429,3.42857,13.14286,4],"texture":"#0"},"east":{"uv":[12.57143,4.57143,11.42857,5.14286],"texture":"#0"},"south":{"uv":[13.71429,4,13.14286,4.57143],"texture":"#0"},"west":{"uv":[12.57143,5.14286,11.42857,5.71429],"texture":"#0"},"up":{"uv":[11.42857,6.28571,12.57143,5.71429],"rotation":90,"texture":"#0"},"down":{"uv":[11.42857,6.28571,12.57143,6.85714],"rotation":270,"texture":"#0"}}},{"from":[7.459,-2.28515,8.77003],"to":[8.541,-1.30515,10.73003],"rotation":{"angle":22.5,"axis":"x","origin":[8,3.01875,8]},"faces":{"north":{"uv":[13.71429,4.57143,13.14286,5.14286],"texture":"#0"},"east":{"uv":[12.57143,6.85714,11.42857,7.42857],"texture":"#0"},"south":{"uv":[13.71429,5.14286,13.14286,5.71429],"texture":"#0"},"west":{"uv":[12.57143,7.42857,11.42857,8],"texture":"#0"},"up":{"uv":[11.42857,8.57143,12.57143,8],"rotation":90,"texture":"#0"},"down":{"uv":[11.42857,8.57143,12.57143,9.14286],"rotation":270,"texture":"#0"}}},{"from":[7.41,-0.86261,11.08421],"to":[8.59,0.60739,12.55421],"rotation":{"angle":45,"axis":"x","origin":[8,3.01875,8]},"faces":{"north":{"uv":[12.14286,11.42857,11.42857,12.28571],"texture":"#0"},"east":{"uv":[11.14286,8,10.28571,8.85714],"texture":"#0"},"south":{"uv":[12.71429,0,12,0.85714],"texture":"#0"},"west":{"uv":[10,10.28571,9.14286,11.14286],"texture":"#0"},"up":{"uv":[12,1.85714,12.85714,1.14286],"rotation":90,"texture":"#0"},"down":{"uv":[12,9.14286,12.85714,9.85714],"rotation":270,"texture":"#0"}}},{"from":[7.51,-3.09,6.37],"to":[8.49,-2.11,7.35],"rotation":{"angle":0,"axis":"y","origin":[8,3.01875,8]},"faces":{"north":{"uv":[13.71429,6.28571,13.14286,6.85714],"texture":"#0"},"east":{"uv":[13.71429,5.71429,13.14286,6.28571],"texture":"#0"},"south":{"uv":[13.71429,7.42857,13.14286,8],"texture":"#0"},"west":{"uv":[13.71429,6.85714,13.14286,7.42857],"texture":"#0"},"up":{"uv":[13.14286,8.57143,13.71429,8],"rotation":90,"texture":"#0"},"down":{"uv":[13.14286,8.57143,13.71429,9.14286],"rotation":270,"texture":"#0"}}},{"from":[7.51,-6.275,6.37],"to":[8.49,-5.295,7.35],"rotation":{"angle":0,"axis":"y","origin":[8,3.01875,8]},"faces":{"north":{"uv":[13.71429,6.28571,13.14286,6.85714],"texture":"#0"},"east":{"uv":[13.71429,5.71429,13.14286,6.28571],"texture":"#0"},"south":{"uv":[13.71429,7.42857,13.14286,8],"texture":"#0"},"west":{"uv":[13.71429,6.85714,13.14286,7.42857],"texture":"#0"},"up":{"uv":[13.14286,8.57143,13.71429,8],"rotation":90,"texture":"#0"},"down":{"uv":[13.14286,8.57143,13.71429,9.14286],"rotation":270,"texture":"#0"}}},{"from":[7.6325,-5.295,6.4925],"to":[8.3675,-3.09,7.2275],"rotation":{"angle":0,"axis":"y","origin":[8,3.01875,8]},"faces":{"north":{"uv":[13,4,12.57143,5.28571],"texture":"#0"},"east":{"uv":[13,2.28571,12.57143,3.57143],"texture":"#0"},"south":{"uv":[13,7.42857,12.57143,8.71429],"texture":"#0"},"west":{"uv":[13,5.71429,12.57143,7],"texture":"#0"},"up":{"uv":[13.71429,3.85714,14.14286,3.42857],"rotation":90,"texture":"#0"},"down":{"uv":[13.71429,4,14.14286,4.42857],"rotation":270,"texture":"#0"}}},{"from":[7.51,-3.825,6.37],"to":[8.49,-3.335,7.35],"rotation":{"angle":0,"axis":"y","origin":[8,3.01875,8]},"faces":{"north":{"uv":[14.28571,5.14286,13.71429,5.42857],"texture":"#0"},"east":{"uv":[14.28571,4.57143,13.71429,4.85714],"texture":"#0"},"south":{"uv":[14.28571,6.28571,13.71429,6.57143],"texture":"#0"},"west":{"uv":[14.28571,5.71429,13.71429,6],"texture":"#0"},"up":{"uv":[13.14286,12.57143,13.71429,12],"rotation":90,"texture":"#0"},"down":{"uv":[12.57143,13.14286,13.14286,13.71429],"rotation":270,"texture":"#0"}}},{"from":[7.5835,-7.22105,9.90405],"to":[8.4165,-5.26105,10.88405],"rotation":{"angle":22.5,"axis":"x","origin":[8,3.01875,8]},"faces":{"north":{"uv":[11.85714,12.57143,11.42857,13.71429],"texture":"#0"},"east":{"uv":[9.71429,11.42857,9.14286,12.57143],"texture":"#0"},"south":{"uv":[12.42857,12.57143,12,13.71429],"texture":"#0"},"west":{"uv":[12,9.14286,11.42857,10.28571],"texture":"#0"},"up":{"uv":[13.71429,2.71429,14.28571,2.28571],"rotation":90,"texture":"#0"},"down":{"uv":[13.71429,2.85714,14.28571,3.28571],"rotation":270,"texture":"#0"}}},{"from":[7.559,-6.34853,3.00951],"to":[8.441,-4.38853,3.98951],"rotation":{"angle":-22.5,"axis":"x","origin":[8,3.01875,8]},"faces":{"north":{"uv":[10.85714,11.42857,10.28571,12.57143],"texture":"#0"},"east":{"uv":[10.28571,11.42857,9.71429,12.57143],"texture":"#0"},"south":{"uv":[11.42857,11.42857,10.85714,12.57143],"texture":"#0"},"west":{"uv":[12,10.28571,11.42857,11.42857],"texture":"#0"},"up":{"uv":[13.14286,13.14286,13.71429,12.57143],"rotation":90,"texture":"#0"},"down":{"uv":[13.14286,13.14286,13.71429,13.71429],"rotation":270,"texture":"#0"}}},{"from":[7.461,-5.71523,13.65178],"to":[8.539,-4.24523,15.12178],"rotation":{"angle":45,"axis":"x","origin":[8,3.01875,8]},"faces":{"north":{"uv":[13.14286,12,12.57143,12.85714],"texture":"#0"},"east":{"uv":[11.14286,9.14286,10.28571,10],"texture":"#0"},"south":{"uv":[13.71429,0,13.14286,0.85714],"texture":"#0"},"west":{"uv":[11.14286,10.28571,10.28571,11.14286],"texture":"#0"},"up":{"uv":[13.14286,1.71429,14,1.14286],"rotation":90,"texture":"#0"},"down":{"uv":[13.14286,1.71429,14,2.28571],"rotation":270,"texture":"#0"}}},{"from":[8,-9.25,5.005],"to":[8,-5.925,8.715],"rotation":{"angle":0,"axis":"y","origin":[8,3.01875,8]},"faces":{"north":{"uv":[0,0,0,1.85714],"texture":"#0"},"east":{"uv":[9.14286,2.28571,11.28571,4.14285],"texture":"#0"},"south":{"uv":[0,0,0,1.85714],"texture":"#0"},"west":{"uv":[11.28571,2.28571,9.14286,4.14286],"texture":"#0"},"up":{"uv":[0,0,2.14286,0],"rotation":90,"texture":"#0"},"down":{"uv":[0,0,2.14286,0],"rotation":270,"texture":"#0"}}},{"from":[8,9.45,5.815],"to":[8,17.2,13.565],"rotation":{"angle":0,"axis":"y","origin":[8,13.425,10.39]},"faces":{"north":{"uv":[0,0,0,1.85714],"rotation":180,"texture":"#1"},"east":{"uv":[16,0,0,16],"rotation":180,"texture":"#1"},"south":{"uv":[0,0,0,1.85714],"rotation":180,"texture":"#1"},"west":{"uv":[0,0,16,16],"rotation":180,"texture":"#1"},"up":{"uv":[0,0,2.14286,0],"rotation":270,"texture":"#1"},"down":{"uv":[0,0,2.14286,0],"rotation":90,"texture":"#1"}}}],"gui_light":"front","display":{"thirdperson_righthand":{"rotation":[18,0,0],"translation":[0.25,15.5,8],"scale":[1.5,1.5,1.5]},"thirdperson_lefthand":{"rotation":[-23,130,-87],"translation":[-6.25,-8.25,7.5],"scale":[1.2,1.2,1.2]},"firstperson_righthand":{"rotation":[0,-16,0],"translation":[11.5,6.75,-5.75],"scale":[0.93672,0.93672,0.93672]},"firstperson_lefthand":{"translation":[33.25,6.75,-5.75],"scale":[0.93672,0.93672,0.93672]},"ground":{"rotation":[-45,0,0],"translation":[-0.5,11,-3.5],"scale":[0.9,0.9,0.9]},"gui":{"rotation":[-90,-45,-90],"translation":[0.5,0.75,0],"scale":[0.65203,0.65203,0.65203]},"head":{"rotation":[-61,0,0],"translation":[0,-16.25,-1.75],"scale":[0,0,0]},"fixed":{"rotation":[0,-90,0],"translation":[-3.25,19,-1.5],"scale":[2.8,2.8,2.8]}}}