{"sources":[{"source":"entity","prefix":"entity/","type":"directory"},{"type":"single","resource":"elitecreatures:fantasy_swords_v1/sword111tex"},{"type":"single","resource":"modelengine:entity/frostwhisker_otter_mount_1"},{"type":"single","resource":"ec_forgenfire:armor/jade_boots"},{"type":"single","resource":"mount_4:rpg_mount_4_texture/wyvern_inferno"},{"type":"single","resource":"mount_4:rpg_mount_4_texture/frog_permafrost"},{"type":"single","resource":"modelengine:entity/nonirpg_dio_vfx_blast"},{"type":"single","resource":"modelengine:entity/water_wheel"},{"type":"single","resource":"modelengine:entity/warrior_pierce_6"},{"type":"single","resource":"modelengine:entity/warrior_pierce_5"},{"type":"single","resource":"flame_warrior:flame_warrior_texture/flame_warrior_katana"},{"type":"single","resource":"modelengine:entity/warrior_pierce_8"},{"type":"single","resource":"modelengine:entity/warrior_pierce_7"},{"type":"single","resource":"modelengine:entity/wyvern_ender"},{"type":"single","resource":"modelengine:entity/warrior_pierce_2"},{"type":"single","resource":"modelengine:entity/warrior_pierce_1"},{"type":"single","resource":"modelengine:entity/warrior_pierce_4"},{"type":"single","resource":"modelengine:entity/warrior_pierce_3"},{"type":"single","resource":"elitecreatures:fantasy_swords_v1/sword181tex"},{"type":"single","resource":"modelengine:entity/pet_dark_knight"},{"type":"single","resource":"modelengine:entity/wyvern_green"},{"type":"single","resource":"ec_forgenfire:forgenfire_default_weapons/black_iron_axe"},{"type":"single","resource":"mount_2:rpg_mount_2_texture/horse_magma"},{"type":"single","resource":"modelengine:entity/crab_"},{"type":"single","resource":"awakened_warrior:awakened_warrior_texture/icon_relentless_whirlwind"},{"type":"single","resource":"./frag2"},{"type":"single","resource":"modelengine:entity/golem_royal"},{"type":"single","resource":"modelengine:entity/nonirpg_vfx_dio_jojo_spin"},{"type":"single","resource":"ec_forgenfire:forgenfire_default_weapons/knight_hammer"},{"type":"single","resource":"mount_2:rpg_mount_2_texture/kitsune_demonic"},{"type":"single","resource":"mount_4:rpg_mount_4_texture/frog_green"},{"type":"single","resource":"modelengine:entity/nonirpg_dio_time_stop"},{"type":"single","resource":"modelengine:entity/flowing_dance_6"},{"type":"single","resource":"modelengine:entity/flowing_dance_7"},{"type":"single","resource":"modelengine:entity/flowing_dance_4"},{"type":"single","resource":"modelengine:entity/flowing_dance_5"},{"type":"single","resource":"ec_forgenfire:forgenfire_default_weapons/jade_scythe"},{"type":"single","resource":"modelengine:entity/flowing_dance_8"},{"type":"single","resource":"modelengine:entity/capybara"},{"type":"single","resource":"elitecreatures:fantasy_swords_v1/sword03ani"},{"type":"single","resource":"_iainternal:icons/icon_arrow_chest"},{"type":"single","resource":"dominicitem:dominicitem_texture/animasispark1"},{"type":"single","resource":"ec_forgenfire:forgenfire_default/lava_still"},{"type":"single","resource":"modelengine:entity/basilisk_wild"},{"type":"single","resource":"flame_warrior:flame_warrior_texture/icon_rising_scorching_sun"},{"type":"single","resource":"pet_6:rpg_pet_2_texture/pet_martial_artist"},{"type":"single","resource":"modelengine:entity/flowing_dance_2"},{"type":"single","resource":"modelengine:entity/flowing_dance_3"},{"type":"single","resource":"ec_forgenfire:forgenfire_default/mold_base"},{"type":"single","resource":"modelengine:entity/flowing_dance_1"},{"type":"single","resource":"modelengine:entity/strike_of_fury_4"},{"type":"single","resource":"modelengine:entity/strike_of_fury_3"},{"type":"single","resource":"modelengine:entity/strike_of_fury_2"},{"type":"single","resource":"modelengine:entity/pet_reaper"},{"type":"single","resource":"modelengine:entity/strike_of_fury_1"},{"type":"single","resource":"pet_6:rpg_pet_2_texture/pet_dragon_warrior"},{"type":"single","resource":"modelengine:entity/strike_of_fury_8"},{"type":"single","resource":"modelengine:entity/strike_of_fury_7"},{"type":"single","resource":"elitecreatures:fantasy_swords_v1/sword14ani"},{"type":"single","resource":"modelengine:entity/strike_of_fury_6"},{"type":"single","resource":"modelengine:entity/strike_of_fury_5"},{"type":"single","resource":"ec_forgenfire:forgenfire_default_weapons/knight_bow"},{"type":"single","resource":"modelengine:entity/frostwhisker_otter_mount_3"},{"type":"single","resource":"modelengine:entity/frostwhisker_otter_mount_2"},{"type":"single","resource":"modelengine:entity/strike_of_fury_9"},{"type":"single","resource":"awakened_assassin:awakened_assassin_texture/icon_shadowquake"},{"type":"single","resource":"ec_forgenfire:forgenfire_default/forge_hammer"},{"type":"single","resource":"ec_forgenfire:forgenfire_default/blacksmith_anvil"},{"type":"single","resource":"modelengine:entity/nonirpg_dio_area_texture"},{"type":"single","resource":"modelengine:entity/sky_serpent_solar"},{"type":"single","resource":"elitecreatures:fantasy_swords_v1/sword201tex"},{"type":"single","resource":"ec_forgenfire:forgenfire_default_weapons/steel_helmet"},{"type":"single","resource":"modelengine:entity/vfx_dagger_spin_b_2"},{"type":"single","resource":"modelengine:entity/vfx_dagger_spin_b_1"},{"type":"single","resource":"modelengine:entity/vfx_dagger_spin_b_4"},{"type":"single","resource":"modelengine:entity/vfx_dagger_spin_b_3"},{"type":"single","resource":"modelengine:entity/vfx_dagger_spin_b_6"},{"type":"single","resource":"modelengine:entity/vfx_dagger_spin_b_5"},{"type":"single","resource":"elitecreatures:fantasy_swords_v1/sword191tex"},{"type":"single","resource":"elitecreatures:fantasy_swords_v1/sword05ani"},{"type":"single","resource":"modelengine:entity/golem_magma"},{"type":"single","resource":"modelengine:entity/vfx_dagger_spin_b_7"},{"type":"single","resource":"elitecreatures:fantasy_swords_v1/sword101tex"},{"type":"single","resource":"pet_6:rpg_pet_2_texture/pet_reaper"},{"type":"single","resource":"dominicweapon:dominicweapon_texture/redi_texture"},{"type":"single","resource":"modelengine:entity/pet_martial_artist"},{"type":"single","resource":"elitecreatures:fantasy_swords_v1/sword16ani"},{"type":"single","resource":"thunder_ronin:thunder_ronin_texture/icon_flaming_thunder_god"},{"type":"single","resource":"modelengine:entity/hippogryph_fallen"},{"type":"single","resource":"mount_3:rpg_mount_3_texture/hippogryph_crystal"},{"type":"single","resource":"modelengine:entity/mount_1"},{"type":"single","resource":"modelengine:entity/nonirpg_texture_effect"},{"type":"single","resource":"modelengine:entity/vfx_shadow_figure"},{"type":"single","resource":"elitecreatures:fantasy_swords_v1/sword041tex"},{"type":"single","resource":"modelengine:entity/stag_rune"},{"type":"single","resource":"mount_2:rpg_mount_2_texture/kitsune_mount"},{"type":"single","resource":"modelengine:entity/pet_dragon_warrior"},{"type":"single","resource":"modelengine:entity/scalpereprimordium11"},{"type":"single","resource":"modelengine:entity/salamander"},{"type":"single","resource":"modelengine:entity/vfx_dusk_dagger_trail"},{"type":"single","resource":"modelengine:entity/scalpereprimordium10"},{"type":"single","resource":"awakened_assassin:awakened_assassin_texture/icon_deadly_calm"},{"type":"single","resource":"awakened_warrior:awakened_warrior_texture/icon_brutal_combo"},{"type":"single","resource":"modelengine:entity/griffon"},{"type":"single","resource":"flame_warrior:flame_warrior_texture/icon_blazing_slash"},{"type":"single","resource":"modelengine:entity/slash_gale_10"},{"type":"single","resource":"modelengine:entity/slash_gale_11"},{"type":"single","resource":"modelengine:entity/blooming_flame_undulation"},{"type":"single","resource":"modelengine:entity/dog"},{"type":"single","resource":"ec_forgenfire:forgenfire_default_weapons/steel_crossbow"},{"type":"single","resource":"elitecreatures:fantasy_swords_v1/sword042tex"},{"type":"single","resource":"mount_4:rpg_mount_4_texture/golem_magma"},{"type":"single","resource":"ec_forgenfire:armor/black_iron_leggings"},{"type":"single","resource":"modelengine:entity/frostwhisker_otter_mount"},{"type":"single","resource":"modelengine:entity/kitsune_demonic"},{"type":"single","resource":"modelengine:entity/warrior_slash_6"},{"type":"single","resource":"modelengine:entity/warrior_slash_7"},{"type":"single","resource":"modelengine:entity/pet_ninja_samurai"},{"type":"single","resource":"modelengine:entity/warrior_slash_4"},{"type":"single","resource":"modelengine:entity/warrior_slash_5"},{"type":"single","resource":"modelengine:entity/basilisk_snowstorm"},{"type":"single","resource":"modelengine:entity/warrior_slash_8"},{"type":"single","resource":"dominicweapon:dominicweapon_texture/shiro"},{"type":"single","resource":"modelengine:entity/warrior_slash_2"},{"type":"single","resource":"modelengine:entity/vfx_rubbles"},{"type":"single","resource":"modelengine:entity/warrior_slash_3"},{"type":"single","resource":"modelengine:entity/warrior_slash_1"},{"type":"single","resource":"ec_forgenfire:forgenfire_default_weapons/black_iron_sword"},{"type":"single","resource":"modelengine:entity/blazing_slash_1"},{"type":"single","resource":"modelengine:entity/blazing_slash_2"},{"type":"single","resource":"modelengine:entity/blazing_slash_5"},{"type":"single","resource":"modelengine:entity/blazing_slash_6"},{"type":"single","resource":"modelengine:entity/pet_assassin"},{"type":"single","resource":"modelengine:entity/blazing_slash_3"},{"type":"single","resource":"modelengine:entity/blazing_slash_4"},{"type":"single","resource":"elitecreatures:fantasy_swords_v1/sword04ani"},{"type":"single","resource":"dominicitem:dominicitem_texture/luar4"},{"type":"single","resource":"modelengine:entity/blazing_slash_7"},{"type":"single","resource":"modelengine:entity/flame_tiger"},{"type":"single","resource":"dominicitem:dominicitem_texture/luar3"},{"type":"single","resource":"modelengine:entity/blazing_slash_8"},{"type":"single","resource":"dominicitem:dominicitem_texture/luar1"},{"type":"single","resource":"ec_forgenfire:forgenfire_default/mold_tools"},{"type":"single","resource":"mount_4:rpg_mount_4_texture/wyvern_ender"},{"type":"single","resource":"modelengine:entity/wyvern_inferno"},{"type":"single","resource":"modelengine:entity/flaming_thunder_slash_2"},{"type":"single","resource":"modelengine:entity/flaming_thunder_slash_1"},{"type":"single","resource":"modelengine:entity/flaming_thunder_slash_4"},{"type":"single","resource":"modelengine:entity/flaming_thunder_slash_3"},{"type":"single","resource":"modelengine:entity/flaming_thunder_slash_6"},{"type":"single","resource":"ec_forgenfire:forgenfire_default_weapons/steel_hoe"},{"type":"single","resource":"modelengine:entity/flaming_thunder_slash_5"},{"type":"single","resource":"_iainternal:icons/icon_left_blue"},{"type":"single","resource":"water_samurai:water_samurai_texture/icon_striking_tide"},{"type":"single","resource":"modelengine:entity/shadow_figure_duskblade"},{"type":"single","resource":"ec_forgenfire:armor/knight_chestplate"},{"type":"single","resource":"modelengine:entity/raptor_nightmare"},{"type":"single","resource":"thunder_ronin:thunder_ronin_texture/icon_thunder_slash"},{"type":"single","resource":"modelengine:entity/stag_void"},{"type":"single","resource":"modelengine:entity/phoenix_light"},{"type":"single","resource":"ec_forgenfire:armor/steel_boots"},{"type":"single","resource":"modelengine:entity/fox_3"},{"type":"single","resource":"elitecreatures:fantasy_swords_v1/sword051tex"},{"type":"single","resource":"modelengine:entity/fox_1"},{"type":"single","resource":"modelengine:entity/fox_2"},{"type":"single","resource":"ec_forgenfire:forgenfire_default/tong"},{"type":"single","resource":"modelengine:entity/rising_scorching_sun_4"},{"type":"single","resource":"modelengine:entity/rising_scorching_sun_5"},{"type":"single","resource":"modelengine:entity/rising_scorching_sun_6"},{"type":"single","resource":"modelengine:entity/rising_scorching_sun_7"},{"type":"single","resource":"modelengine:entity/rising_scorching_sun_8"},{"type":"single","resource":"ec_forgenfire:forgenfire_default/forger"},{"type":"single","resource":"modelengine:entity/warrior_spinning_slash_7"},{"type":"single","resource":"modelengine:entity/warrior_spinning_slash_8"},{"type":"single","resource":"modelengine:entity/warrior_spinning_slash_5"},{"type":"single","resource":"modelengine:entity/crow"},{"type":"single","resource":"modelengine:entity/warrior_spinning_slash_6"},{"type":"single","resource":"elitecreatures:fantasy_swords_v1/sword06ani"},{"type":"single","resource":"modelengine:entity/warrior_spinning_slash_3"},{"type":"single","resource":"modelengine:entity/rising_scorching_sun_1"},{"type":"single","resource":"modelengine:entity/warrior_spinning_slash_4"},{"type":"single","resource":"modelengine:entity/rising_scorching_sun_2"},{"type":"single","resource":"modelengine:entity/warrior_spinning_slash_1"},{"type":"single","resource":"modelengine:entity/rising_scorching_sun_3"},{"type":"single","resource":"modelengine:entity/warrior_spinning_slash_2"},{"type":"single","resource":"modelengine:entity/striking_tide_1"},{"type":"single","resource":"dominicweapon:dominicweapon_texture/reine_bilah"},{"type":"single","resource":"modelengine:entity/partical_inknowing_fire_11"},{"type":"single","resource":"modelengine:entity/striking_tide_2"},{"type":"single","resource":"modelengine:entity/striking_tide_3"},{"type":"single","resource":"modelengine:entity/striking_tide_4"},{"type":"single","resource":"awakened_assassin:awakened_assassin_texture/icon_lethal_combo"},{"type":"single","resource":"modelengine:entity/partical_inknowing_fire_10"},{"type":"single","resource":"modelengine:entity/striking_tide_5"},{"type":"single","resource":"modelengine:entity/wolfhawk_stormcloud"},{"type":"single","resource":"ec_forgenfire:forgenfire_default_weapons/jade_helmet"},{"type":"single","resource":"modelengine:entity/striking_tide_6"},{"type":"single","resource":"elitecreatures:fantasy_swords_v1/sword052tex"},{"type":"single","resource":"modelengine:entity/striking_tide_7"},{"type":"single","resource":"mount_3:rpg_mount_3_texture/raptor_nightmare"},{"type":"single","resource":"mount_2:rpg_mount_2_texture/phantom_ender"},{"type":"single","resource":"elitecreatures:fantasy_swords_v1/sword17ani"},{"type":"single","resource":"flame_warrior:flame_warrior_texture/icon_blazing_universe"},{"type":"single","resource":"modelengine:entity/berserker_leap_13"},{"type":"single","resource":"modelengine:entity/inknowing_fire_10"},{"type":"single","resource":"modelengine:entity/inknowing_fire_11"},{"type":"single","resource":"dominicweapon:dominicweapon_texture/dom_eff_02"},{"type":"single","resource":"dominicweapon:dominicweapon_texture/dom_eff_01"},{"type":"single","resource":"modelengine:entity/vfx_dagger_spin_5"},{"type":"single","resource":"modelengine:entity/berserker_leap_10"},{"type":"single","resource":"modelengine:entity/vfx_dagger_spin_4"},{"type":"single","resource":"thunder_ronin:thunder_ronin_texture/icon_flashstorm_reversal"},{"type":"single","resource":"modelengine:entity/berserker_leap_11"},{"type":"single","resource":"modelengine:entity/vfx_dagger_spin_7"},{"type":"single","resource":"modelengine:entity/berserker_leap_12"},{"type":"single","resource":"modelengine:entity/vfx_dagger_spin_6"},{"type":"single","resource":"modelengine:entity/warrior_effect1_5"},{"type":"single","resource":"modelengine:entity/frog_green"},{"type":"single","resource":"modelengine:entity/sky_serpent_magma"},{"type":"single","resource":"modelengine:entity/vfx_dagger_spin_1"},{"type":"single","resource":"flame_warrior:flame_warrior_texture/icon_blazing_spirit"},{"type":"single","resource":"modelengine:entity/warrior_effect1_6"},{"type":"single","resource":"modelengine:entity/kitsune"},{"type":"single","resource":"modelengine:entity/warrior_effect1_7"},{"type":"single","resource":"modelengine:entity/vfx_dagger_spin_3"},{"type":"single","resource":"modelengine:entity/warrior_effect1_8"},{"type":"single","resource":"modelengine:entity/pet_warrior"},{"type":"single","resource":"modelengine:entity/vfx_dagger_spin_2"},{"type":"single","resource":"modelengine:entity/warrior_effect1_1"},{"type":"single","resource":"modelengine:entity/warrior_effect1_2"},{"type":"single","resource":"modelengine:entity/warrior_effect1_3"},{"type":"single","resource":"modelengine:entity/warrior_effect1_4"},{"type":"single","resource":"thunder_ronin:thunder_ronin_texture/icon_thunderous_barrage"},{"type":"single","resource":"dominicweapon:dominicweapon_texture/shiro_eye"},{"type":"single","resource":"modelengine:entity/vfx_shadow_figure1"},{"type":"single","resource":"pet_6:rpg_pet_2_texture/fx_slash_black_1"},{"type":"single","resource":"modelengine:entity/vfx_hit_critical_1"},{"type":"single","resource":"modelengine:entity/vfx_shadow_figure2"},{"type":"single","resource":"pet_6:rpg_pet_2_texture/fx_slash_black_2"},{"type":"single","resource":"modelengine:entity/vfx_hit_critical_2"},{"type":"single","resource":"elitecreatures:fantasy_swords_v1/sword131tex"},{"type":"single","resource":"pet_6:rpg_pet_2_texture/fx_slash_black_3"},{"type":"single","resource":"modelengine:entity/vfx_hit_critical_3"},{"type":"single","resource":"modelengine:entity/vfx_hit_critical_4"},{"type":"single","resource":"modelengine:entity/vfx_shadow_figure5"},{"type":"single","resource":"modelengine:entity/vfx_hit_critical_5"},{"type":"single","resource":"modelengine:entity/vfx_hit_critical_6"},{"type":"single","resource":"modelengine:entity/vfx_shadow_figure3"},{"type":"single","resource":"mount_4:rpg_mount_4_texture/wyvern_green"},{"type":"single","resource":"water_samurai:water_samurai_texture/icon_whirlpool"},{"type":"single","resource":"modelengine:entity/vfx_ground_crack_2"},{"type":"single","resource":"modelengine:entity/vfx_ground_crack_1"},{"type":"single","resource":"modelengine:entity/vfx_ground_crack_4"},{"type":"single","resource":"modelengine:entity/vfx_ground_crack_3"},{"type":"single","resource":"modelengine:entity/vfx_ground_crack_5"},{"type":"single","resource":"ec_forgenfire:forgenfire_default_weapons/black_iron_hoe"},{"type":"single","resource":"mount_2:rpg_mount_2_texture/phantom_ghost"},{"type":"single","resource":"ec_forgenfire:armor/amethyst_boots"},{"type":"single","resource":"elitecreatures:fantasy_swords_v1/sword151ani"},{"type":"single","resource":"modelengine:entity/vfx_dusk_slash_4"},{"type":"single","resource":"modelengine:entity/vfx_dusk_slash_5"},{"type":"single","resource":"water_samurai:water_samurai_texture/icon_constant_flux"},{"type":"single","resource":"modelengine:entity/vfx_dusk_slash_6"},{"type":"single","resource":"modelengine:entity/vfx_dusk_slash_7"},{"type":"single","resource":"elitecreatures:fantasy_swords_v1/sword19ani"},{"type":"single","resource":"ec_forgenfire:forgenfire_default_weapons/jade_shovel"},{"type":"single","resource":"mount_4:rpg_mount_4_texture/wolfhawk_fallen"},{"type":"single","resource":"ec_forgenfire:forgenfire_default_weapons/amethyst_bow"},{"type":"single","resource":"water_samurai:water_samurai_texture/water_samurai_katana"},{"type":"single","resource":"modelengine:entity/horse_spartan"},{"type":"single","resource":"modelengine:entity/thunder_slash_1"},{"type":"single","resource":"pet_6:rpg_pet_2_texture/fx_slash_black_4"},{"type":"single","resource":"pet_6:rpg_pet_2_texture/fx_slash_black_5"},{"type":"single","resource":"pet_6:rpg_pet_2_texture/fx_slash_black_6"},{"type":"single","resource":"mount_4:rpg_mount_4_texture/golem_corrupted"},{"type":"single","resource":"modelengine:entity/thunder_slash_6"},{"type":"single","resource":"awakened_warrior:awakened_warrior_texture/icon_vicious_strike"},{"type":"single","resource":"ec_forgenfire:forgenfire_default_weapons/steel_katana"},{"type":"single","resource":"modelengine:entity/thunder_slash_3"},{"type":"single","resource":"modelengine:entity/thunder_slash_2"},{"type":"single","resource":"modelengine:entity/vfx_dusk_slash_1"},{"type":"single","resource":"modelengine:entity/thunder_slash_5"},{"type":"single","resource":"modelengine:entity/vfx_dusk_slash_2"},{"type":"single","resource":"modelengine:entity/thunder_slash_4"},{"type":"single","resource":"modelengine:entity/vfx_dusk_slash_3"},{"type":"single","resource":"elitecreatures:fantasy_swords_v1/sword01tex"},{"type":"single","resource":"modelengine:entity/wolfhawk_fullmoon"},{"type":"single","resource":"modelengine:entity/thunderclap_and_flash_7"},{"type":"single","resource":"modelengine:entity/nonirpg_tinju_ring_3"},{"type":"single","resource":"modelengine:entity/nonirpg_tinju_ring_2"},{"type":"single","resource":"mount_2:rpg_mount_2_texture/capybara"},{"type":"single","resource":"modelengine:entity/nonirpg_tinju_ring_1"},{"type":"single","resource":"ec_forgenfire:armor/jade_chestplate"},{"type":"single","resource":"ec_forgenfire:armor/steel_chestplate"},{"type":"single","resource":"elitecreatures:fantasy_swords_v1/sword062tex"},{"type":"single","resource":"ec_forgenfire:forgenfire_default_weapons/knight_axe"},{"type":"single","resource":"dominicitem:dominicitem_texture/fire_texture"},{"type":"single","resource":"modelengine:entity/water_dragon"},{"type":"single","resource":"modelengine:entity/frog_permafrost"},{"type":"single","resource":"modelengine:entity/hippogryph_crystal"},{"type":"single","resource":"mount_3:rpg_mount_3_texture/hippogryph_fallen"},{"type":"single","resource":"modelengine:entity/flaming_thunder_dash_6"},{"type":"single","resource":"modelengine:entity/flaming_thunder_dash_7"},{"type":"single","resource":"modelengine:entity/shadow_figure_duskblade5"},{"type":"single","resource":"awakened_warrior:awakened_warrior_texture/awakened_warrior_brutesword"},{"type":"single","resource":"dominicweapon:dominicweapon_texture/redi_eff_01"},{"type":"single","resource":"mount_3:rpg_mount_3_texture/stag_void"},{"type":"single","resource":"modelengine:entity/shadow_figure_duskblade2"},{"type":"single","resource":"modelengine:entity/shadow_figure_duskblade3"},{"type":"single","resource":"modelengine:entity/slash_gale_2"},{"type":"single","resource":"modelengine:entity/slash_gale_1"},{"type":"single","resource":"modelengine:entity/shadow_figure_duskblade1"},{"type":"single","resource":"dominicweapon:dominicweapon_texture/dom_texture"},{"type":"single","resource":"modelengine:entity/slash_gale_4"},{"type":"single","resource":"modelengine:entity/slash_gale_3"},{"type":"single","resource":"modelengine:entity/slash_gale_6"},{"type":"single","resource":"modelengine:entity/slash_gale_5"},{"type":"single","resource":"modelengine:entity/slash_gale_8"},{"type":"single","resource":"modelengine:entity/slash_gale_7"},{"type":"single","resource":"modelengine:entity/wyvern_undead"},{"type":"single","resource":"thunder_ronin:thunder_ronin_texture/thunder_ronin_katana"},{"type":"single","resource":"modelengine:entity/slash_gale_9"},{"type":"single","resource":"ec_forgenfire:forgenfire_default_weapons/steel_shovel"},{"type":"single","resource":"modelengine:entity/thunderclap_and_flash_2"},{"type":"single","resource":"modelengine:entity/thunderclap_and_flash_1"},{"type":"single","resource":"elitecreatures:fantasy_swords_v1/sword061tex"},{"type":"single","resource":"modelengine:entity/thunderclap_and_flash_4"},{"type":"single","resource":"modelengine:entity/thunderclap_and_flash_3"},{"type":"single","resource":"modelengine:entity/thunderclap_and_flash_6"},{"type":"single","resource":"elitecreatures:fantasy_swords_v1/sword07ani"},{"type":"single","resource":"modelengine:entity/thunderclap_and_flash_5"},{"type":"single","resource":"modelengine:entity/flaming_thunder_dash_1"},{"type":"single","resource":"modelengine:entity/flaming_thunder_dash_2"},{"type":"single","resource":"dominicweapon:dominicweapon_texture/redi_eff_02"},{"type":"single","resource":"modelengine:entity/flaming_thunder_dash_3"},{"type":"single","resource":"modelengine:entity/flaming_thunder_dash_4"},{"type":"single","resource":"modelengine:entity/flaming_thunder_dash_5"},{"type":"single","resource":"modelengine:entity/wolfhawk_dire"},{"type":"single","resource":"elitecreatures:fantasy_swords_v1/sword18ani"},{"type":"single","resource":"dominicitem:dominicitem_texture/animasifire1"},{"type":"single","resource":"_iainternal:icons/icon_right_blue"},{"type":"single","resource":"ec_forgenfire:forgenfire_default_weapons/amethyst_helmet"},{"type":"single","resource":"mount_3:rpg_mount_3_texture/hippogryph_royal"},{"type":"single","resource":"mount_3:rpg_mount_3_texture/hippogryph_common"},{"type":"single","resource":"elitecreatures:fantasy_swords_v1/sword121tex"},{"type":"single","resource":"mount_2:rpg_mount_2_texture/horse_unicorn"},{"type":"single","resource":"./luar"},{"type":"single","resource":"mount_2:rpg_mount_2_texture/phoenix_flame"},{"type":"single","resource":"mount_3:rpg_mount_3_texture/basilisk_snowstorm"},{"type":"single","resource":"mount_4:rpg_mount_4_texture/wolfhawk_stormcloud"},{"type":"single","resource":"modelengine:entity/horse_pegasus"},{"type":"single","resource":"mount_2:rpg_mount_2_texture/kitsune_inferno"},{"type":"single","resource":"modelengine:entity/frog_royal"},{"type":"single","resource":"ec_forgenfire:armor/steel_leggings"},{"type":"single","resource":"ec_forgenfire:forgenfire_default/molten_tray"},{"type":"single","resource":"modelengine:entity/fox_"},{"type":"single","resource":"elitecreatures:fantasy_swords_v1/sword09ani"},{"type":"single","resource":"modelengine:entity/lightning_reflex_4"},{"type":"single","resource":"modelengine:entity/impact_white"},{"type":"single","resource":"modelengine:entity/lightning_reflex_3"},{"type":"single","resource":"modelengine:entity/lightning_reflex_2"},{"type":"single","resource":"modelengine:entity/lightning_reflex_1"},{"type":"single","resource":"mount_3:rpg_mount_3_texture/sky_serpent_solar"},{"type":"single","resource":"mount_4:rpg_mount_4_texture/wolfhawk_fullmoon"},{"type":"single","resource":"modelengine:entity/phoenix_thunder"},{"type":"single","resource":"modelengine:entity/lightning_reflex_5"},{"type":"single","resource":"pet_6:rpg_pet_2_texture/pet_dark_knight"},{"type":"single","resource":"elitecreatures:fantasy_swords_v1/sword17idle"},{"type":"single","resource":"_iainternal:icons/icon_next_orange"},{"type":"single","resource":"mount_2:rpg_mount_2_texture/horse_glacial"},{"type":"single","resource":"elitecreatures:fantasy_swords_v1/sword072tex"},{"type":"single","resource":"ec_forgenfire:forgenfire_default_weapons/black_iron_pickaxe"},{"type":"single","resource":"flame_warrior:flame_warrior_texture/icon_flame_tiger"},{"type":"single","resource":"modelengine:entity/tusker_demonic"},{"type":"single","resource":"dominicweapon:dominicweapon_texture/dom_texture1"},{"type":"single","resource":"modelengine:entity/fx_dragon_soul"},{"type":"single","resource":"modelengine:entity/inknowing_fire_6"},{"type":"single","resource":"modelengine:entity/inknowing_fire_5"},{"type":"single","resource":"modelengine:entity/inknowing_fire_4"},{"type":"single","resource":"modelengine:entity/inknowing_fire_3"},{"type":"single","resource":"modelengine:entity/inknowing_fire_2"},{"type":"single","resource":"modelengine:entity/vfx_dash_impact_8"},{"type":"single","resource":"modelengine:entity/inknowing_fire_1"},{"type":"single","resource":"modelengine:entity/vfx_dash_impact_9"},{"type":"single","resource":"modelengine:entity/vfx_dash_impact_4"},{"type":"single","resource":"ec_forgenfire:forgenfire_default_weapons/black_iron_shovel"},{"type":"single","resource":"modelengine:entity/vfx_dash_impact_5"},{"type":"single","resource":"modelengine:entity/vfx_dash_impact_6"},{"type":"single","resource":"modelengine:entity/vfx_dash_impact_7"},{"type":"single","resource":"modelengine:entity/inknowing_fire_9"},{"type":"single","resource":"modelengine:entity/vfx_dash_impact_1"},{"type":"single","resource":"modelengine:entity/inknowing_fire_8"},{"type":"single","resource":"modelengine:entity/vfx_dash_impact_2"},{"type":"single","resource":"modelengine:entity/inknowing_fire_7"},{"type":"single","resource":"modelengine:entity/vfx_dash_impact_3"},{"type":"single","resource":"ec_forgenfire:forgenfire_default_weapons/amethyst_pickaxe"},{"type":"single","resource":"water_samurai:water_samurai_texture/icon_splashing_water_flow"},{"type":"single","resource":"elitecreatures:fantasy_swords_v1/sword02tex"},{"type":"single","resource":"mount_3:rpg_mount_3_texture/stag_heavenly"},{"type":"single","resource":"elitecreatures:fantasy_swords_v1/sword071tex"},{"type":"single","resource":"modelengine:entity/horse_glacial"},{"type":"single","resource":"modelengine:entity/pet_paladin"},{"type":"single","resource":"_iainternal:icons/icon_cancel"},{"type":"single","resource":"elitecreatures:fantasy_swords_v1/sword151tex"},{"type":"single","resource":"ec_forgenfire:forgenfire_default_weapons/knight_helmet"},{"type":"single","resource":"modelengine:entity/flame_impact_2"},{"type":"single","resource":"modelengine:entity/flame_impact_3"},{"type":"single","resource":"modelengine:entity/flame_impact_1"},{"type":"single","resource":"modelengine:entity/flame_impact_6"},{"type":"single","resource":"modelengine:entity/red_tiger"},{"type":"single","resource":"modelengine:entity/flame_impact_4"},{"type":"single","resource":"modelengine:entity/flame_impact_5"},{"type":"single","resource":"modelengine:entity/primordium_wings"},{"type":"single","resource":"elitecreatures:fantasy_swords_v1/sword20ani"},{"type":"single","resource":"modelengine:entity/nonirpg_powerup"},{"type":"single","resource":"ec_forgenfire:armor/amethyst_chestplate"},{"type":"single","resource":"modelengine:entity/nonirpg_dio_blast_vfx"},{"type":"single","resource":"ec_forgenfire:forgenfire_default_weapons/knight_shield"},{"type":"single","resource":"elitecreatures:fantasy_swords_v1/sword08ani"},{"type":"single","resource":"modelengine:entity/soulpiercer_slash6"},{"type":"single","resource":"modelengine:entity/soulpiercer_slash7"},{"type":"single","resource":"water_samurai:water_samurai_texture/icon_water_wheel"},{"type":"single","resource":"modelengine:entity/soulpiercer_slash4"},{"type":"single","resource":"modelengine:entity/soulpiercer_slash5"},{"type":"single","resource":"modelengine:entity/soulpiercer_slash2"},{"type":"single","resource":"modelengine:entity/soulpiercer_slash3"},{"type":"single","resource":"mount_4:rpg_mount_4_texture/tusker_dreamlight"},{"type":"single","resource":"modelengine:entity/soulpiercer_slash1"},{"type":"single","resource":"modelengine:entity/blazing_universe"},{"type":"single","resource":"pet_6:rpg_pet_2_texture/pet_warrior"},{"type":"single","resource":"modelengine:entity/tusker_forest"},{"type":"single","resource":"flame_warrior:flame_warrior_texture/icon_unknowing_fire"},{"type":"single","resource":"awakened_assassin:awakened_assassin_texture/icon_death_bloom"},{"type":"single","resource":"modelengine:entity/bear_"},{"type":"single","resource":"modelengine:entity/white_tiger"},{"type":"single","resource":"modelengine:entity/nonirpg_roadroller"},{"type":"single","resource":"elitecreatures:fantasy_swords_v1/sword11ani"},{"type":"single","resource":"pet_6:rpg_pet_2_texture/pet_assassin"},{"type":"single","resource":"elitecreatures:fantasy_swords_v1/sword082tex"},{"type":"single","resource":"ec_forgenfire:forgenfire_default_weapons/steel_bow"},{"type":"single","resource":"modelengine:entity/hippogryph_common"},{"type":"single","resource":"modelengine:entity/tusker_dreamlight"},{"type":"single","resource":"ec_forgenfire:forgenfire_default_weapons/jade_axe"},{"type":"single","resource":"modelengine:entity/dragon_3"},{"type":"single","resource":"ec_forgenfire:armor/knight_leggings"},{"type":"single","resource":"ec_forgenfire:forgenfire_default_weapons/knight_sword"},{"type":"single","resource":"awakened_warrior:awakened_warrior_texture/icon_bloodbound_barrier"},{"type":"single","resource":"modelengine:entity/dragon_2"},{"type":"single","resource":"awakened_assassin:awakened_assassin_texture/icon_crimson_arc"},{"type":"single","resource":"modelengine:entity/dragon_1"},{"type":"single","resource":"mount_4:rpg_mount_4_texture/golem_arcane"},{"type":"single","resource":"modelengine:entity/hippogryph_royal"},{"type":"single","resource":"modelengine:entity/sky_serpent_jade"},{"type":"single","resource":"mount_2:rpg_mount_2_texture/phoenix_darkflame"},{"type":"single","resource":"thunder_ronin:thunder_ronin_texture/icon_thunderclap_and_flash"},{"type":"single","resource":"pet_6:rpg_pet_2_texture/pet_paladin"},{"type":"single","resource":"water_samurai:water_samurai_texture/icon_water_surface_slash"},{"type":"single","resource":"mount_3:rpg_mount_3_texture/basilisk_obsidian"},{"type":"single","resource":"modelengine:entity/stag_heavenly"},{"type":"single","resource":"modelengine:entity/vfx_dusk_cut"},{"type":"single","resource":"modelengine:entity/vfx_dusk_dash_2"},{"type":"single","resource":"modelengine:entity/vfx_dusk_pierce_8"},{"type":"single","resource":"modelengine:entity/awakened_warrior_brutesword_red"},{"type":"single","resource":"modelengine:entity/vfx_dusk_dash_1"},{"type":"single","resource":"modelengine:entity/vfx_dusk_pierce_7"},{"type":"single","resource":"modelengine:entity/vfx_dusk_pierce_6"},{"type":"single","resource":"dominicitem:dominicitem_texture/frag1"},{"type":"single","resource":"modelengine:entity/vfx_dusk_pierce_5"},{"type":"single","resource":"dominicitem:dominicitem_texture/frag4"},{"type":"single","resource":"modelengine:entity/strike_of_fury_13"},{"type":"single","resource":"dominicitem:dominicitem_texture/frag3"},{"type":"single","resource":"modelengine:entity/strike_of_fury_12"},{"type":"single","resource":"modelengine:entity/strike_of_fury_11"},{"type":"single","resource":"modelengine:entity/strike_of_fury_10"},{"type":"single","resource":"modelengine:entity/vfx_dusk_pierce_9"},{"type":"single","resource":"nonirpg_dio_jojo:nonirpg_dio_jojo_texture/nonirpg_gauntlet_of_times"},{"type":"single","resource":"pet_6:rpg_pet_2_texture/fx_slash_purple_2"},{"type":"single","resource":"pet_6:rpg_pet_2_texture/fx_slash_purple_1"},{"type":"single","resource":"pet_6:rpg_pet_2_texture/fx_slash_purple_6"},{"type":"single","resource":"awakened_warrior:awakened_warrior_texture/icon_bulwark_instinct"},{"type":"single","resource":"pet_6:rpg_pet_2_texture/fx_slash_purple_5"},{"type":"single","resource":"pet_6:rpg_pet_2_texture/fx_slash_purple_4"},{"type":"single","resource":"pet_6:rpg_pet_2_texture/fx_slash_purple_3"},{"type":"single","resource":"ec_forgenfire:forgenfire_default_weapons/black_iron_fishing_rod"},{"type":"single","resource":"modelengine:entity/axolottle"},{"type":"single","resource":"mount_3:rpg_mount_3_texture/sky_serpent_magma"},{"type":"single","resource":"elitecreatures:fantasy_swords_v1/sword141tex"},{"type":"single","resource":"mount_4:rpg_mount_4_texture/tusker_forest"},{"type":"single","resource":"ec_forgenfire:forgenfire_default_weapons/steel_trident"},{"type":"single","resource":"modelengine:entity/splashing_water_flow_6"},{"type":"single","resource":"modelengine:entity/splashing_water_flow_7"},{"type":"single","resource":"modelengine:entity/splashing_water_flow_4"},{"type":"single","resource":"modelengine:entity/splashing_water_flow_5"},{"type":"single","resource":"elitecreatures:fantasy_swords_v1/sword03tex"},{"type":"single","resource":"modelengine:entity/splashing_water_flow_2"},{"type":"single","resource":"modelengine:entity/splashing_water_flow_3"},{"type":"single","resource":"ec_forgenfire:forgenfire_default_weapons/amethyst_spear"},{"type":"single","resource":"_iainternal:icons/icon_search"},{"type":"single","resource":"modelengine:entity/splashing_water_flow_1"},{"type":"single","resource":"elitecreatures:fantasy_swords_v1/sword10ani"},{"type":"single","resource":"ec_forgenfire:armor/jade_leggings"},{"type":"single","resource":"modelengine:entity/golem_corrupted"},{"type":"single","resource":"mount_3:rpg_mount_3_texture/sky_serpent_spectral"},{"type":"single","resource":"modelengine:entity/water_surface_slash_3"},{"type":"single","resource":"modelengine:entity/water_surface_slash_4"},{"type":"single","resource":"modelengine:entity/water_surface_slash_1"},{"type":"single","resource":"awakened_warrior:awakened_warrior_texture/icon_strike_of_fury"},{"type":"single","resource":"elitecreatures:fantasy_swords_v1/sword081tex"},{"type":"single","resource":"modelengine:entity/water_surface_slash_2"},{"type":"single","resource":"modelengine:entity/vfx_dusk_pierce_4"},{"type":"single","resource":"modelengine:entity/water_surface_slash_7"},{"type":"single","resource":"modelengine:entity/vfx_dusk_pierce_3"},{"type":"single","resource":"modelengine:entity/water_surface_slash_8"},{"type":"single","resource":"modelengine:entity/splashing_water_flow_8"},{"type":"single","resource":"modelengine:entity/vfx_dusk_pierce_2"},{"type":"single","resource":"modelengine:entity/water_surface_slash_5"},{"type":"single","resource":"modelengine:entity/vfx_dusk_pierce_1"},{"type":"single","resource":"modelengine:entity/water_surface_slash_6"},{"type":"single","resource":"pet_6:rpg_pet_2_texture/pet_ninja_samurai"},{"type":"single","resource":"awakened_assassin:awakened_assassin_texture/icon_ravaging_dash"},{"type":"single","resource":"modelengine:entity/sky_serpent_spectral"},{"type":"single","resource":"modelengine:entity/constant_flux_5"},{"type":"single","resource":"flame_warrior:flame_warrior_texture/icon_blooming_flame_undulation"},{"type":"single","resource":"modelengine:entity/constant_flux_4"},{"type":"single","resource":"modelengine:entity/constant_flux_7"},{"type":"single","resource":"modelengine:entity/constant_flux_6"},{"type":"single","resource":"ec_forgenfire:forgenfire_default_weapons/amethyst_hoe"},{"type":"single","resource":"modelengine:entity/constant_flux_1"},{"type":"single","resource":"modelengine:entity/stag_demonic"},{"type":"single","resource":"elitecreatures:fantasy_swords_v1/sword092tex"},{"type":"single","resource":"modelengine:entity/vfx_dusk_dagger"},{"type":"single","resource":"modelengine:entity/constant_flux_3"},{"type":"single","resource":"ec_forgenfire:forgenfire_default_weapons/amethyst_sword"},{"type":"single","resource":"modelengine:entity/constant_flux_2"},{"type":"single","resource":"modelengine:entity/thunder_strike_9"},{"type":"single","resource":"modelengine:entity/crab_3"},{"type":"single","resource":"modelengine:entity/crab_2"},{"type":"single","resource":"modelengine:entity/thunder_strike_6"},{"type":"single","resource":"modelengine:entity/nonirpg_dio_crack_impact_vfx"},{"type":"single","resource":"modelengine:entity/thunder_strike_5"},{"type":"single","resource":"awakened_assassin:awakened_assassin_texture/shadow_assassin_duskblade"},{"type":"single","resource":"modelengine:entity/horse_magma"},{"type":"single","resource":"modelengine:entity/thunder_strike_8"},{"type":"single","resource":"modelengine:entity/thunder_strike_7"},{"type":"single","resource":"ec_forgenfire:forgenfire_default_weapons/steel_scythe"},{"type":"single","resource":"awakened_warrior:awakened_warrior_texture/icon_berserkers_leap"},{"type":"single","resource":"ec_forgenfire:forgenfire_default_weapons/black_iron_helmet"},{"type":"single","resource":"modelengine:entity/thunderous_barrage"},{"type":"single","resource":"modelengine:entity/partical_blazing_1"},{"type":"single","resource":"elitecreatures:fantasy_swords_v1/sword01ani"},{"type":"single","resource":"mount_3:rpg_mount_3_texture/stag_demonic"},{"type":"single","resource":"modelengine:entity/partical_blazing_8"},{"type":"single","resource":"modelengine:entity/nonirpg_dio_strike_6"},{"type":"single","resource":"modelengine:entity/nonirpg_dio_strike_5"},{"type":"single","resource":"mount_2:rpg_mount_2_texture/horse_spartan"},{"type":"single","resource":"modelengine:entity/partical_blazing_6"},{"type":"single","resource":"modelengine:entity/nonirpg_dio_strike_8"},{"type":"single","resource":"modelengine:entity/partical_blazing_7"},{"type":"single","resource":"modelengine:entity/nonirpg_dio_strike_7"},{"type":"single","resource":"modelengine:entity/partical_blazing_4"},{"type":"single","resource":"modelengine:entity/crab_1"},{"type":"single","resource":"modelengine:entity/nonirpg_dio_strike_2"},{"type":"single","resource":"modelengine:entity/partical_blazing_5"},{"type":"single","resource":"modelengine:entity/nonirpg_dio_strike_1"},{"type":"single","resource":"modelengine:entity/partical_blazing_2"},{"type":"single","resource":"modelengine:entity/nonirpg_dio_strike_4"},{"type":"single","resource":"modelengine:entity/partical_blazing_3"},{"type":"single","resource":"modelengine:entity/nonirpg_dio_strike_3"},{"type":"single","resource":"modelengine:entity/basilisk_obsidian"},{"type":"single","resource":"ec_forgenfire:armor/black_iron_boots"},{"type":"single","resource":"modelengine:entity/constant_flux_9"},{"type":"single","resource":"elitecreatures:fantasy_swords_v1/sword12ani"},{"type":"single","resource":"modelengine:entity/constant_flux_8"},{"type":"single","resource":"awakened_warrior_texture/awakened_warrior_brutesword_red"},{"type":"single","resource":"modelengine:entity/phantom_ender"},{"type":"single","resource":"ec_forgenfire:forgenfire_default_weapons/jade_pickaxe"},{"type":"single","resource":"pet_6:rpg_pet_2_texture/fx_slash_red_1"},{"type":"single","resource":"modelengine:entity/thrust_gale_6"},{"type":"single","resource":"modelengine:entity/thrust_gale_7"},{"type":"single","resource":"modelengine:entity/thrust_gale_8"},{"type":"single","resource":"modelengine:entity/tenebra_primordium_6"},{"type":"single","resource":"modelengine:entity/thrust_gale_9"},{"type":"single","resource":"modelengine:entity/tenebra_primordium_7"},{"type":"single","resource":"modelengine:entity/thrust_gale_2"},{"type":"single","resource":"modelengine:entity/thrust_gale_3"},{"type":"single","resource":"modelengine:entity/thrust_gale_4"},{"type":"single","resource":"mount_4:rpg_mount_4_texture/golem_royal"},{"type":"single","resource":"modelengine:entity/berserker_leap_1"},{"type":"single","resource":"modelengine:entity/thrust_gale_5"},{"type":"single","resource":"modelengine:entity/berserker_leap_2"},{"type":"single","resource":"modelengine:entity/berserker_leap_3"},{"type":"single","resource":"modelengine:entity/partical_inknowing_fire_1"},{"type":"single","resource":"modelengine:entity/tenebra_primordium_1"},{"type":"single","resource":"ec_forgenfire:forgenfire_default_weapons/jade_shield"},{"type":"single","resource":"modelengine:entity/berserker_leap_4"},{"type":"single","resource":"pet_6:rpg_pet_2_texture/fx_slash_red_6"},{"type":"single","resource":"modelengine:entity/berserker_leap_5"},{"type":"single","resource":"modelengine:entity/thrust_gale_1"},{"type":"single","resource":"modelengine:entity/wolfhawk_fallen"},{"type":"single","resource":"pet_6:rpg_pet_2_texture/fx_slash_red_5"},{"type":"single","resource":"modelengine:entity/berserker_leap_6"},{"type":"single","resource":"modelengine:entity/tenebra_primordium_4"},{"type":"single","resource":"pet_6:rpg_pet_2_texture/fx_slash_red_4"},{"type":"single","resource":"modelengine:entity/berserker_leap_7"},{"type":"single","resource":"modelengine:entity/tenebra_primordium_5"},{"type":"single","resource":"pet_6:rpg_pet_2_texture/fx_slash_red_3"},{"type":"single","resource":"modelengine:entity/berserker_leap_8"},{"type":"single","resource":"modelengine:entity/tenebra_primordium_2"},{"type":"single","resource":"pet_6:rpg_pet_2_texture/fx_slash_red_2"},{"type":"single","resource":"thunder_ronin:thunder_ronin_texture/icon_lightning_reflex"},{"type":"single","resource":"modelengine:entity/berserker_leap_9"},{"type":"single","resource":"modelengine:entity/tenebra_primordium_3"},{"type":"single","resource":"ec_forgenfire:armor/black_iron_chestplate"},{"type":"single","resource":"mount_3:rpg_mount_3_texture/raptor_red"},{"type":"single","resource":"mount_4:rpg_mount_4_texture/tusker_demonic"},{"type":"single","resource":"ec_forgenfire:forgenfire_default/tray"},{"type":"single","resource":"thunder_ronin:thunder_ronin_texture/icon_crackling_skyfall"},{"type":"single","resource":"modelengine:entity/thunder_strike_2"},{"type":"single","resource":"modelengine:entity/thunder_strike_1"},{"type":"single","resource":"modelengine:entity/thunder_strike_4"},{"type":"single","resource":"modelengine:entity/thunder_strike_3"},{"type":"single","resource":"elitecreatures:fantasy_swords_v1/sword091tex"},{"type":"single","resource":"modelengine:entity/scalpereprimordium8"},{"type":"single","resource":"modelengine:entity/scalpereprimordium9"},{"type":"single","resource":"modelengine:entity/scalpereprimordium6"},{"type":"single","resource":"modelengine:entity/scalpereprimordium7"},{"type":"single","resource":"modelengine:entity/scalpereprimordium4"},{"type":"single","resource":"modelengine:entity/scalpereprimordium5"},{"type":"single","resource":"modelengine:entity/scalpereprimordium2"},{"type":"single","resource":"modelengine:entity/raptor_red"},{"type":"single","resource":"modelengine:entity/scalpereprimordium3"},{"type":"single","resource":"modelengine:entity/scalpereprimordium1"},{"type":"single","resource":"modelengine:entity/red_lion"},{"type":"single","resource":"mount_2:rpg_mount_2_texture/phoenix_thunder"},{"type":"single","resource":"ec_forgenfire:forgenfire_default_weapons/knight_spear"},{"type":"single","resource":"modelengine:entity/phoenix_darkflame"},{"type":"single","resource":"dominicweapon:dominicweapon_texture/reine_animasi"},{"type":"single","resource":"ec_forgenfire:forgenfire_default_weapons/amethyst_crossbow"},{"type":"single","resource":"elitecreatures:fantasy_swords_v1/sword021tex"},{"type":"single","resource":"pet_6:rpg_pet_2_texture/fx_impact_yellow_2"},{"type":"single","resource":"modelengine:entity/dragon_"},{"type":"single","resource":"pet_6:rpg_pet_2_texture/fx_impact_yellow_3"},{"type":"single","resource":"pet_6:rpg_pet_2_texture/fx_impact_yellow_1"},{"type":"single","resource":"ec_forgenfire:forgenfire_default_weapons/jade_hoe"},{"type":"single","resource":"modelengine:entity/bloodbound_barrier_long"},{"type":"single","resource":"pet_6:rpg_pet_2_texture/fx_impact_yellow_4"},{"type":"single","resource":"pet_6:rpg_pet_2_texture/fx_impact_yellow_5"},{"type":"single","resource":"pet_6:rpg_pet_2_texture/fx_impact_red_5"},{"type":"single","resource":"mount_4:rpg_mount_4_texture/wyvern_undead"},{"type":"single","resource":"modelengine:entity/phantom_ghost"},{"type":"single","resource":"mount_3:rpg_mount_3_texture/raptor_undead"},{"type":"single","resource":"modelengine:entity/whirlpool_6"},{"type":"single","resource":"modelengine:entity/whirlpool_7"},{"type":"single","resource":"modelengine:entity/phoenix_flame"},{"type":"single","resource":"modelengine:entity/partical_inknowing_fire_8"},{"type":"single","resource":"mount_3:rpg_mount_3_texture/stag_rune"},{"type":"single","resource":"modelengine:entity/partical_inknowing_fire_9"},{"type":"single","resource":"modelengine:entity/whirlpool_1"},{"type":"single","resource":"mount_3:rpg_mount_3_texture/basilisk_wild"},{"type":"single","resource":"modelengine:entity/partical_inknowing_fire_6"},{"type":"single","resource":"modelengine:entity/partical_inknowing_fire_7"},{"type":"single","resource":"modelengine:entity/partical_inknowing_fire_4"},{"type":"single","resource":"modelengine:entity/whirlpool_4"},{"type":"single","resource":"modelengine:entity/partical_inknowing_fire_5"},{"type":"single","resource":"modelengine:entity/whirlpool_5"},{"type":"single","resource":"modelengine:entity/partical_inknowing_fire_2"},{"type":"single","resource":"modelengine:entity/whirlpool_2"},{"type":"single","resource":"modelengine:entity/golem_arcane"},{"type":"single","resource":"modelengine:entity/partical_inknowing_fire_3"},{"type":"single","resource":"modelengine:entity/whirlpool_3"},{"type":"single","resource":"modelengine:entity/crackling_skyfall_4"},{"type":"single","resource":"modelengine:entity/crackling_skyfall_3"},{"type":"single","resource":"modelengine:entity/crackling_skyfall_6"},{"type":"single","resource":"modelengine:entity/crackling_skyfall_5"},{"type":"single","resource":"modelengine:entity/crackling_skyfall_2"},{"type":"single","resource":"elitecreatures:fantasy_swords_v1/sword171tex"},{"type":"single","resource":"modelengine:entity/crackling_skyfall_1"},{"type":"single","resource":"modelengine:entity/vfx_hit_impact_6"},{"type":"single","resource":"modelengine:entity/ef_stone"},{"type":"single","resource":"modelengine:entity/vfx_hit_impact_5"},{"type":"single","resource":"elitecreatures:fantasy_swords_v1/sword02ani"},{"type":"single","resource":"modelengine:entity/crackling_skyfall_8"},{"type":"single","resource":"modelengine:entity/vfx_hit_impact_2"},{"type":"single","resource":"modelengine:entity/crackling_skyfall_7"},{"type":"single","resource":"modelengine:entity/vfx_hit_impact_1"},{"type":"single","resource":"modelengine:entity/vfx_hit_impact_4"},{"type":"single","resource":"modelengine:entity/vfx_hit_impact_3"},{"type":"single","resource":"modelengine:entity/bear_3"},{"type":"single","resource":"modelengine:entity/bear_2"},{"type":"single","resource":"modelengine:entity/bear_1"},{"type":"single","resource":"mount_2:rpg_mount_2_texture/phoenix_light"},{"type":"single","resource":"elitecreatures:fantasy_swords_v1/sword161tex"},{"type":"single","resource":"modelengine:entity/horse_unicorn"},{"type":"single","resource":"mount_4:rpg_mount_4_texture/frog_royal"},{"type":"single","resource":"ec_forgenfire:armor/knight_boots"},{"type":"single","resource":"elitecreatures:fantasy_swords_v1/sword13ani"},{"type":"single","resource":"mount_2:rpg_mount_2_texture/horse_pegasus"},{"type":"single","resource":"modelengine:entity/jak_white"},{"type":"single","resource":"_iainternal:icons/icon_back_orange"},{"type":"single","resource":"modelengine:entity/kitsune_inferno"},{"type":"single","resource":"modelengine:entity/nonirpg_diojojotexture"},{"type":"single","resource":"modelengine:entity/raptor_undead"},{"type":"single","resource":"mount_4:rpg_mount_4_texture/wolfhawk_dire"},{"type":"single","resource":"pet_6:rpg_pet_2_texture/fx_impact_red_2"},{"type":"single","resource":"ec_forgenfire:forgenfire_default_weapons/jade_fishing_rod"},{"type":"single","resource":"pet_6:rpg_pet_2_texture/fx_impact_red_1"},{"type":"single","resource":"pet_6:rpg_pet_2_texture/fx_impact_red_4"},{"type":"single","resource":"water_samurai:water_samurai_texture/icon_flowing_dance"},{"type":"single","resource":"pet_6:rpg_pet_2_texture/fx_impact_red_3"},{"type":"single","resource":"mount_3:rpg_mount_3_texture/sky_serpent_jade"},{"type":"single","resource":"modelengine:entity/flaming_rhunder_god"},{"type":"single","resource":"modelengine:entity/nonirpg_dio_knife"},{"type":"single","resource":"ec_forgenfire:forgenfire_default_weapons/amethyst_hammer"},{"type":"single","resource":"modelengine:entity/vfx_dusk_shuriken"},{"type":"single","resource":"ec_forgenfire:armor/amethyst_leggings"},{"type":"single","resource":"dominicweapon:dominicweapon_texture/reine_gagang"},{"type":"single","resource":"ec_forgenfire:forgenfire_default_weapons/black_iron_bow"},{"type":"single","resource":"ec_forgenfire:forgenfire_default_weapons/knight_trident"},{"type":"single","resource":"awakened_assassin:awakened_assassin_texture/icon_last_dance"}]}