{"credit":"Made with Blockbench","texture_size":[32,32],"textures":{"0":"elitecreatures:fantasy_swords_v1/sword071tex","particle":"elitecreatures:fantasy_swords_v1/sword071tex"},"elements":[{"from":[7,-11,7],"to":[9,-10.5,9],"rotation":{"angle":0,"axis":"y","origin":[16,-2,6]},"faces":{"north":{"uv":[14.75,9.75,15,10.75],"rotation":270,"texture":"#0"},"east":{"uv":[14.5,10.75,14.75,9.75],"rotation":90,"texture":"#0"},"south":{"uv":[14.75,10.75,15,9.75],"rotation":270,"texture":"#0"},"west":{"uv":[14.5,9.75,14.75,10.75],"rotation":90,"texture":"#0"},"up":{"uv":[15,9.75,16,10.75],"texture":"#0"},"down":{"uv":[15,9.75,16,10.75],"rotation":180,"texture":"#0"}}},{"from":[7.25,-10.5,7.25],"to":[8.75,-5,8.75],"rotation":{"angle":0,"axis":"y","origin":[16,-2,6]},"faces":{"north":{"uv":[11,7.75,13.75,8.5],"rotation":270,"texture":"#0"},"east":{"uv":[11,7.75,13.75,7],"rotation":90,"texture":"#0"},"south":{"uv":[11,8.5,13.75,7.75],"rotation":270,"texture":"#0"},"west":{"uv":[11,7,13.75,7.75],"rotation":90,"texture":"#0"},"up":{"uv":[13,6.25,13.75,7],"texture":"#0"},"down":{"uv":[13,6.25,13.75,7],"rotation":180,"texture":"#0"}}},{"from":[7,-5,7],"to":[9,0.5,9],"rotation":{"angle":0,"axis":"y","origin":[16,-3,6]},"faces":{"north":{"uv":[13.25,2,16,3],"rotation":270,"texture":"#0"},"east":{"uv":[13.25,2,16,1],"rotation":90,"texture":"#0"},"south":{"uv":[13.25,2,16,3],"rotation":270,"texture":"#0"},"west":{"uv":[13.25,1,16,2],"rotation":90,"texture":"#0"},"up":{"uv":[15,0,16,1],"texture":"#0"},"down":{"uv":[14,0,15,1],"rotation":180,"texture":"#0"}}},{"from":[5.5,0.25,6.75],"to":[10.5,5.25,9.25],"rotation":{"angle":-45,"axis":"z","origin":[8,2.75,8]},"faces":{"north":{"uv":[13.5,13.5,16,16],"texture":"#0"},"east":{"uv":[13.5,11,16,12.25],"rotation":90,"texture":"#0"},"south":{"uv":[13.5,16,16,13.5],"rotation":180,"texture":"#0"},"west":{"uv":[13.5,12.25,16,13.5],"rotation":90,"texture":"#0"},"up":{"uv":[13.5,13.5,16,12.25],"texture":"#0"},"down":{"uv":[13.5,11,16,12.25],"texture":"#0"}}},{"from":[11.5,-1.75,7.35],"to":[13.5,1.25,8.65],"rotation":{"angle":-45,"axis":"z","origin":[8,2.75,8]},"faces":{"north":{"uv":[12.5,14.5,13.5,16],"texture":"#0"},"east":{"uv":[11,15.25,12.5,16],"rotation":90,"texture":"#0"},"south":{"uv":[12.5,16,13.5,14.5],"rotation":180,"texture":"#0"},"west":{"uv":[11,15.25,12.5,16],"rotation":270,"texture":"#0"},"up":{"uv":[12.5,14.5,13.5,13.75],"texture":"#0"},"down":{"uv":[12.5,13.75,13.5,14.5],"texture":"#0"}}},{"from":[8.05,-2.8,7.25],"to":[9.55,3.7,8.75],"rotation":{"angle":-22.5,"axis":"z","origin":[8,-1.75,8]},"faces":{"north":{"uv":[12.75,5,16,5.75],"rotation":270,"texture":"#0"},"east":{"uv":[12.75,4.75,16,4],"rotation":90,"texture":"#0"},"south":{"uv":[12.75,5.75,16,5],"rotation":270,"texture":"#0"},"west":{"uv":[12.75,4,16,4.75],"rotation":90,"texture":"#0"},"up":{"uv":[15.25,3,16,4],"texture":"#0"},"down":{"uv":[15.25,3,16,4],"rotation":180,"texture":"#0"}}},{"from":[6.45,-2.8,7.25],"to":[7.95,3.7,8.75],"rotation":{"angle":22.5,"axis":"z","origin":[8,-1.75,8]},"faces":{"north":{"uv":[12.75,5.75,16,5],"rotation":270,"texture":"#0"},"east":{"uv":[12.75,4.75,16,4],"rotation":90,"texture":"#0"},"south":{"uv":[12.75,5,16,5.75],"rotation":270,"texture":"#0"},"west":{"uv":[12.75,4,16,4.75],"rotation":90,"texture":"#0"},"up":{"uv":[16,3,15.25,4],"texture":"#0"},"down":{"uv":[16,3,15.25,4],"rotation":180,"texture":"#0"}}},{"from":[6.75,-13,6.75],"to":[9.25,-11,9.25],"rotation":{"angle":0,"axis":"y","origin":[16,-2,6]},"faces":{"north":{"uv":[11.25,9.25,12.25,10.5],"rotation":270,"texture":"#0"},"east":{"uv":[12.25,10.5,13.25,9.25],"rotation":90,"texture":"#0"},"south":{"uv":[11.25,10.5,12.25,9.25],"rotation":270,"texture":"#0"},"west":{"uv":[12.25,9.25,13.25,10.5],"rotation":90,"texture":"#0"},"up":{"uv":[13.25,9.25,14.5,10.5],"texture":"#0"},"down":{"uv":[11.25,10.5,12.5,11.75],"rotation":180,"texture":"#0"}}},{"from":[5.81619,-13.95651,7.5],"to":[6.81619,-12.45651,8.5],"rotation":{"angle":-45,"axis":"z","origin":[8,-12.89501,8]},"faces":{"north":{"uv":[13.5,11.75,13,12.5],"texture":"#0"},"east":{"uv":[13.5,11,13,11.75],"rotation":180,"texture":"#0"},"south":{"uv":[13.5,12.5,13,11.75],"rotation":180,"texture":"#0"},"west":{"uv":[13,11,12.5,11.75],"rotation":180,"texture":"#0"},"up":{"uv":[13.5,13,13,12.5],"texture":"#0"},"down":{"uv":[13.5,12.5,13,13],"texture":"#0"}}},{"from":[6.49646,-15.27085,7.75],"to":[7.99646,-14.77085,8.25],"rotation":{"angle":-45,"axis":"z","origin":[8,-12.89501,8]},"faces":{"north":{"uv":[13.75,9.25,14,8.5],"rotation":270,"texture":"#0"},"east":{"uv":[14.5,7.25,14.75,7],"rotation":90,"texture":"#0"},"south":{"uv":[13.75,8.5,14,9.25],"rotation":270,"texture":"#0"},"west":{"uv":[14.5,7,14.75,7.25],"rotation":90,"texture":"#0"},"up":{"uv":[13.5,9.25,13.25,8.5],"rotation":270,"texture":"#0"},"down":{"uv":[13.5,9.25,13.75,8.5],"rotation":270,"texture":"#0"}}},{"from":[5.6902,-14.52255,7.6],"to":[6.4902,-13.02255,8.4],"rotation":{"angle":-22.5,"axis":"z","origin":[8,-12.89501,8]},"faces":{"north":{"uv":[13.75,6.25,13.25,7],"texture":"#0"},"east":{"uv":[12.5,6.25,12,7],"rotation":180,"texture":"#0"},"south":{"uv":[13.75,7,13.25,6.25],"rotation":180,"texture":"#0"},"west":{"uv":[13.25,6.25,12.75,7],"rotation":180,"texture":"#0"},"up":{"uv":[13.25,6.25,12.75,5.75],"texture":"#0"},"down":{"uv":[13.25,6.25,12.75,5.75],"rotation":180,"texture":"#0"}}},{"from":[9.5098,-14.52255,7.6],"to":[10.3098,-13.02255,8.4],"rotation":{"angle":22.5,"axis":"z","origin":[8,-12.89501,8]},"faces":{"north":{"uv":[13.25,6.25,13.75,7],"texture":"#0"},"east":{"uv":[12.75,6.25,13.25,7],"rotation":180,"texture":"#0"},"south":{"uv":[13.25,7,13.75,6.25],"rotation":180,"texture":"#0"},"west":{"uv":[12,6.25,12.5,7],"rotation":180,"texture":"#0"},"up":{"uv":[12.75,6.25,13.25,5.75],"texture":"#0"},"down":{"uv":[12.75,6.25,13.25,5.75],"rotation":180,"texture":"#0"}}},{"from":[8.00354,-15.27085,7.75],"to":[9.50354,-14.77085,8.25],"rotation":{"angle":45,"axis":"z","origin":[8,-12.89501,8]},"faces":{"north":{"uv":[13.75,8.5,14,9.25],"rotation":270,"texture":"#0"},"east":{"uv":[14.5,7.25,14.75,7],"rotation":90,"texture":"#0"},"south":{"uv":[13.75,9.25,14,8.5],"rotation":270,"texture":"#0"},"west":{"uv":[14.5,7,14.75,7.25],"rotation":90,"texture":"#0"},"up":{"uv":[13.5,8.5,13.25,9.25],"rotation":270,"texture":"#0"},"down":{"uv":[13.5,8.5,13.75,9.25],"rotation":270,"texture":"#0"}}},{"from":[9.18381,-13.95651,7.5],"to":[10.18381,-12.45651,8.5],"rotation":{"angle":45,"axis":"z","origin":[8,-12.89501,8]},"faces":{"north":{"uv":[13,11.75,13.5,12.5],"texture":"#0"},"east":{"uv":[12.5,11,13,11.75],"rotation":180,"texture":"#0"},"south":{"uv":[13,12.5,13.5,11.75],"rotation":180,"texture":"#0"},"west":{"uv":[13,11,13.5,11.75],"rotation":180,"texture":"#0"},"up":{"uv":[13,13,13.5,12.5],"texture":"#0"},"down":{"uv":[13,12.5,13.5,13],"texture":"#0"}}},{"from":[7.6,-14.52255,9.5098],"to":[8.4,-13.02255,10.3098],"rotation":{"angle":-22.5,"axis":"x","origin":[8,-12.89501,8]},"faces":{"north":{"uv":[12,6.25,12.5,7],"rotation":180,"texture":"#0"},"east":{"uv":[13.25,6.25,13.75,7],"texture":"#0"},"south":{"uv":[12.75,6.25,13.25,7],"rotation":180,"texture":"#0"},"west":{"uv":[13.25,7,13.75,6.25],"rotation":180,"texture":"#0"},"up":{"uv":[12.75,6.25,13.25,5.75],"rotation":90,"texture":"#0"},"down":{"uv":[12.75,6.25,13.25,5.75],"rotation":90,"texture":"#0"}}},{"from":[7.75,-15.27085,8.00354],"to":[8.25,-14.77085,9.50354],"rotation":{"angle":-45,"axis":"x","origin":[8,-12.89501,8]},"faces":{"north":{"uv":[14.5,7,14.75,7.25],"rotation":90,"texture":"#0"},"east":{"uv":[13.75,8.5,14,9.25],"rotation":270,"texture":"#0"},"south":{"uv":[14.5,7.25,14.75,7],"rotation":90,"texture":"#0"},"west":{"uv":[13.75,9.25,14,8.5],"rotation":270,"texture":"#0"},"up":{"uv":[13.5,8.5,13.25,9.25],"texture":"#0"},"down":{"uv":[13.5,8.5,13.75,9.25],"rotation":180,"texture":"#0"}}},{"from":[7.5,-13.95651,9.18381],"to":[8.5,-12.45651,10.18381],"rotation":{"angle":-45,"axis":"x","origin":[8,-12.89501,8]},"faces":{"north":{"uv":[13,11,13.5,11.75],"rotation":180,"texture":"#0"},"east":{"uv":[13,11.75,13.5,12.5],"texture":"#0"},"south":{"uv":[12.5,11,13,11.75],"rotation":180,"texture":"#0"},"west":{"uv":[13,12.5,13.5,11.75],"rotation":180,"texture":"#0"},"up":{"uv":[13,13,13.5,12.5],"rotation":90,"texture":"#0"},"down":{"uv":[13,12.5,13.5,13],"rotation":270,"texture":"#0"}}},{"from":[7.5,-13.95651,5.81619],"to":[8.5,-12.45651,6.81619],"rotation":{"angle":45,"axis":"x","origin":[8,-12.89501,8]},"faces":{"north":{"uv":[13,11,12.5,11.75],"rotation":180,"texture":"#0"},"east":{"uv":[13.5,11.75,13,12.5],"texture":"#0"},"south":{"uv":[13.5,11,13,11.75],"rotation":180,"texture":"#0"},"west":{"uv":[13.5,12.5,13,11.75],"rotation":180,"texture":"#0"},"up":{"uv":[13.5,13,13,12.5],"rotation":90,"texture":"#0"},"down":{"uv":[13.5,12.5,13,13],"rotation":270,"texture":"#0"}}},{"from":[7.6,-14.52255,5.6902],"to":[8.4,-13.02255,6.4902],"rotation":{"angle":22.5,"axis":"x","origin":[8,-12.89501,8]},"faces":{"north":{"uv":[13.25,6.25,12.75,7],"rotation":180,"texture":"#0"},"east":{"uv":[13.75,6.25,13.25,7],"texture":"#0"},"south":{"uv":[12.5,6.25,12,7],"rotation":180,"texture":"#0"},"west":{"uv":[13.75,7,13.25,6.25],"rotation":180,"texture":"#0"},"up":{"uv":[13.25,6.25,12.75,5.75],"rotation":90,"texture":"#0"},"down":{"uv":[13.25,6.25,12.75,5.75],"rotation":90,"texture":"#0"}}},{"from":[7.75,-15.27085,6.49646],"to":[8.25,-14.77085,7.99646],"rotation":{"angle":45,"axis":"x","origin":[8,-12.89501,8]},"faces":{"north":{"uv":[14.5,7,14.75,7.25],"rotation":90,"texture":"#0"},"east":{"uv":[13.75,9.25,14,8.5],"rotation":270,"texture":"#0"},"south":{"uv":[14.5,7.25,14.75,7],"rotation":90,"texture":"#0"},"west":{"uv":[13.75,8.5,14,9.25],"rotation":270,"texture":"#0"},"up":{"uv":[13.5,9.25,13.25,8.5],"texture":"#0"},"down":{"uv":[13.5,9.25,13.75,8.5],"rotation":180,"texture":"#0"}}},{"from":[9.5,-1.4,7.5],"to":[12.5,-0.4,8.5],"rotation":{"angle":0,"axis":"y","origin":[10.3,-5.55,8]},"faces":{"north":{"uv":[14.25,7.75,14.75,9.25],"rotation":270,"texture":"#0"},"east":{"uv":[14.75,6.75,15.25,6.25],"rotation":90,"texture":"#0"},"south":{"uv":[14.25,9.25,14.75,7.75],"rotation":270,"texture":"#0"},"west":{"uv":[14.75,6.25,15.25,6.75],"rotation":90,"texture":"#0"},"up":{"uv":[16,7.25,14.5,7.75],"texture":"#0"},"down":{"uv":[14.5,9.25,16,9.75],"rotation":180,"texture":"#0"}}},{"from":[11.51993,-5.89045,7.75],"to":[12.51993,-3.39045,8.25],"rotation":{"angle":0,"axis":"y","origin":[11.89233,-4.75549,8]},"faces":{"north":{"uv":[14,6.25,14.5,7.5],"texture":"#0"},"east":{"uv":[13.75,6.25,14,7.5],"rotation":180,"texture":"#0"},"south":{"uv":[14,7.5,14.5,6.25],"rotation":180,"texture":"#0"},"west":{"uv":[13.75,6.25,14,7.5],"rotation":180,"texture":"#0"},"up":{"uv":[14.5,7.5,14,7.75],"rotation":180,"texture":"#0"},"down":{"uv":[14.5,7.75,14,7.5],"rotation":180,"texture":"#0"}}},{"from":[8.5,-4.4,7.5],"to":[11.5,-2.4,8.5],"rotation":{"angle":-22.5,"axis":"z","origin":[10,-5.55,8]},"faces":{"north":{"uv":[15,7.75,16,9.25],"rotation":270,"texture":"#0"},"east":{"uv":[15,7.25,16,6.75],"rotation":90,"texture":"#0"},"south":{"uv":[15,9.25,16,7.75],"rotation":270,"texture":"#0"},"west":{"uv":[15,6.75,16,7.25],"rotation":90,"texture":"#0"},"up":{"uv":[13.75,3.5,15.25,4],"texture":"#0"},"down":{"uv":[15.25,5.75,16,6.75],"rotation":180,"texture":"#0"}}},{"from":[8.5,-2.4,7.5],"to":[11.5,-1.4,7.5],"rotation":{"angle":-22.5,"axis":"z","origin":[10,-5.55,8]},"faces":{"north":{"uv":[12.5,1.5,13,3],"rotation":270,"texture":"#0"},"east":{"uv":[15,6.75,15.5,6.75],"rotation":90,"texture":"#0"},"south":{"uv":[12.5,3,13,1.5],"rotation":270,"texture":"#0"},"west":{"uv":[15,6.75,15.5,6.75],"rotation":90,"texture":"#0"},"up":{"uv":[13.75,3.5,15.25,3.5],"texture":"#0"},"down":{"uv":[14.5,5.75,16,5.75],"rotation":180,"texture":"#0"}}},{"from":[4.5,-2.4,7.5],"to":[7.5,-1.4,7.5],"rotation":{"angle":22.5,"axis":"z","origin":[6,-5.55,8]},"faces":{"north":{"uv":[12.5,3,13,1.5],"rotation":270,"texture":"#0"},"east":{"uv":[15,6.75,15.5,6.75],"rotation":90,"texture":"#0"},"south":{"uv":[12.5,1.5,13,3],"rotation":270,"texture":"#0"},"west":{"uv":[15,6.75,15.5,6.75],"rotation":90,"texture":"#0"},"up":{"uv":[15.25,3.5,13.75,3.5],"texture":"#0"},"down":{"uv":[16,5.75,14.5,5.75],"rotation":180,"texture":"#0"}}},{"from":[4.5,-2.4,8.5],"to":[7.5,-1.4,8.5],"rotation":{"angle":22.5,"axis":"z","origin":[6,-5.55,8]},"faces":{"north":{"uv":[12.5,3,13,1.5],"rotation":270,"texture":"#0"},"east":{"uv":[15,6.75,15.5,6.75],"rotation":90,"texture":"#0"},"south":{"uv":[12.5,1.5,13,3],"rotation":270,"texture":"#0"},"west":{"uv":[15,6.75,15.5,6.75],"rotation":90,"texture":"#0"},"up":{"uv":[15.25,3.5,13.75,3.5],"texture":"#0"},"down":{"uv":[16,5.75,14.5,5.75],"rotation":180,"texture":"#0"}}},{"from":[8.5,-2.4,8.5],"to":[11.5,-1.4,8.5],"rotation":{"angle":-22.5,"axis":"z","origin":[10,-5.55,8]},"faces":{"north":{"uv":[12.5,1.5,13,3],"rotation":270,"texture":"#0"},"east":{"uv":[15,6.75,15.5,6.75],"rotation":90,"texture":"#0"},"south":{"uv":[12.5,3,13,1.5],"rotation":270,"texture":"#0"},"west":{"uv":[15,6.75,15.5,6.75],"rotation":90,"texture":"#0"},"up":{"uv":[13.75,3.5,15.25,3.5],"texture":"#0"},"down":{"uv":[14.5,5.75,16,5.75],"rotation":180,"texture":"#0"}}},{"from":[4.5,-4.4,7.5],"to":[7.5,-2.4,8.5],"rotation":{"angle":22.5,"axis":"z","origin":[6,-5.55,8]},"faces":{"north":{"uv":[15,9.25,16,7.75],"rotation":270,"texture":"#0"},"east":{"uv":[15,7.25,16,6.75],"rotation":90,"texture":"#0"},"south":{"uv":[15,7.75,16,9.25],"rotation":270,"texture":"#0"},"west":{"uv":[15,6.75,16,7.25],"rotation":90,"texture":"#0"},"up":{"uv":[15.25,3.5,13.75,4],"texture":"#0"},"down":{"uv":[16,5.75,15.25,6.75],"rotation":180,"texture":"#0"}}},{"from":[3.48007,-5.89045,7.75],"to":[4.48007,-3.39045,8.25],"rotation":{"angle":0,"axis":"y","origin":[4.10767,-4.75549,8]},"faces":{"north":{"uv":[14.5,6.25,14,7.5],"texture":"#0"},"east":{"uv":[14,6.25,13.75,7.5],"rotation":180,"texture":"#0"},"south":{"uv":[14.5,7.5,14,6.25],"rotation":180,"texture":"#0"},"west":{"uv":[14,6.25,13.75,7.5],"rotation":180,"texture":"#0"},"up":{"uv":[14,7.5,14.5,7.75],"rotation":180,"texture":"#0"},"down":{"uv":[14,7.75,14.5,7.5],"rotation":180,"texture":"#0"}}},{"from":[3.5,-1.4,7.5],"to":[6.5,-0.4,8.5],"rotation":{"angle":0,"axis":"y","origin":[5.7,-5.55,8]},"faces":{"north":{"uv":[14.25,9.25,14.75,7.75],"rotation":270,"texture":"#0"},"east":{"uv":[14.75,6.75,15.25,6.25],"rotation":90,"texture":"#0"},"south":{"uv":[14.25,7.75,14.75,9.25],"rotation":270,"texture":"#0"},"west":{"uv":[14.75,6.25,15.25,6.75],"rotation":90,"texture":"#0"},"up":{"uv":[14.5,7.25,16,7.75],"texture":"#0"},"down":{"uv":[16,9.25,14.5,9.75],"rotation":180,"texture":"#0"}}},{"from":[2.5,-1.75,7.35],"to":[4.5,1.25,8.65],"rotation":{"angle":45,"axis":"z","origin":[8,2.75,8]},"faces":{"north":{"uv":[13.5,14.5,12.5,16],"texture":"#0"},"east":{"uv":[11,16,12.5,15.25],"rotation":270,"texture":"#0"},"south":{"uv":[13.5,16,12.5,14.5],"rotation":180,"texture":"#0"},"west":{"uv":[11,16,12.5,15.25],"rotation":90,"texture":"#0"},"up":{"uv":[13.5,14.5,12.5,13.75],"texture":"#0"},"down":{"uv":[13.5,13.75,12.5,14.5],"texture":"#0"}}},{"from":[1,0,8],"to":[15,32,8],"faces":{"north":{"uv":[0,0,7,16],"texture":"#0"},"east":{"uv":[0,0,0,15.5],"texture":"#0"},"south":{"uv":[0,0,7,16],"texture":"#0"},"west":{"uv":[0,0,0,15.5],"texture":"#0"},"up":{"uv":[6,0,0,0],"texture":"#0"},"down":{"uv":[6,0,0,0],"texture":"#0"}}},{"from":[6,4,7.75],"to":[10,28,8.25],"faces":{"north":{"uv":[2.5,2,4.5,14],"texture":"#0"},"east":{"uv":[2.5,2,2.75,14],"texture":"#0"},"south":{"uv":[2.5,2,4.5,14],"texture":"#0"},"west":{"uv":[4.25,2,4.5,14],"texture":"#0"},"up":{"uv":[4.5,2,2.5,2.25],"texture":"#0"},"down":{"uv":[4.5,2,2.5,2.25],"texture":"#0"}}}],"gui_light":"front","display":{"thirdperson_righthand":{"rotation":[0,110,0],"translation":[0,7.25,1.75],"scale":[0.7,0.7,0.7]},"thirdperson_lefthand":{"rotation":[180,-110,180],"translation":[0,6,1.75],"scale":[0.7,0.7,0.7]},"firstperson_righthand":{"rotation":[-175.56,80,170],"translation":[0.5,5,0.5],"scale":[0.5,0.5,0.5]},"firstperson_lefthand":{"rotation":[-175.56,-88,-170],"translation":[0.5,5,0.5],"scale":[0.5,0.5,0.5]},"ground":{"rotation":[82,0,0],"translation":[0,-1.25,0],"scale":[0.5,0.5,0.5]},"gui":{"rotation":[0,180,47],"translation":[0,-0.25,-2],"scale":[0.44,0.44,0.44]},"head":{"rotation":[0,-18,105],"translation":[2.5,8.75,2.25],"scale":[0.73516,0.73516,0.73516]},"fixed":{"rotation":[0,0,45],"translation":[1.25,-0.5,-1.25],"scale":[0.96484,0.96484,0.96484]}}}