{"credit":"143346 / 36721AQGJ2WMUE0","textures":{"0":"elitecreatures:fantasy_swords_v1/sword181tex","particle":"elitecreatures:fantasy_swords_v1/sword181tex"},"elements":[{"from":[7,-12,7],"to":[9,-3,9],"rotation":{"angle":0,"axis":"y","origin":[16,0,0]},"faces":{"north":{"uv":[12,3.5,16,4.5],"rotation":90,"texture":"#0"},"east":{"uv":[12,4.5,16,5.5],"rotation":90,"texture":"#0"},"south":{"uv":[12,3.5,16,4.5],"rotation":90,"texture":"#0"},"west":{"uv":[12,4.5,16,5.5],"rotation":90,"texture":"#0"},"up":{"uv":[13.5,5.5,14.5,6.5],"rotation":90,"texture":"#0"},"down":{"uv":[13.5,5.5,14.5,6.5],"rotation":270,"texture":"#0"}}},{"from":[9,-5,7.5],"to":[12,-4,8.5],"rotation":{"angle":0,"axis":"y","origin":[16,0,0]},"faces":{"north":{"uv":[12,3,13.5,3.5],"texture":"#0"},"east":{"uv":[15.5,1.5,16,2],"rotation":90,"texture":"#0"},"south":{"uv":[12,3.5,13.5,3],"rotation":180,"texture":"#0"},"west":{"uv":[15.5,1.5,16,2],"rotation":90,"texture":"#0"},"up":{"uv":[12,2,13.5,2.5],"rotation":180,"texture":"#0"},"down":{"uv":[12,2.5,13.5,3],"rotation":180,"texture":"#0"}}},{"from":[4,-5,7.5],"to":[7,-4,8.5],"faces":{"north":{"uv":[13.5,3,12,3.5],"texture":"#0"},"east":{"uv":[15.5,2,16,1.5],"rotation":90,"texture":"#0"},"south":{"uv":[13.5,3.5,12,3],"rotation":180,"texture":"#0"},"west":{"uv":[15.5,2,16,1.5],"rotation":90,"texture":"#0"},"up":{"uv":[13.5,2,12,2.5],"rotation":180,"texture":"#0"},"down":{"uv":[13.5,2.5,12,3],"rotation":180,"texture":"#0"}}},{"from":[6,-3,6],"to":[10,-1,10],"rotation":{"angle":0,"axis":"y","origin":[16,0,0]},"faces":{"north":{"uv":[12,14,14,15],"texture":"#0"},"east":{"uv":[12,15,14,16],"texture":"#0"},"south":{"uv":[12,14,14,15],"texture":"#0"},"west":{"uv":[12,15,14,16],"texture":"#0"},"up":{"uv":[14,14,16,16],"rotation":90,"texture":"#0"},"down":{"uv":[14,12,16,14],"rotation":270,"texture":"#0"}}},{"from":[6,5,6],"to":[10,6,10],"rotation":{"angle":0,"axis":"y","origin":[16,0,0]},"faces":{"north":{"uv":[12,11,14,11.5],"texture":"#0"},"east":{"uv":[12,11.5,14,12],"texture":"#0"},"south":{"uv":[12,11,14,11.5],"texture":"#0"},"west":{"uv":[12,11.5,14,12],"texture":"#0"},"up":{"uv":[12,12,14,14],"rotation":90,"texture":"#0"},"down":{"uv":[14,10,16,12],"rotation":270,"texture":"#0"}}},{"from":[2,0,8],"to":[14,32,8],"rotation":{"angle":0,"axis":"y","origin":[8,16,8]},"faces":{"north":{"uv":[0,0,6,16],"texture":"#0"},"east":{"uv":[0,0,0,16],"texture":"#0"},"south":{"uv":[6,0,0,16],"texture":"#0"},"west":{"uv":[0,0,0,16],"texture":"#0"},"up":{"uv":[5,0,0,0],"texture":"#0"},"down":{"uv":[5,0,0,0],"texture":"#0"}}},{"from":[6.5,6,7.75],"to":[9.5,20,8.25],"rotation":{"angle":0,"axis":"y","origin":[8,16,8]},"faces":{"north":{"uv":[2.25,6,3.75,13],"texture":"#0"},"east":{"uv":[2.25,6,2.5,13],"texture":"#0"},"south":{"uv":[3.75,6,2.25,13],"texture":"#0"},"west":{"uv":[3.5,6,3.75,13],"texture":"#0"},"up":{"uv":[3.75,6,2.25,6.25],"texture":"#0"},"down":{"uv":[3.75,12.75,2.25,13],"texture":"#0"}}},{"from":[6.5,-1,6.5],"to":[9.5,5,9.5],"rotation":{"angle":0,"axis":"y","origin":[16,0,0]},"faces":{"north":{"uv":[14.5,7,16,10],"texture":"#0"},"east":{"uv":[13,7,14.5,10],"texture":"#0"},"south":{"uv":[14.5,7,16,10],"texture":"#0"},"west":{"uv":[13,7,14.5,10],"texture":"#0"},"up":{"uv":[14.5,5.5,16,7],"rotation":90,"texture":"#0"},"down":{"uv":[14.5,5.5,16,7],"rotation":270,"texture":"#0"}}},{"from":[7.25,-13,7.25],"to":[8.75,-12,8.75],"rotation":{"angle":0,"axis":"y","origin":[16,0,0]},"faces":{"north":{"uv":[12,5.5,12.75,6],"texture":"#0"},"east":{"uv":[12.75,6.25,13.5,6.75],"texture":"#0"},"south":{"uv":[12,5.5,12.75,6],"texture":"#0"},"west":{"uv":[12.75,6.25,13.5,6.75],"texture":"#0"},"up":{"uv":[12.75,5.5,13.5,6.25],"rotation":90,"texture":"#0"},"down":{"uv":[12.75,5.5,13.5,6.25],"rotation":270,"texture":"#0"}}},{"from":[7,-13.5,7],"to":[9,-13,9],"rotation":{"angle":0,"axis":"y","origin":[16,0,0]},"faces":{"north":{"uv":[15,0,16,0.25],"texture":"#0"},"east":{"uv":[15,0.25,16,0.5],"texture":"#0"},"south":{"uv":[15,0,16,0.25],"texture":"#0"},"west":{"uv":[15,0.25,16,0.5],"texture":"#0"},"up":{"uv":[15,0.5,16,1.5],"rotation":90,"texture":"#0"},"down":{"uv":[14,0.5,15,1.5],"rotation":270,"texture":"#0"}}},{"from":[7.4,-15.1,7.5],"to":[9.4,-13.1,8.5],"rotation":{"angle":45,"axis":"z","origin":[8,-14.5,8]},"faces":{"north":{"uv":[13,0.5,14,1.5],"texture":"#0"},"east":{"uv":[12.5,0.5,13,1.5],"texture":"#0"},"south":{"uv":[13,0.5,14,1.5],"rotation":90,"texture":"#0"},"west":{"uv":[12,0.5,12.5,1.5],"rotation":180,"texture":"#0"},"up":{"uv":[12.5,0.5,13,1.5],"rotation":90,"texture":"#0"},"down":{"uv":[12,0.5,12.5,1.5],"rotation":270,"texture":"#0"}}},{"from":[8,-13,8],"to":[12,-5,8],"faces":{"north":{"uv":[10,0,12,4],"texture":"#0"},"east":{"uv":[0,0,0,4],"texture":"#0"},"south":{"uv":[12,0,10,4],"texture":"#0"},"west":{"uv":[0,0,0,4],"texture":"#0"},"up":{"uv":[0,0,2,0],"texture":"#0"},"down":{"uv":[0,0,2,0],"texture":"#0"}}},{"from":[4,-13,8],"to":[8,-5,8],"rotation":{"angle":0,"axis":"y","origin":[16,0,0]},"faces":{"north":{"uv":[12,0,10,4],"texture":"#0"},"east":{"uv":[0,0,0,4],"texture":"#0"},"south":{"uv":[10,0,12,4],"texture":"#0"},"west":{"uv":[0,0,0,4],"texture":"#0"},"up":{"uv":[2,0,0,0],"texture":"#0"},"down":{"uv":[2,0,0,0],"texture":"#0"}}}],"gui_light":"front","display":{"thirdperson_righthand":{"rotation":[0,110,0],"translation":[0,9.25,1.75],"scale":[0.7,0.7,0.7]},"thirdperson_lefthand":{"rotation":[180,-110,180],"translation":[0,10,1.75],"scale":[0.7,0.7,0.7]},"firstperson_righthand":{"rotation":[-176,80,170],"translation":[1.25,2.75,0.5],"scale":[0.5,0.5,0.5]},"firstperson_lefthand":{"rotation":[-176,80,170],"translation":[1.25,2.75,0.5],"scale":[0.5,0.5,0.5]},"ground":{"rotation":[82,0,0],"translation":[0,-1.25,0],"scale":[0.5,0.5,0.5]},"gui":{"rotation":[-3,0,-45],"translation":[-0.25,-0.25,-2],"scale":[0.43375,0.43375,0.43375]},"head":{"rotation":[0,-18,105],"translation":[2.5,8.75,2.25],"scale":[0.73516,0.73516,0.73516]},"fixed":{"rotation":[0,0,45],"translation":[1.25,-0.5,-1.25],"scale":[0.96484,0.96484,0.96484]}}}