{"credit":"Made with Blockbench","textures":{"0":"elitecreatures:fantasy_swords_v1/sword121tex","1":"elitecreatures:fantasy_swords_v1/sword12ani","particle":"elitecreatures:fantasy_swords_v1/sword121tex"},"elements":[{"from":[7.25,-8,7.25],"to":[8.75,-1,8.75],"rotation":{"angle":0,"axis":"y","origin":[10,4,16]},"faces":{"north":{"uv":[12.5,14.5,16,15.25],"rotation":90,"texture":"#0"},"east":{"uv":[12.5,15.25,16,16],"rotation":270,"texture":"#0"},"south":{"uv":[12.5,15.25,16,14.5],"rotation":90,"texture":"#0"},"west":{"uv":[12.5,16,16,15.25],"rotation":270,"texture":"#0"},"up":{"uv":[15.25,13.75,16,14.5],"rotation":90,"texture":"#0"},"down":{"uv":[15.25,13.75,16,14.5],"rotation":90,"texture":"#0"}}},{"from":[5,-12,7.5],"to":[9,-8,8.5],"rotation":{"angle":-45,"axis":"z","origin":[8,-11,1]},"faces":{"north":{"uv":[3.5,14,5.5,16],"rotation":90,"texture":"#0"},"east":{"uv":[3,14,3.5,16],"texture":"#0"},"south":{"uv":[3.5,14,5.5,16],"texture":"#0"},"west":{"uv":[5.5,14,6,16],"texture":"#0"},"up":{"uv":[5.5,14,6,16],"rotation":270,"texture":"#0"},"down":{"uv":[3,14,3.5,16],"rotation":270,"texture":"#0"}}},{"from":[-5,-6,7],"to":[-1,-2,9],"rotation":{"angle":-45,"axis":"z","origin":[8,-15,1]},"faces":{"north":{"uv":[3,14,1,16],"texture":"#0"},"east":{"uv":[0,13,2,14],"rotation":90,"texture":"#0"},"south":{"uv":[1,14,3,16],"texture":"#0"},"west":{"uv":[0,14,1,16],"texture":"#0"},"up":{"uv":[0,16,1,14],"rotation":90,"texture":"#0"},"down":{"uv":[1,9.5,3,10.5],"rotation":180,"texture":"#0"}}},{"from":[6.1,-7.9,7.5],"to":[8.1,-4.9,8.5],"rotation":{"angle":-45,"axis":"z","origin":[7.9,-10.9,1]},"faces":{"north":{"uv":[1.5,11.5,0.5,13],"texture":"#0"},"east":{"uv":[1.5,11.5,2,13],"texture":"#0"},"south":{"uv":[0.5,11.5,1.5,13],"texture":"#0"},"west":{"uv":[2,11.5,2.5,13],"texture":"#0"},"up":{"uv":[0,12,0.5,13],"rotation":90,"texture":"#0"},"down":{"uv":[0,12,0.5,13],"rotation":270,"texture":"#0"}}},{"from":[10.3,-6.86102,7.6],"to":[12.3,-0.86102,8.4],"rotation":{"angle":0,"axis":"y","origin":[13.6,-9.2,1]},"faces":{"north":{"uv":[3.5,11,2.5,14],"texture":"#0"},"east":{"uv":[3.5,11,4,14],"texture":"#0"},"south":{"uv":[2.5,11,3.5,14],"texture":"#0"},"west":{"uv":[4,11,4.5,14],"texture":"#0"},"up":{"uv":[2,13,2.5,14],"rotation":90,"texture":"#0"},"down":{"uv":[2,13,2.5,14],"rotation":270,"texture":"#0"}}},{"from":[11.6,-0.31102,7.5],"to":[13.6,1.68898,8.5],"rotation":{"angle":45,"axis":"z","origin":[13.6,-2.2,1]},"faces":{"north":{"uv":[15.25,13.5,14.25,14.5],"texture":"#0"},"east":{"uv":[12.75,13.5,13.25,14.5],"texture":"#0"},"south":{"uv":[14.25,13.5,15.25,14.5],"texture":"#0"},"west":{"uv":[13.25,13.5,13.75,14.5],"texture":"#0"},"up":{"uv":[13.75,13.5,14.25,14.5],"rotation":90,"texture":"#0"},"down":{"uv":[13.75,13.5,14.25,14.5],"rotation":270,"texture":"#0"}}},{"from":[10,18.5,7.5],"to":[14,19.5,8.5],"rotation":{"angle":-45,"axis":"z","origin":[11,19,8]},"faces":{"north":{"uv":[4.5,14,5,12],"rotation":270,"texture":"#0"},"east":{"uv":[5,12,4.5,11.5],"texture":"#0"},"south":{"uv":[5,14,4.5,12],"rotation":90,"texture":"#0"},"west":{"uv":[5,11.5,4.5,12],"rotation":180,"texture":"#0"},"up":{"uv":[5.5,14,6,12],"rotation":90,"texture":"#0"},"down":{"uv":[6,14,6.5,12],"rotation":90,"texture":"#0"}}},{"from":[10,24.5,7.5],"to":[14,25.5,8.5],"rotation":{"angle":45,"axis":"z","origin":[11,25,8]},"faces":{"north":{"uv":[4.5,14,5,12],"rotation":270,"texture":"#0"},"east":{"uv":[5,12,4.5,11.5],"texture":"#0"},"south":{"uv":[5,14,4.5,12],"rotation":90,"texture":"#0"},"west":{"uv":[5,12,4.5,11.5],"rotation":180,"texture":"#0"},"up":{"uv":[6,14,5.5,12],"rotation":90,"texture":"#0"},"down":{"uv":[6.5,14,6,12],"rotation":90,"texture":"#0"}}},{"from":[2,18.5,7.5],"to":[6,19.5,8.5],"rotation":{"angle":45,"axis":"z","origin":[5,19,8]},"faces":{"north":{"uv":[4.5,12,5,14],"rotation":270,"texture":"#0"},"east":{"uv":[4.5,11.5,5,12],"rotation":180,"texture":"#0"},"south":{"uv":[5,12,4.5,14],"rotation":90,"texture":"#0"},"west":{"uv":[4.5,12,5,11.5],"texture":"#0"},"up":{"uv":[5.5,12,6,14],"rotation":90,"texture":"#0"},"down":{"uv":[6,12,6.5,14],"rotation":90,"texture":"#0"}}},{"from":[2,24.5,7.5],"to":[6,25.5,8.5],"rotation":{"angle":-45,"axis":"z","origin":[5,25,8]},"faces":{"north":{"uv":[4.5,12,5,14],"rotation":270,"texture":"#0"},"east":{"uv":[4.5,12,5,11.5],"rotation":180,"texture":"#0"},"south":{"uv":[5,12,4.5,14],"rotation":90,"texture":"#0"},"west":{"uv":[4.5,12,5,11.5],"texture":"#0"},"up":{"uv":[6,12,5.5,14],"rotation":90,"texture":"#0"},"down":{"uv":[6.5,12,6,14],"rotation":90,"texture":"#0"}}},{"from":[5,23,7.25],"to":[7,25,8.75],"rotation":{"angle":0,"axis":"y","origin":[14,46,7]},"faces":{"north":{"uv":[0,10.5,1,11.5],"texture":"#0"},"east":{"uv":[0,9.5,0.75,10.5],"rotation":180,"texture":"#0"},"south":{"uv":[0,10.5,1,11.5],"texture":"#0"},"west":{"uv":[1,10.5,1.75,11.5],"texture":"#0"},"up":{"uv":[1,10.5,1.75,11.5],"rotation":270,"texture":"#0"},"down":{"uv":[0,9.5,0.75,10.5],"rotation":90,"texture":"#0"}}},{"from":[7,25,7.25],"to":[9,27,8.75],"rotation":{"angle":-45,"axis":"z","origin":[8,26,8]},"faces":{"north":{"uv":[0,10.5,1,11.5],"texture":"#0"},"east":{"uv":[0,9.5,0.75,10.5],"rotation":180,"texture":"#0"},"south":{"uv":[0,10.5,1,11.5],"texture":"#0"},"west":{"uv":[1,10.5,1.75,11.5],"texture":"#0"},"up":{"uv":[1,10.5,1.75,11.5],"rotation":270,"texture":"#0"},"down":{"uv":[0,9.5,0.75,10.5],"rotation":90,"texture":"#0"}}},{"from":[9,23,7.25],"to":[11,25,8.75],"rotation":{"angle":0,"axis":"y","origin":[2,46,7]},"faces":{"north":{"uv":[1,10.5,0,11.5],"texture":"#0"},"east":{"uv":[1.75,10.5,1,11.5],"texture":"#0"},"south":{"uv":[1,10.5,0,11.5],"texture":"#0"},"west":{"uv":[0.75,9.5,0,10.5],"rotation":180,"texture":"#0"},"up":{"uv":[1,11.5,1.75,10.5],"rotation":270,"texture":"#0"},"down":{"uv":[0,10.5,0.75,9.5],"rotation":90,"texture":"#0"}}},{"from":[9,19,7.25],"to":[11,21,8.75],"rotation":{"angle":0,"axis":"y","origin":[2,-30,7]},"faces":{"north":{"uv":[1,11.5,0,10.5],"texture":"#0"},"east":{"uv":[1.75,11.5,1,10.5],"texture":"#0"},"south":{"uv":[1,11.5,0,10.5],"texture":"#0"},"west":{"uv":[0.75,10.5,0,9.5],"rotation":180,"texture":"#0"},"up":{"uv":[0.75,10.5,0,9.5],"rotation":90,"texture":"#0"},"down":{"uv":[1.75,11.5,1,10.5],"rotation":270,"texture":"#0"}}},{"from":[5,19,7.25],"to":[7,21,8.75],"rotation":{"angle":0,"axis":"y","origin":[14,-30,7]},"faces":{"north":{"uv":[0,11.5,1,10.5],"texture":"#0"},"east":{"uv":[0,10.5,0.75,9.5],"rotation":180,"texture":"#0"},"south":{"uv":[0,11.5,1,10.5],"texture":"#0"},"west":{"uv":[1,11.5,1.75,10.5],"texture":"#0"},"up":{"uv":[0.75,9.5,0,10.5],"rotation":90,"texture":"#0"},"down":{"uv":[1.75,10.5,1,11.5],"rotation":270,"texture":"#0"}}},{"from":[7.5,26,7.5],"to":[8.5,30,8.5],"rotation":{"angle":0,"axis":"y","origin":[3,27,8]},"faces":{"north":{"uv":[5.5,14,5,12],"rotation":180,"texture":"#0"},"east":{"uv":[5,14,5.5,12],"rotation":180,"texture":"#0"},"south":{"uv":[5.5,12,5,14],"texture":"#0"},"west":{"uv":[5,12,5.5,14],"texture":"#0"},"up":{"uv":[5,11.5,5.5,12],"rotation":90,"texture":"#0"},"down":{"uv":[5,11.5,5.5,12],"rotation":90,"texture":"#0"}}},{"from":[3,0,8],"to":[13,16,8],"rotation":{"angle":0,"axis":"y","origin":[0,-4,0]},"faces":{"north":{"uv":[5,0,0,8],"texture":"#0"},"east":{"uv":[0,0,0,12],"texture":"#0"},"south":{"uv":[0,0,5,8],"texture":"#0"},"west":{"uv":[0,0,0,12],"texture":"#0"},"up":{"uv":[8,0,0,0],"texture":"#0"},"down":{"uv":[8,0,0,0],"texture":"#0"}}},{"from":[6,2,7.75],"to":[10,16,8.25],"rotation":{"angle":0,"axis":"y","origin":[0,-4,0]},"faces":{"north":{"uv":[3.5,0,1.5,7],"texture":"#0"},"east":{"uv":[3.25,0,3.5,7],"texture":"#0"},"south":{"uv":[1.5,0,3.5,7],"texture":"#0"},"west":{"uv":[1.5,0,1.75,7],"texture":"#0"},"up":{"uv":[3.5,0,1.5,0.25],"texture":"#0"},"down":{"uv":[3.5,6.75,1.5,7],"texture":"#0"}}},{"from":[0,14,8],"to":[16,32,8],"faces":{"north":{"uv":[8,0,16,9],"texture":"#0"},"east":{"uv":[0,0,0,12],"texture":"#0"},"south":{"uv":[8,0,16,9],"texture":"#0"},"west":{"uv":[0,0,0,12],"texture":"#0"},"up":{"uv":[0,0,12,0],"texture":"#0"},"down":{"uv":[0,0,12,0],"texture":"#0"}}},{"from":[4,5,9],"to":[12,21,9],"faces":{"north":{"uv":[12,0,4,16],"texture":"#1"},"east":{"uv":[0,0,0,12],"texture":"#1"},"south":{"uv":[4,0,12,16],"texture":"#1"},"west":{"uv":[0,0,0,12],"texture":"#1"},"up":{"uv":[0,0,12,0],"texture":"#1"},"down":{"uv":[0,0,12,0],"texture":"#1"}}},{"from":[4,5,7],"to":[12,21,7],"rotation":{"angle":0,"axis":"y","origin":[0,0,16]},"faces":{"north":{"uv":[12,0,4,16],"texture":"#1"},"east":{"uv":[0,0,0,12],"texture":"#1"},"south":{"uv":[4,0,12,16],"texture":"#1"},"west":{"uv":[0,0,0,12],"texture":"#1"},"up":{"uv":[0,0,12,0],"texture":"#1"},"down":{"uv":[0,0,12,0],"texture":"#1"}}},{"from":[10,-10,8],"to":[19,4,8],"faces":{"north":{"uv":[12.5,9,8,16],"texture":"#0"},"east":{"uv":[0,0,0,7],"texture":"#0"},"south":{"uv":[8,9,12.5,16],"texture":"#0"},"west":{"uv":[0,0,0,7],"texture":"#0"},"up":{"uv":[0,0,4.5,0],"texture":"#0"},"down":{"uv":[0,0,4.5,0],"texture":"#0"}}}],"gui_light":"front","display":{"thirdperson_righthand":{"rotation":[0,110,0],"translation":[0,7.25,1.75],"scale":[0.7,0.7,0.7]},"thirdperson_lefthand":{"rotation":[180,-110,180],"translation":[0,6,1.75],"scale":[0.7,0.7,0.7]},"firstperson_righthand":{"rotation":[-175.56,80,170],"translation":[0.5,5,0.5],"scale":[0.5,0.5,0.5]},"firstperson_lefthand":{"rotation":[-175.56,-88,-170],"translation":[0.5,5,0.5],"scale":[0.5,0.5,0.5]},"ground":{"rotation":[82,0,0],"translation":[0,-1.25,0],"scale":[0.5,0.5,0.5]},"gui":{"rotation":[-3,0,-45],"translation":[-1,-0.75,-2],"scale":[0.42398,0.42398,0.42398]},"head":{"rotation":[0,-18,105],"translation":[2.5,8.75,2.25],"scale":[0.73516,0.73516,0.73516]},"fixed":{"rotation":[0,0,45],"translation":[1.25,-0.5,-1.25],"scale":[0.96484,0.96484,0.96484]}}}