{"credit":"Made with Blockbench","textures":{"0":"elitecreatures:fantasy_swords_v1/sword161tex","particle":"elitecreatures:fantasy_swords_v1/sword161tex"},"elements":[{"from":[7.35,-7,7.5],"to":[8.85,-4,8.5],"rotation":{"angle":-22.5,"axis":"z","origin":[8.1,-6.5,8]},"faces":{"north":{"uv":[14.5,15.25,16,16],"rotation":90,"texture":"#0"},"east":{"uv":[11.5,16,13,15.5],"rotation":270,"texture":"#0"},"south":{"uv":[14.5,16,16,15.25],"rotation":90,"texture":"#0"},"west":{"uv":[13.5,10,15,10.5],"rotation":270,"texture":"#0"},"up":{"uv":[14,16,14.5,15.25],"rotation":270,"texture":"#0"},"down":{"uv":[14,16,14.5,15.25],"rotation":270,"texture":"#0"}}},{"from":[7.20495,-8.67081,7.25],"to":[8.70495,-6.67081,8.75],"rotation":{"angle":0,"axis":"y","origin":[7.2,-6.7,8]},"faces":{"north":{"uv":[12.5,11.5,13.5,12.25],"rotation":90,"texture":"#0"},"east":{"uv":[12.5,11.5,13.5,10.75],"rotation":270,"texture":"#0"},"south":{"uv":[12.5,12.25,13.5,11.5],"rotation":90,"texture":"#0"},"west":{"uv":[11.5,11.5,12.5,12.25],"rotation":270,"texture":"#0"},"up":{"uv":[11.75,11.5,12.5,10.75],"rotation":270,"texture":"#0"},"down":{"uv":[11.75,11.5,12.5,10.75],"rotation":270,"texture":"#0"}}},{"from":[7.70495,-9.97081,7],"to":[10.20495,-8.47081,9],"rotation":{"angle":45,"axis":"z","origin":[7.95495,-9.67081,8]},"faces":{"north":{"uv":[9.75,12.75,10.5,14],"rotation":90,"texture":"#0"},"east":{"uv":[9,13.75,9.75,12.75],"rotation":270,"texture":"#0"},"south":{"uv":[9.75,14,10.5,12.75],"rotation":90,"texture":"#0"},"west":{"uv":[9,13.75,9.75,14.75],"rotation":270,"texture":"#0"},"up":{"uv":[8.5,16,9.5,14.75],"rotation":270,"texture":"#0"},"down":{"uv":[10.5,14,11.5,12.75],"rotation":270,"texture":"#0"}}},{"from":[8.23716,-4.46005,7.75],"to":[9.73716,-0.46005,8.25],"rotation":{"angle":22.5,"axis":"z","origin":[9.7,-4.5,8]},"faces":{"north":{"uv":[14,14.5,16,15.25],"rotation":90,"texture":"#0"},"east":{"uv":[9.5,16,11.5,15.75],"rotation":270,"texture":"#0"},"south":{"uv":[14,15.25,16,14.5],"rotation":90,"texture":"#0"},"west":{"uv":[9.5,15.5,11.5,15.75],"rotation":270,"texture":"#0"},"up":{"uv":[13.75,15.25,14,14.5],"rotation":270,"texture":"#0"},"down":{"uv":[13.75,15.25,14,14.5],"rotation":270,"texture":"#0"}}},{"from":[6.79182,-1.32625,7.5],"to":[8.29182,0.17375,8.5],"rotation":{"angle":-22.5,"axis":"z","origin":[6.8,-1.3,8]},"faces":{"north":{"uv":[15.25,13.75,16,14.5],"rotation":90,"texture":"#0"},"east":{"uv":[14.25,11,15,10.5],"rotation":270,"texture":"#0"},"south":{"uv":[15.25,14.5,16,13.75],"rotation":90,"texture":"#0"},"west":{"uv":[15.25,12.75,16,13.25],"rotation":270,"texture":"#0"},"up":{"uv":[13,10.75,13.5,10],"rotation":270,"texture":"#0"},"down":{"uv":[13,10.75,13.5,10],"rotation":270,"texture":"#0"}}},{"from":[7.25,-0.49245,7.25],"to":[8.75,2.00755,8.75],"rotation":{"angle":0,"axis":"y","origin":[8.85,-0.5,8]},"faces":{"north":{"uv":[13.75,11.75,15,12.5],"rotation":90,"texture":"#0"},"east":{"uv":[13.75,11.75,15,11],"rotation":270,"texture":"#0"},"south":{"uv":[13.75,12.5,15,11.75],"rotation":90,"texture":"#0"},"west":{"uv":[13.25,15.25,14.5,16],"rotation":270,"texture":"#0"},"up":{"uv":[15,11.75,15.75,11],"rotation":270,"texture":"#0"},"down":{"uv":[15,11.75,15.75,11],"rotation":270,"texture":"#0"}}},{"from":[6.25,2,6.25],"to":[9.75,3.5,9.75],"rotation":{"angle":0,"axis":"y","origin":[8.1426,2.25755,9]},"faces":{"north":{"uv":[8.75,11,9.5,12.75],"rotation":90,"texture":"#0"},"east":{"uv":[8,12.75,8.75,11],"rotation":270,"texture":"#0"},"south":{"uv":[8.75,12.75,9.5,11],"rotation":90,"texture":"#0"},"west":{"uv":[8,12.75,8.75,11],"rotation":270,"texture":"#0"},"up":{"uv":[9.5,12.75,11.25,11],"rotation":270,"texture":"#0"},"down":{"uv":[9.5,11,11.25,9.25],"rotation":270,"texture":"#0"}}},{"from":[6.75,1,6.75],"to":[9.25,2,9.25],"rotation":{"angle":0,"axis":"y","origin":[8.1426,2.25755,9]},"faces":{"north":{"uv":[11,14,11.5,15.25],"rotation":90,"texture":"#0"},"east":{"uv":[11.5,15.5,12,14.25],"rotation":270,"texture":"#0"},"south":{"uv":[11,15.25,11.5,14],"rotation":90,"texture":"#0"},"west":{"uv":[11.5,15.5,12,14.25],"rotation":270,"texture":"#0"},"up":{"uv":[9.75,15.25,11,14],"rotation":270,"texture":"#0"},"down":{"uv":[9.75,15.25,11,14],"rotation":270,"texture":"#0"}}},{"from":[4.25,3.2,6.75],"to":[6.75,3.7,9.25],"rotation":{"angle":-22.5,"axis":"z","origin":[6,3.75,8]},"faces":{"north":{"uv":[12.5,14,12.75,15.25],"rotation":90,"texture":"#0"},"east":{"uv":[14,13.75,14.25,12.5],"rotation":270,"texture":"#0"},"south":{"uv":[12.5,15.25,12.75,14],"rotation":90,"texture":"#0"},"west":{"uv":[13.75,12.75,14,14],"rotation":270,"texture":"#0"},"up":{"uv":[12.75,15.25,14,14],"rotation":270,"texture":"#0"},"down":{"uv":[12.75,15.25,14,14],"rotation":270,"texture":"#0"}}},{"from":[3.75,2.5,6.75],"to":[6.25,3,9.25],"rotation":{"angle":0,"axis":"y","origin":[6,3.75,8]},"faces":{"north":{"uv":[12.5,14,12.75,15.25],"rotation":90,"texture":"#0"},"east":{"uv":[14,13.75,14.25,12.5],"rotation":270,"texture":"#0"},"south":{"uv":[12.5,15.25,12.75,14],"rotation":90,"texture":"#0"},"west":{"uv":[13.75,12.75,14,14],"rotation":270,"texture":"#0"},"up":{"uv":[12.75,15.25,14,14],"rotation":270,"texture":"#0"},"down":{"uv":[12.75,15.25,14,14],"rotation":270,"texture":"#0"}}},{"from":[5.8926,3,6.6074],"to":[6.3926,6,9.1074],"rotation":{"angle":22.5,"axis":"z","origin":[6.1426,4.75755,8]},"faces":{"north":{"uv":[12,12.25,13.5,12.5],"rotation":270,"texture":"#0"},"east":{"uv":[12,12.75,13.5,14],"rotation":90,"texture":"#0"},"south":{"uv":[12,12.75,13.5,12.5],"rotation":270,"texture":"#0"},"west":{"uv":[12,14,13.5,12.75],"rotation":90,"texture":"#0"},"up":{"uv":[11.75,14,12,12.75],"texture":"#0"},"down":{"uv":[11.75,14,12,12.75],"rotation":180,"texture":"#0"}}},{"from":[5.4426,5.8,6.8574],"to":[5.9426,6.8,8.8574],"rotation":{"angle":0,"axis":"y","origin":[6.1426,4.75755,8]},"faces":{"north":{"uv":[15.5,9.25,16,9.5],"rotation":270,"texture":"#0"},"east":{"uv":[15.5,9.5,16,10.5],"rotation":90,"texture":"#0"},"south":{"uv":[15.5,9,16,9.25],"rotation":270,"texture":"#0"},"west":{"uv":[15.5,10.5,16,9.5],"rotation":90,"texture":"#0"},"up":{"uv":[15.25,10.5,15.5,9.5],"texture":"#0"},"down":{"uv":[15.25,10.5,15.5,9.5],"rotation":180,"texture":"#0"}}},{"from":[10.0574,5.8,6.8574],"to":[10.5574,6.8,8.8574],"rotation":{"angle":0,"axis":"y","origin":[9.8574,4.75755,8]},"faces":{"north":{"uv":[15.5,9.5,16,9.25],"rotation":270,"texture":"#0"},"east":{"uv":[15.5,9.5,16,10.5],"rotation":90,"texture":"#0"},"south":{"uv":[15.5,9,16,9.25],"rotation":270,"texture":"#0"},"west":{"uv":[15.5,10.5,16,9.5],"rotation":90,"texture":"#0"},"up":{"uv":[15.5,10.5,15.25,9.5],"texture":"#0"},"down":{"uv":[15.5,10.5,15.25,9.5],"rotation":180,"texture":"#0"}}},{"from":[9.25,3.2,6.75],"to":[11.75,3.7,9.25],"rotation":{"angle":22.5,"axis":"z","origin":[10,3.75,8]},"faces":{"north":{"uv":[12.5,15.25,12.75,14],"rotation":90,"texture":"#0"},"east":{"uv":[13.75,14,14,12.75],"rotation":270,"texture":"#0"},"south":{"uv":[12.5,14,12.75,15.25],"rotation":90,"texture":"#0"},"west":{"uv":[14,12.5,14.25,13.75],"rotation":270,"texture":"#0"},"up":{"uv":[12.75,14,14,15.25],"rotation":270,"texture":"#0"},"down":{"uv":[12.75,14,14,15.25],"rotation":270,"texture":"#0"}}},{"from":[9.75,2.5,6.75],"to":[12.25,3,9.25],"rotation":{"angle":0,"axis":"y","origin":[10,3.75,8]},"faces":{"north":{"uv":[12.5,15.25,12.75,14],"rotation":90,"texture":"#0"},"east":{"uv":[13.75,14,14,12.75],"rotation":270,"texture":"#0"},"south":{"uv":[12.5,14,12.75,15.25],"rotation":90,"texture":"#0"},"west":{"uv":[14,12.5,14.25,13.75],"rotation":270,"texture":"#0"},"up":{"uv":[12.75,14,14,15.25],"rotation":270,"texture":"#0"},"down":{"uv":[12.75,14,14,15.25],"rotation":270,"texture":"#0"}}},{"from":[9.6074,3,6.6074],"to":[10.1074,6,9.1074],"rotation":{"angle":-22.5,"axis":"z","origin":[9.8574,4.75755,8]},"faces":{"north":{"uv":[12,12.5,13.5,12.25],"rotation":270,"texture":"#0"},"east":{"uv":[12,12.75,13.5,14],"rotation":90,"texture":"#0"},"south":{"uv":[12,12.5,13.5,12.75],"rotation":270,"texture":"#0"},"west":{"uv":[12,14,13.5,12.75],"rotation":90,"texture":"#0"},"up":{"uv":[12,14,11.75,12.75],"texture":"#0"},"down":{"uv":[12,14,11.75,12.75],"rotation":180,"texture":"#0"}}},{"from":[7,4.8,10.2],"to":[9,5.8,10.7],"rotation":{"angle":0,"axis":"y","origin":[7.8574,3.75755,10]},"faces":{"north":{"uv":[15.5,10.5,16,9.5],"rotation":90,"texture":"#0"},"east":{"uv":[15.5,9.5,16,9.25],"rotation":270,"texture":"#0"},"south":{"uv":[15.5,9.5,16,10.5],"rotation":90,"texture":"#0"},"west":{"uv":[15.5,9,16,9.25],"rotation":270,"texture":"#0"},"up":{"uv":[15.5,10.5,15.25,9.5],"rotation":90,"texture":"#0"},"down":{"uv":[15.5,10.5,15.25,9.5],"rotation":90,"texture":"#0"}}},{"from":[6.75,2,9.75],"to":[9.25,5,10.25],"rotation":{"angle":22.5,"axis":"x","origin":[7.8574,3.75755,10]},"faces":{"north":{"uv":[12,14,13.5,12.75],"rotation":90,"texture":"#0"},"east":{"uv":[12,12.5,13.5,12.25],"rotation":270,"texture":"#0"},"south":{"uv":[12,12.75,13.5,14],"rotation":90,"texture":"#0"},"west":{"uv":[12,12.5,13.5,12.75],"rotation":270,"texture":"#0"},"up":{"uv":[12,14,11.75,12.75],"rotation":90,"texture":"#0"},"down":{"uv":[12,14,11.75,12.75],"rotation":90,"texture":"#0"}}},{"from":[7,4.8,5.3],"to":[9,5.8,5.8],"rotation":{"angle":0,"axis":"y","origin":[7.8574,3.75755,6]},"faces":{"north":{"uv":[15.5,10.5,16,9.5],"rotation":90,"texture":"#0"},"east":{"uv":[15.5,9.25,16,9.5],"rotation":270,"texture":"#0"},"south":{"uv":[15.5,9.5,16,10.5],"rotation":90,"texture":"#0"},"west":{"uv":[15.5,9,16,9.25],"rotation":270,"texture":"#0"},"up":{"uv":[15.25,10.5,15.5,9.5],"rotation":90,"texture":"#0"},"down":{"uv":[15.25,10.5,15.5,9.5],"rotation":90,"texture":"#0"}}},{"from":[6.75,2,5.75],"to":[9.25,5,6.25],"rotation":{"angle":-22.5,"axis":"x","origin":[7.8574,3.75755,6]},"faces":{"north":{"uv":[12,14,13.5,12.75],"rotation":90,"texture":"#0"},"east":{"uv":[12,12.25,13.5,12.5],"rotation":270,"texture":"#0"},"south":{"uv":[12,12.75,13.5,14],"rotation":90,"texture":"#0"},"west":{"uv":[12,12.75,13.5,12.5],"rotation":270,"texture":"#0"},"up":{"uv":[11.75,14,12,12.75],"rotation":90,"texture":"#0"},"down":{"uv":[11.75,14,12,12.75],"rotation":90,"texture":"#0"}}},{"from":[5,4,8],"to":[11,26,8],"faces":{"north":{"uv":[0,0,3,11],"texture":"#0"},"east":{"uv":[0,0,0,10],"texture":"#0"},"south":{"uv":[3,0,0,11],"texture":"#0"},"west":{"uv":[0,0,0,10],"texture":"#0"},"up":{"uv":[3,0,0,0],"texture":"#0"},"down":{"uv":[3,0,0,0],"texture":"#0"}}},{"from":[6,4,7.75],"to":[10,17,8.25],"faces":{"north":{"uv":[0.5,4.5,2.5,11],"texture":"#0"},"east":{"uv":[0.5,4.5,0.75,11],"texture":"#0"},"south":{"uv":[2.5,4.5,0.5,11],"texture":"#0"},"west":{"uv":[2.25,4.5,2.5,11],"texture":"#0"},"up":{"uv":[2.5,4.5,0.5,4.75],"texture":"#0"},"down":{"uv":[2.5,10.75,0.5,11],"texture":"#0"}}},{"from":[5.25,2.5,5.25],"to":[6.75,4,6.75],"rotation":{"angle":-45,"axis":"x","origin":[6,3.25,6]},"faces":{"north":{"uv":[8,13.5,8.75,14.25],"texture":"#0"},"east":{"uv":[8,12.75,8.75,13.5],"texture":"#0"},"south":{"uv":[8,13.5,8.75,14.25],"texture":"#0"},"west":{"uv":[8,12.75,8.75,13.5],"texture":"#0"},"up":{"uv":[7.25,13.5,8,14.25],"texture":"#0"},"down":{"uv":[7.25,12.75,8,13.5],"texture":"#0"}}},{"from":[9.25,2.5,5.25],"to":[10.75,4,6.75],"rotation":{"angle":-45,"axis":"x","origin":[10,3.25,6]},"faces":{"north":{"uv":[8.75,13.5,8,14.25],"texture":"#0"},"east":{"uv":[8.75,12.75,8,13.5],"texture":"#0"},"south":{"uv":[8.75,13.5,8,14.25],"texture":"#0"},"west":{"uv":[8.75,12.75,8,13.5],"texture":"#0"},"up":{"uv":[8,13.5,7.25,14.25],"texture":"#0"},"down":{"uv":[8,12.75,7.25,13.5],"texture":"#0"}}},{"from":[9.25,2.5,9.25],"to":[10.75,4,10.75],"rotation":{"angle":45,"axis":"x","origin":[10,3.25,10]},"faces":{"north":{"uv":[8,13.5,8.75,14.25],"texture":"#0"},"east":{"uv":[8,12.75,8.75,13.5],"texture":"#0"},"south":{"uv":[8,13.5,8.75,14.25],"texture":"#0"},"west":{"uv":[8,12.75,8.75,13.5],"texture":"#0"},"up":{"uv":[8,14.25,7.25,13.5],"texture":"#0"},"down":{"uv":[8,13.5,7.25,12.75],"texture":"#0"}}},{"from":[5.25,2.5,9.25],"to":[6.75,4,10.75],"rotation":{"angle":45,"axis":"x","origin":[6,3.25,10]},"faces":{"north":{"uv":[8.75,13.5,8,14.25],"texture":"#0"},"east":{"uv":[8.75,12.75,8,13.5],"texture":"#0"},"south":{"uv":[8.75,13.5,8,14.25],"texture":"#0"},"west":{"uv":[8.75,12.75,8,13.5],"texture":"#0"},"up":{"uv":[7.25,14.25,8,13.5],"texture":"#0"},"down":{"uv":[7.25,13.5,8,12.75],"texture":"#0"}}}],"gui_light":"front","display":{"thirdperson_righthand":{"rotation":[0,110,0],"translation":[0,7.25,1.75],"scale":[0.7,0.7,0.7]},"thirdperson_lefthand":{"rotation":[180,-110,180],"translation":[0,6,1.75],"scale":[0.7,0.7,0.7]},"firstperson_righthand":{"rotation":[-175.56,80,170],"translation":[0.5,5,0.5],"scale":[0.5,0.5,0.5]},"firstperson_lefthand":{"rotation":[-175.56,-88,-170],"translation":[0.5,5,0.5],"scale":[0.5,0.5,0.5]},"ground":{"rotation":[82,0,0],"translation":[0,-1.25,0],"scale":[0.5,0.5,0.5]},"gui":{"rotation":[-3,0,-45],"translation":[0,-0.25,-2],"scale":[0.50211,0.50211,0.50211]},"head":{"rotation":[0,-18,105],"translation":[2.5,8.75,2.25],"scale":[0.73516,0.73516,0.73516]},"fixed":{"rotation":[0,0,45],"translation":[1.25,-0.5,-1.25],"scale":[0.96484,0.96484,0.96484]}}}