{"credit":"Made with Blockbench","textures":{"0":"elitecreatures:fantasy_swords_v1/sword021tex","particle":"elitecreatures:fantasy_swords_v1/sword021tex"},"elements":[{"from":[7,-8,7.25],"to":[9,0,8.75],"rotation":{"angle":0,"axis":"y","origin":[6,1,0]},"faces":{"north":{"uv":[12,6.5,16,7.5],"rotation":90,"texture":"#0"},"east":{"uv":[12,7.5,16,8.25],"rotation":270,"texture":"#0"},"south":{"uv":[12,6.5,16,7.5],"rotation":90,"texture":"#0"},"west":{"uv":[12,7.5,16,8.25],"rotation":270,"texture":"#0"},"up":{"uv":[15.25,5.5,16,6.5],"rotation":270,"texture":"#0"},"down":{"uv":[15.25,5.5,16,6.5],"rotation":270,"texture":"#0"}}},{"from":[6.75,-7,6.75],"to":[9.25,-6,9.25],"rotation":{"angle":0,"axis":"y","origin":[16,2,0]},"faces":{"north":{"uv":[4.75,15.5,6,16],"texture":"#0"},"east":{"uv":[4.75,13.75,6,14.25],"texture":"#0"},"south":{"uv":[4.75,15.5,6,16],"texture":"#0"},"west":{"uv":[4.75,13.75,6,14.25],"texture":"#0"},"up":{"uv":[4.75,14.25,6,15.5],"rotation":90,"texture":"#0"},"down":{"uv":[6,14.25,7.25,15.5],"rotation":270,"texture":"#0"}}},{"from":[6.75,-2,6.75],"to":[9.25,-1,9.25],"rotation":{"angle":0,"axis":"y","origin":[16,2,0]},"faces":{"north":{"uv":[4.75,15.5,6,16],"texture":"#0"},"east":{"uv":[4.75,13.75,6,14.25],"texture":"#0"},"south":{"uv":[4.75,15.5,6,16],"texture":"#0"},"west":{"uv":[4.75,13.75,6,14.25],"texture":"#0"},"up":{"uv":[4.75,14.25,6,15.5],"rotation":90,"texture":"#0"},"down":{"uv":[6,14.25,7.25,15.5],"rotation":270,"texture":"#0"}}},{"from":[6.85,-4.5,6.75],"to":[9.15,-3.5,9.25],"rotation":{"angle":-22.5,"axis":"x","origin":[8,-4,8]},"faces":{"north":{"uv":[4.75,15.5,6,16],"texture":"#0"},"east":{"uv":[4.75,13.75,6,14.25],"texture":"#0"},"south":{"uv":[4.75,15.5,6,16],"texture":"#0"},"west":{"uv":[4.75,13.75,6,14.25],"texture":"#0"},"up":{"uv":[4.75,14.25,6,15.5],"rotation":90,"texture":"#0"},"down":{"uv":[6,14.25,7.25,15.5],"rotation":270,"texture":"#0"}}},{"from":[6.75,-4.5,6.75],"to":[9.25,-3.5,9.25],"rotation":{"angle":22.5,"axis":"x","origin":[8,-4,8]},"faces":{"north":{"uv":[4.75,15.5,6,16],"texture":"#0"},"east":{"uv":[4.75,13.75,6,14.25],"texture":"#0"},"south":{"uv":[4.75,15.5,6,16],"texture":"#0"},"west":{"uv":[4.75,13.75,6,14.25],"texture":"#0"},"up":{"uv":[4.75,14.25,6,15.5],"rotation":90,"texture":"#0"},"down":{"uv":[6,14.25,7.25,15.5],"rotation":270,"texture":"#0"}}},{"from":[6.75,-8,7],"to":[9.25,-7.5,9],"rotation":{"angle":0,"axis":"y","origin":[6,1,0]},"faces":{"north":{"uv":[15.5,3,15.75,4.25],"rotation":90,"texture":"#0"},"east":{"uv":[15.75,3.25,16,4.25],"rotation":270,"texture":"#0"},"south":{"uv":[15.5,3,15.75,4.25],"rotation":90,"texture":"#0"},"west":{"uv":[15.75,3.25,16,4.25],"rotation":270,"texture":"#0"},"up":{"uv":[15,4.25,16,5.5],"rotation":270,"texture":"#0"},"down":{"uv":[15,4.25,16,5.5],"rotation":270,"texture":"#0"}}},{"from":[5,1,6.75],"to":[11,2,9.25],"rotation":{"angle":0,"axis":"y","origin":[6,1,0]},"faces":{"north":{"uv":[13,13,13.5,16],"rotation":90,"texture":"#0"},"east":{"uv":[11,8.25,11.5,9.5],"rotation":270,"texture":"#0"},"south":{"uv":[13,13,13.5,16],"rotation":90,"texture":"#0"},"west":{"uv":[11,8.25,11.5,9.5],"rotation":270,"texture":"#0"},"up":{"uv":[14.75,13,16,16],"rotation":270,"texture":"#0"},"down":{"uv":[13.5,13,14.75,16],"rotation":270,"texture":"#0"}}},{"from":[3.5,2,6.25],"to":[12.5,4,9.75],"rotation":{"angle":0,"axis":"y","origin":[6,1,0]},"faces":{"north":{"uv":[13.25,8.25,14.25,12.75],"rotation":90,"texture":"#0"},"east":{"uv":[11,6.5,12,8.25],"rotation":270,"texture":"#0"},"south":{"uv":[13.25,8.25,14.25,12.75],"rotation":90,"texture":"#0"},"west":{"uv":[11,6.5,12,8.25],"rotation":270,"texture":"#0"},"up":{"uv":[11.5,8.25,13.25,12.75],"rotation":270,"texture":"#0"},"down":{"uv":[14.25,8.25,16,12.75],"rotation":270,"texture":"#0"}}},{"from":[6,-10.1,7.5],"to":[8,-9.1,8.5],"rotation":{"angle":45,"axis":"z","origin":[6.5,-9.5,8]},"faces":{"north":{"uv":[1.75,14.75,2.75,15.25],"texture":"#0"},"east":{"uv":[1.75,13.75,2.25,14.25],"texture":"#0"},"south":{"uv":[2.75,14.75,1.75,15.25],"texture":"#0"},"west":{"uv":[1.75,13.75,2.25,14.25],"texture":"#0"},"up":{"uv":[1.75,14.25,2.75,14.75],"texture":"#0"},"down":{"uv":[1.75,15.25,2.75,15.75],"texture":"#0"}}},{"from":[6.1,-11.2,7.75],"to":[7.6,-8.2,8.25],"rotation":{"angle":22.5,"axis":"z","origin":[9.5,-9.5,8]},"faces":{"north":{"uv":[4,13.5,2.5,14.25],"rotation":270,"texture":"#0"},"east":{"uv":[1.75,15.75,3.25,16],"rotation":90,"texture":"#0"},"south":{"uv":[2.5,13.5,4,14.25],"rotation":90,"texture":"#0"},"west":{"uv":[1.75,15.75,3.25,16],"rotation":90,"texture":"#0"},"up":{"uv":[2.25,13.5,2.5,14.25],"rotation":90,"texture":"#0"},"down":{"uv":[2.25,13.5,2.5,14.25],"rotation":90,"texture":"#0"}}},{"from":[8,-10.1,7.5],"to":[10,-9.1,8.5],"rotation":{"angle":-45,"axis":"z","origin":[9.5,-9.5,8]},"faces":{"north":{"uv":[2.75,14.75,1.75,15.25],"texture":"#0"},"east":{"uv":[2.25,13.75,1.75,14.25],"texture":"#0"},"south":{"uv":[1.75,14.75,2.75,15.25],"texture":"#0"},"west":{"uv":[2.25,13.75,1.75,14.25],"texture":"#0"},"up":{"uv":[2.75,14.25,1.75,14.75],"texture":"#0"},"down":{"uv":[2.75,15.25,1.75,15.75],"texture":"#0"}}},{"from":[8.4,-11.2,7.75],"to":[9.9,-8.2,8.25],"rotation":{"angle":-22.5,"axis":"z","origin":[6.5,-9.5,8]},"faces":{"north":{"uv":[4,14.25,2.5,13.5],"rotation":270,"texture":"#0"},"east":{"uv":[1.75,16,3.25,15.75],"rotation":90,"texture":"#0"},"south":{"uv":[2.5,14.25,4,13.5],"rotation":90,"texture":"#0"},"west":{"uv":[1.75,16,3.25,15.75],"rotation":90,"texture":"#0"},"up":{"uv":[2.25,14.25,2.5,13.5],"rotation":90,"texture":"#0"},"down":{"uv":[2.25,14.25,2.5,13.5],"rotation":90,"texture":"#0"}}},{"from":[7,-12.5,7.25],"to":[9,-8,8.75],"rotation":{"angle":0,"axis":"y","origin":[0,-16,7]},"faces":{"north":{"uv":[0.75,13.75,1.75,16],"texture":"#0"},"east":{"uv":[0,13.75,0.75,16],"texture":"#0"},"south":{"uv":[0.75,13.75,1.75,16],"texture":"#0"},"west":{"uv":[0,13.75,0.75,16],"texture":"#0"},"up":{"uv":[0,13,1,13.75],"texture":"#0"},"down":{"uv":[1,13,2,13.75],"texture":"#0"}}},{"from":[7,-13.5,7.75],"to":[9,-12.5,8.25],"rotation":{"angle":0,"axis":"y","origin":[0,-16,7]},"faces":{"north":{"uv":[15.25,6,14.25,6.5],"texture":"#0"},"east":{"uv":[14,6,14.25,6.5],"texture":"#0"},"south":{"uv":[14.25,6,15.25,6.5],"texture":"#0"},"west":{"uv":[14,6,14.25,6.5],"texture":"#0"},"up":{"uv":[14.25,5.75,15.25,6],"texture":"#0"},"down":{"uv":[14.25,5.75,15.25,6],"texture":"#0"}}},{"from":[7.5,2.5,7],"to":[11.5,6.5,9],"rotation":{"angle":-45,"axis":"z","origin":[8,6,8]},"faces":{"north":{"uv":[14,0,16,2],"texture":"#0"},"east":{"uv":[14,0,15,2],"texture":"#0"},"south":{"uv":[14,0,16,2],"rotation":270,"texture":"#0"},"west":{"uv":[14,3,16,2],"rotation":90,"texture":"#0"},"up":{"uv":[14,2,16,3],"texture":"#0"},"down":{"uv":[14,0,16,1],"texture":"#0"}}},{"from":[11.2,21.2,7.5],"to":[14.2,24.2,8.5],"rotation":{"angle":22.5,"axis":"z","origin":[8,6,8]},"faces":{"north":{"uv":[10.5,16,12,14.5],"rotation":270,"texture":"#0"},"east":{"uv":[11.5,13,11,14.5],"rotation":180,"texture":"#0"},"south":{"uv":[10.5,14.5,12,16],"rotation":270,"texture":"#0"},"west":{"uv":[11.5,13,13,13.5],"rotation":90,"texture":"#0"},"up":{"uv":[12,14.5,12.5,16],"rotation":90,"texture":"#0"},"down":{"uv":[11.5,13.5,13,14],"rotation":180,"texture":"#0"}}},{"from":[4.8,9.7,7.5],"to":[7.8,12.7,8.5],"rotation":{"angle":-22.5,"axis":"z","origin":[8,10,8]},"faces":{"north":{"uv":[12,14.5,10.5,16],"texture":"#0"},"east":{"uv":[12,14.5,12.5,16],"rotation":180,"texture":"#0"},"south":{"uv":[10.5,14.5,12,16],"texture":"#0"},"west":{"uv":[11.5,13.5,13,14],"rotation":270,"texture":"#0"},"up":{"uv":[11.5,13,13,13.5],"rotation":180,"texture":"#0"},"down":{"uv":[11,13,11.5,14.5],"rotation":270,"texture":"#0"}}},{"from":[-1.6,13.3,7.5],"to":[1.4,16.3,8.5],"rotation":{"angle":-45,"axis":"z","origin":[8,6,8]},"faces":{"north":{"uv":[10.5,16,12,14.5],"rotation":270,"texture":"#0"},"east":{"uv":[11,13,11.5,14.5],"rotation":180,"texture":"#0"},"south":{"uv":[10.5,14.5,12,16],"rotation":270,"texture":"#0"},"west":{"uv":[13,13,11.5,13.5],"rotation":270,"texture":"#0"},"up":{"uv":[12,14.5,12.5,16],"rotation":90,"texture":"#0"},"down":{"uv":[11.5,13.5,13,14],"rotation":180,"texture":"#0"}}},{"from":[6,0.2,6.1],"to":[8,7.2,9.9],"rotation":{"angle":-45,"axis":"z","origin":[6,1,8]},"faces":{"north":{"uv":[7.5,9.5,8.5,13],"texture":"#0"},"east":{"uv":[9.5,9.5,11.5,13],"texture":"#0"},"south":{"uv":[8.5,9.5,7.5,13],"texture":"#0"},"west":{"uv":[9,6,11,9.5],"texture":"#0"},"up":{"uv":[8.5,9.5,9.5,11.5],"texture":"#0"},"down":{"uv":[8.5,11.5,9.5,13.5],"texture":"#0"}}},{"from":[8,0.2,6],"to":[10,7.2,10],"rotation":{"angle":45,"axis":"z","origin":[10,1,8]},"faces":{"north":{"uv":[8.5,9.5,7.5,13],"texture":"#0"},"east":{"uv":[11,6,9,9.5],"texture":"#0"},"south":{"uv":[7.5,9.5,8.5,13],"texture":"#0"},"west":{"uv":[11.5,9.5,9.5,13],"texture":"#0"},"up":{"uv":[9.5,9.5,8.5,11.5],"texture":"#0"},"down":{"uv":[9.5,11.5,8.5,13.5],"texture":"#0"}}},{"from":[1,4,8],"to":[15,29,8],"faces":{"north":{"uv":[0,0,7,12.5],"texture":"#0"},"east":{"uv":[0,0,0,12],"texture":"#0"},"south":{"uv":[7,0,0,12.5],"texture":"#0"},"west":{"uv":[0,0,0,12],"texture":"#0"},"up":{"uv":[0,0,7,0],"texture":"#0"},"down":{"uv":[0,0,7,0],"texture":"#0"}}},{"from":[8.5,4,7.75],"to":[11,22,8.25],"faces":{"north":{"uv":[2,3.5,3.25,12.5],"texture":"#0"},"east":{"uv":[2,3.5,2.25,12.5],"texture":"#0"},"south":{"uv":[3.25,3.5,2,12.5],"texture":"#0"},"west":{"uv":[3,3.5,3.25,12.5],"texture":"#0"},"up":{"uv":[2,3.5,3.25,3.75],"texture":"#0"},"down":{"uv":[2,12.25,3.25,12.5],"texture":"#0"}}},{"from":[-2,-3,7.5],"to":[6,5,7.5],"rotation":{"angle":-45,"axis":"y","origin":[6,1,7.5]},"faces":{"north":{"uv":[10,0,14,4],"texture":"#0"},"east":{"uv":[0,0,0,4],"texture":"#0"},"south":{"uv":[14,0,10,4],"texture":"#0"},"west":{"uv":[0,0,0,4],"texture":"#0"},"up":{"uv":[0,0,4,0],"texture":"#0"},"down":{"uv":[0,0,4,0],"texture":"#0"}}},{"from":[-2,-3,8.5],"to":[6,5,8.5],"rotation":{"angle":45,"axis":"y","origin":[6,1,8.5]},"faces":{"north":{"uv":[10,0,14,4],"texture":"#0"},"east":{"uv":[0,0,0,4],"texture":"#0"},"south":{"uv":[14,0,10,4],"texture":"#0"},"west":{"uv":[0,0,0,4],"texture":"#0"},"up":{"uv":[0,0,4,0],"texture":"#0"},"down":{"uv":[0,0,4,0],"texture":"#0"}}}],"gui_light":"front","display":{"thirdperson_righthand":{"rotation":[0,110,0],"translation":[0,7.25,1.75],"scale":[0.7,0.7,0.7]},"thirdperson_lefthand":{"rotation":[180,-110,180],"translation":[0,6,1.75],"scale":[0.7,0.7,0.7]},"firstperson_righthand":{"rotation":[-175.56,80,170],"translation":[0.5,5,0.5],"scale":[0.5,0.5,0.5]},"firstperson_lefthand":{"rotation":[-175.56,-88,-170],"translation":[0.5,5,0.5],"scale":[0.5,0.5,0.5]},"ground":{"rotation":[82,0,0],"translation":[0,-1.25,0],"scale":[0.5,0.5,0.5]},"gui":{"rotation":[0,180,47],"translation":[-1,-0.25,-2],"scale":[0.44,0.44,0.44]},"head":{"rotation":[0,-18,105],"translation":[2.5,8.75,2.25],"scale":[0.73516,0.73516,0.73516]},"fixed":{"rotation":[0,0,45],"translation":[1.25,-0.5,-1.25],"scale":[0.96484,0.96484,0.96484]}}}