{"credit":"Made with Blockbench","texture_size":[32,32],"textures":{"0":"elitecreatures:fantasy_swords_v1/sword061tex","1":"elitecreatures:fantasy_swords_v1/sword06ani","particle":"elitecreatures:fantasy_swords_v1/sword061tex"},"elements":[{"from":[6,6,7],"to":[7,9.7,9],"rotation":{"angle":0,"axis":"y","origin":[7.6,2.6,8]},"faces":{"north":{"uv":[2,13,3.75,13.5],"rotation":90,"texture":"#0"},"east":{"uv":[2,12,3.75,13],"rotation":90,"texture":"#0"},"south":{"uv":[2,13,3.75,13.5],"rotation":90,"texture":"#0"},"west":{"uv":[0,12,1.75,13],"rotation":90,"texture":"#0"},"up":{"uv":[1,13,2,13.5],"rotation":90,"texture":"#0"},"down":{"uv":[1,13,2,13.5],"rotation":90,"texture":"#0"}}},{"from":[5.3,8.1,6.75],"to":[6.3,9.1,9.25],"rotation":{"angle":-45,"axis":"z","origin":[5,8,8]},"faces":{"north":{"uv":[4,13,4.5,13.5],"texture":"#0"},"east":{"uv":[4,11.75,4.5,13],"rotation":90,"texture":"#0"},"south":{"uv":[4,13,4.5,13.5],"rotation":90,"texture":"#0"},"west":{"uv":[4.5,13,5.75,13.5],"texture":"#0"},"up":{"uv":[4,11.75,4.5,13],"texture":"#0"},"down":{"uv":[4.5,13,5.75,13.5],"rotation":90,"texture":"#0"}}},{"from":[5.95,9.7,6.75],"to":[7.45,11.2,9.25],"rotation":{"angle":0,"axis":"y","origin":[5,8,8]},"faces":{"north":{"uv":[11.5,14,12.25,14.75],"rotation":90,"texture":"#0"},"east":{"uv":[9.5,13.75,10.75,14.5],"texture":"#0"},"south":{"uv":[12.25,14,11.5,14.75],"rotation":90,"texture":"#0"},"west":{"uv":[10.75,13.75,11.5,15],"rotation":90,"texture":"#0"},"up":{"uv":[10.75,13.75,11.5,15],"texture":"#0"},"down":{"uv":[9.5,14.5,10.75,13.75],"rotation":90,"texture":"#0"}}},{"from":[5.95,4.5,6.75],"to":[7.45,6,9.25],"rotation":{"angle":0,"axis":"y","origin":[5,8,8]},"faces":{"north":{"uv":[12.25,14,11.5,14.75],"rotation":90,"texture":"#0"},"east":{"uv":[9.5,14.5,10.75,13.75],"texture":"#0"},"south":{"uv":[11.5,14,12.25,14.75],"rotation":90,"texture":"#0"},"west":{"uv":[11.5,13.75,10.75,15],"rotation":90,"texture":"#0"},"up":{"uv":[10.75,14.5,9.5,13.75],"rotation":90,"texture":"#0"},"down":{"uv":[10.75,15,11.5,13.75],"texture":"#0"}}},{"from":[3.96724,3.85446,7.1],"to":[5.96724,4.55446,8.9],"rotation":{"angle":-45,"axis":"z","origin":[7.6,2.5,8]},"faces":{"north":{"uv":[3,9.5,2,9],"texture":"#0"},"east":{"uv":[0,8,0.9,8.5],"texture":"#0"},"south":{"uv":[0,9,1,9.5],"texture":"#0"},"west":{"uv":[2,8,2.9,8.5],"texture":"#0"},"up":{"uv":[0,10,1,10.9],"texture":"#0"},"down":{"uv":[2,10,3,10.9],"texture":"#0"}}},{"from":[3.76724,11.24554,7.1],"to":[5.76724,11.94554,8.9],"rotation":{"angle":45,"axis":"z","origin":[7.6,13.5,8]},"faces":{"north":{"uv":[3,9,2,9.5],"texture":"#0"},"east":{"uv":[0,8.5,0.9,8],"texture":"#0"},"south":{"uv":[0,9.5,1,9],"texture":"#0"},"west":{"uv":[2,8.5,2.9,8],"texture":"#0"},"up":{"uv":[2,10.9,3,10],"texture":"#0"},"down":{"uv":[0,10.9,1,10],"texture":"#0"}}},{"from":[7.55,5.95,7],"to":[10.55,6.95,9],"rotation":{"angle":22.5,"axis":"z","origin":[10.9,4.9,8]},"faces":{"north":{"uv":[1,14.5,2.5,14],"texture":"#0"},"east":{"uv":[1,14.5,0,14],"texture":"#0"},"south":{"uv":[2.5,14.5,1,14],"texture":"#0"},"west":{"uv":[0,13,1,13.5],"texture":"#0"},"up":{"uv":[1.5,15,3,16],"texture":"#0"},"down":{"uv":[0,15,1.5,16],"texture":"#0"}}},{"from":[11.6903,6.80943,7.1],"to":[14.6903,7.80943,8.9],"rotation":{"angle":45,"axis":"z","origin":[12.2,4.45,8]},"faces":{"north":{"uv":[4.75,14.5,6.25,15],"texture":"#0"},"east":{"uv":[3.75,14,4.75,14.5],"texture":"#0"},"south":{"uv":[6.25,14.5,4.75,15],"texture":"#0"},"west":{"uv":[3.75,14,4.75,14.5],"texture":"#0"},"up":{"uv":[4.75,13.5,6.25,14.5],"texture":"#0"},"down":{"uv":[5.25,15,6.75,16],"texture":"#0"}}},{"from":[11.7403,7.99057,7.1],"to":[13.7403,8.99057,8.9],"rotation":{"angle":-45,"axis":"z","origin":[12.2,11.4,8]},"faces":{"north":{"uv":[2.75,14.5,3.75,15],"texture":"#0"},"east":{"uv":[3.75,14.5,4.75,15],"texture":"#0"},"south":{"uv":[3.75,14.5,2.75,15],"texture":"#0"},"west":{"uv":[2.75,14,3.75,14.5],"texture":"#0"},"up":{"uv":[4.25,15,5.25,16],"texture":"#0"},"down":{"uv":[3.25,15,4.25,16],"texture":"#0"}}},{"from":[7.55,8.8,7],"to":[10.55,9.8,9],"rotation":{"angle":-22.5,"axis":"z","origin":[10.9,10.85,8]},"faces":{"north":{"uv":[1,14,2.5,14.5],"texture":"#0"},"east":{"uv":[0,14,1,14.5],"texture":"#0"},"south":{"uv":[2.5,14,1,14.5],"texture":"#0"},"west":{"uv":[0,13.5,1,13],"texture":"#0"},"up":{"uv":[0,15,1.5,16],"texture":"#0"},"down":{"uv":[1.5,15,3,16],"texture":"#0"}}},{"from":[8.9,13,7.5],"to":[10.9,14,8.5],"rotation":{"angle":45,"axis":"z","origin":[10.9,14,8]},"faces":{"north":{"uv":[8.75,15.5,9.75,16],"texture":"#0"},"east":{"uv":[9.75,15.5,10.25,16],"texture":"#0"},"south":{"uv":[9.75,15.5,8.75,16],"texture":"#0"},"west":{"uv":[9.75,15.5,10.25,16],"texture":"#0"},"up":{"uv":[8.75,14.5,9.75,15],"texture":"#0"},"down":{"uv":[9.75,14.5,10.75,15],"texture":"#0"}}},{"from":[11.05503,13.23934,7.75],"to":[12.05503,14.23934,8.25],"rotation":{"angle":-22.5,"axis":"z","origin":[12,14.4,8]},"faces":{"north":{"uv":[11.25,15.5,11.75,16],"rotation":90,"texture":"#0"},"east":{"uv":[10.75,15,11.25,15.25],"rotation":270,"texture":"#0"},"south":{"uv":[11.75,15.5,11.25,16],"rotation":270,"texture":"#0"},"west":{"uv":[11.75,15,12.25,15.25],"rotation":270,"texture":"#0"},"up":{"uv":[10.75,15.5,11,16],"rotation":270,"texture":"#0"},"down":{"uv":[10.75,15.5,11,16],"rotation":270,"texture":"#0"}}},{"from":[8.15,11.1,7.25],"to":[10.15,13.1,8.75],"rotation":{"angle":-22.5,"axis":"z","origin":[10.7,11.5,8]},"faces":{"north":{"uv":[15,12.25,16,13.25],"rotation":90,"texture":"#0"},"east":{"uv":[15,11.5,16,12.25],"rotation":270,"texture":"#0"},"south":{"uv":[16,12.25,15,13.25],"rotation":270,"texture":"#0"},"west":{"uv":[15,13.25,16,14],"rotation":270,"texture":"#0"},"up":{"uv":[14.25,13,15,14],"rotation":270,"texture":"#0"},"down":{"uv":[14.25,13,15,14],"rotation":270,"texture":"#0"}}},{"from":[9.5,13.9,7.5],"to":[10.5,15.9,8.5],"rotation":{"angle":22.5,"axis":"z","origin":[10.6,11.5,8]},"faces":{"north":{"uv":[13.25,13.5,14.25,14],"rotation":90,"texture":"#0"},"east":{"uv":[13.25,12.5,14.25,13],"rotation":270,"texture":"#0"},"south":{"uv":[14.25,13.5,13.25,14],"rotation":90,"texture":"#0"},"west":{"uv":[13.25,13,14.25,13.5],"rotation":270,"texture":"#0"},"up":{"uv":[14.25,12.5,14.75,13],"rotation":270,"texture":"#0"},"down":{"uv":[14.25,12.5,14.75,13],"rotation":270,"texture":"#0"}}},{"from":[11.3,15,7.75],"to":[13.3,16,8.25],"rotation":{"angle":45,"axis":"z","origin":[10.6,11.5,8]},"faces":{"north":{"uv":[6.75,14.5,7.75,15],"texture":"#0"},"east":{"uv":[6.25,14,6.5,14.5],"texture":"#0"},"south":{"uv":[7.75,14.5,6.75,15],"texture":"#0"},"west":{"uv":[6.25,14,6.5,14.5],"texture":"#0"},"up":{"uv":[6.75,15.5,7.75,15.75],"texture":"#0"},"down":{"uv":[6.75,14,7.75,14.25],"texture":"#0"}}},{"from":[4.5,13.85,7.5],"to":[6.5,14.85,8.5],"rotation":{"angle":-45,"axis":"z","origin":[4,11.5,8]},"faces":{"north":{"uv":[13.75,11.5,14.75,12],"texture":"#0"},"east":{"uv":[13.25,12,13.75,12.5],"texture":"#0"},"south":{"uv":[14.75,11.5,13.75,12],"texture":"#0"},"west":{"uv":[13.25,12,13.75,12.5],"texture":"#0"},"up":{"uv":[15,11,16,11.5],"texture":"#0"},"down":{"uv":[13.75,11,14.75,11.5],"texture":"#0"}}},{"from":[4.4,1.05,7.5],"to":[6.4,2.05,8.5],"rotation":{"angle":45,"axis":"z","origin":[4,4.5,8]},"faces":{"north":{"uv":[13.75,12,14.75,11.5],"texture":"#0"},"east":{"uv":[13.25,12.5,13.75,12],"texture":"#0"},"south":{"uv":[14.75,12,13.75,11.5],"texture":"#0"},"west":{"uv":[13.25,12.5,13.75,12],"texture":"#0"},"up":{"uv":[13.75,11.5,14.75,11],"texture":"#0"},"down":{"uv":[15,11.5,16,11],"texture":"#0"}}},{"from":[7.7,9,7.25],"to":[11.7,11,8.75],"rotation":{"angle":-22.5,"axis":"z","origin":[11,11.5,8]},"faces":{"north":{"uv":[14,15,16,16],"texture":"#0"},"east":{"uv":[13.25,14,14,15],"texture":"#0"},"south":{"uv":[16,15,14,16],"texture":"#0"},"west":{"uv":[13.25,15,14,16],"texture":"#0"},"up":{"uv":[14,14.25,16,15],"texture":"#0"},"down":{"uv":[14,14.25,16,15],"texture":"#0"}}},{"from":[2,12,8],"to":[12,25,8],"faces":{"north":{"uv":[0,0,5,6.5],"texture":"#0"},"east":{"uv":[0,0,0,13],"texture":"#1"},"south":{"uv":[5,0,0,6.5],"texture":"#0"},"west":{"uv":[0,0,0,13],"texture":"#1"},"up":{"uv":[8,0,0,0],"texture":"#1"},"down":{"uv":[8,0,0,0],"texture":"#1"}}},{"from":[2,-9,8],"to":[12,4,8],"rotation":{"angle":0,"axis":"y","origin":[0,16,0]},"faces":{"north":{"uv":[0,6.5,5,0],"texture":"#0"},"east":{"uv":[0,13,0,0],"texture":"#1"},"south":{"uv":[5,6.5,0,0],"texture":"#0"},"west":{"uv":[0,13,0,0],"texture":"#1"},"up":{"uv":[8,0,0,0],"texture":"#1"},"down":{"uv":[8,0,0,0],"texture":"#1"}}},{"from":[10.6,10.8,7.5],"to":[11.6,11.8,8.5],"rotation":{"angle":45,"axis":"z","origin":[11.6,11.3,8]},"faces":{"north":{"uv":[12.25,14.5,12.75,15],"texture":"#0"},"east":{"uv":[12.25,14.5,12.75,15],"texture":"#0"},"south":{"uv":[12.75,14.5,12.25,15],"texture":"#0"},"west":{"uv":[12.25,14.5,12.75,15],"texture":"#0"},"up":{"uv":[12.75,14.5,13.25,15],"texture":"#0"},"down":{"uv":[12.75,14,13.25,14.5],"texture":"#0"}}},{"from":[7.7,4.9,7.25],"to":[11.7,6.9,8.75],"rotation":{"angle":22.5,"axis":"z","origin":[11,4.4,8]},"faces":{"north":{"uv":[14,16,16,15],"texture":"#0"},"east":{"uv":[13.25,15,14,14],"texture":"#0"},"south":{"uv":[16,16,14,15],"texture":"#0"},"west":{"uv":[13.25,16,14,15],"texture":"#0"},"up":{"uv":[14,15,16,14.25],"texture":"#0"},"down":{"uv":[14,15,16,14.25],"texture":"#0"}}},{"from":[8.15,2.8,7.25],"to":[10.15,4.8,8.75],"rotation":{"angle":22.5,"axis":"z","origin":[10.7,4.4,8]},"faces":{"north":{"uv":[16,12.25,15,13.25],"rotation":90,"texture":"#0"},"east":{"uv":[16,11.5,15,12.25],"rotation":270,"texture":"#0"},"south":{"uv":[15,12.25,16,13.25],"rotation":270,"texture":"#0"},"west":{"uv":[16,13.25,15,14],"rotation":270,"texture":"#0"},"up":{"uv":[15,13,14.25,14],"rotation":270,"texture":"#0"},"down":{"uv":[15,13,14.25,14],"rotation":270,"texture":"#0"}}},{"from":[11.30503,3.66066,7.75],"to":[12.30503,5.16066,8.25],"rotation":{"angle":22.5,"axis":"z","origin":[12.7,4.2,8]},"faces":{"north":{"uv":[13.25,13.5,12.5,14],"rotation":90,"texture":"#0"},"east":{"uv":[12.25,13.75,11.5,14],"rotation":270,"texture":"#0"},"south":{"uv":[13.25,14,12.5,13.5],"rotation":90,"texture":"#0"},"west":{"uv":[12.25,13.5,11.5,13.75],"rotation":270,"texture":"#0"},"up":{"uv":[12.75,14,12.5,14.5],"rotation":270,"texture":"#0"},"down":{"uv":[12.75,14,12.5,14.5],"rotation":270,"texture":"#0"}}},{"from":[11.30503,10.73934,7.75],"to":[12.30503,12.23934,8.25],"rotation":{"angle":-22.5,"axis":"z","origin":[12.7,11.8,8]},"faces":{"north":{"uv":[12.5,13.5,13.25,14],"rotation":90,"texture":"#0"},"east":{"uv":[11.5,13.75,12.25,14],"rotation":270,"texture":"#0"},"south":{"uv":[12.5,14,13.25,13.5],"rotation":90,"texture":"#0"},"west":{"uv":[11.5,13.5,12.25,13.75],"rotation":270,"texture":"#0"},"up":{"uv":[12.5,14,12.75,14.5],"rotation":270,"texture":"#0"},"down":{"uv":[12.5,14,12.75,14.5],"rotation":270,"texture":"#0"}}},{"from":[10.6,4.1,7.5],"to":[11.6,5.1,8.5],"rotation":{"angle":-45,"axis":"z","origin":[11.6,4.6,8]},"faces":{"north":{"uv":[12.25,15,12.75,14.5],"texture":"#0"},"east":{"uv":[12.25,15,12.75,14.5],"texture":"#0"},"south":{"uv":[12.75,15,12.25,14.5],"texture":"#0"},"west":{"uv":[12.25,15,12.75,14.5],"texture":"#0"},"up":{"uv":[12.75,14.5,13.25,14],"texture":"#0"},"down":{"uv":[12.75,15,13.25,14.5],"texture":"#0"}}},{"from":[8.9,1.9,7.5],"to":[10.9,2.9,8.5],"rotation":{"angle":-45,"axis":"z","origin":[10.9,1.9,8]},"faces":{"north":{"uv":[8.75,16,9.75,15.5],"texture":"#0"},"east":{"uv":[9.75,16,10.25,15.5],"texture":"#0"},"south":{"uv":[9.75,16,8.75,15.5],"texture":"#0"},"west":{"uv":[9.75,16,10.25,15.5],"texture":"#0"},"up":{"uv":[9.75,15,10.75,14.5],"texture":"#0"},"down":{"uv":[8.75,15,9.75,14.5],"texture":"#0"}}},{"from":[11.05503,1.66066,7.75],"to":[12.05503,2.66066,8.25],"rotation":{"angle":22.5,"axis":"z","origin":[12,1.5,8]},"faces":{"north":{"uv":[11.75,15.5,11.25,16],"rotation":90,"texture":"#0"},"east":{"uv":[11.25,15,10.75,15.25],"rotation":270,"texture":"#0"},"south":{"uv":[11.75,15.5,11.25,16],"rotation":270,"texture":"#0"},"west":{"uv":[12.25,15,11.75,15.25],"rotation":270,"texture":"#0"},"up":{"uv":[11,15.5,10.75,16],"rotation":270,"texture":"#0"},"down":{"uv":[11,15.5,10.75,16],"rotation":270,"texture":"#0"}}},{"from":[9.5,0,7.5],"to":[10.5,2,8.5],"rotation":{"angle":-22.5,"axis":"z","origin":[10.6,4.4,8]},"faces":{"north":{"uv":[14.25,13.5,13.25,14],"rotation":90,"texture":"#0"},"east":{"uv":[14.25,12.5,13.25,13],"rotation":270,"texture":"#0"},"south":{"uv":[13.25,13.5,14.25,14],"rotation":90,"texture":"#0"},"west":{"uv":[14.25,13,13.25,13.5],"rotation":270,"texture":"#0"},"up":{"uv":[14.75,12.5,14.25,13],"rotation":270,"texture":"#0"},"down":{"uv":[14.75,12.5,14.25,13],"rotation":270,"texture":"#0"}}},{"from":[11.3,-0.1,7.75],"to":[13.3,0.9,8.25],"rotation":{"angle":-45,"axis":"z","origin":[10.6,4.4,8]},"faces":{"north":{"uv":[6.75,15,7.75,14.5],"texture":"#0"},"east":{"uv":[6.25,14.5,6.5,14],"texture":"#0"},"south":{"uv":[7.75,15,6.75,14.5],"texture":"#0"},"west":{"uv":[6.25,14.5,6.5,14],"texture":"#0"},"up":{"uv":[6.75,14.25,7.75,14],"texture":"#0"},"down":{"uv":[6.75,15.75,7.75,15.5],"texture":"#0"}}},{"from":[6,5.65,7.25],"to":[11,10.15,7.25],"faces":{"north":{"uv":[6.25,11.75,8.75,14],"texture":"#0"},"east":{"uv":[6.25,11.75,6.25,14],"texture":"#0"},"south":{"uv":[6.25,11.75,8.75,14],"texture":"#0"},"west":{"uv":[6.25,11.75,6.25,14],"texture":"#0"},"up":{"uv":[0,0,2.5,0],"texture":"#0"},"down":{"uv":[0,0,2.5,0],"texture":"#0"}}},{"from":[6,5.65,8.75],"to":[11,10.15,8.75],"rotation":{"angle":0,"axis":"y","origin":[0,0,16]},"faces":{"north":{"uv":[8.75,11.75,6.25,14],"texture":"#0"},"east":{"uv":[6.25,11.75,6.25,14],"texture":"#0"},"south":{"uv":[8.75,11.75,6.25,14],"texture":"#0"},"west":{"uv":[6.25,11.75,6.25,14],"texture":"#0"},"up":{"uv":[0,0,2.5,0],"texture":"#0"},"down":{"uv":[0,0,2.5,0],"texture":"#0"}}}],"gui_light":"front","display":{"thirdperson_righthand":{"rotation":[0,110,0],"translation":[0,-2,1.75],"scale":[0.7,0.7,0.7]},"thirdperson_lefthand":{"rotation":[180,-110,180],"translation":[0,-1.75,1.75],"scale":[0.7,0.7,0.7]},"firstperson_righthand":{"rotation":[131,50.68,-122],"translation":[-2,2,0.5],"scale":[0.61719,0.61719,0.61719]},"firstperson_lefthand":{"rotation":[131,50.68,59],"translation":[-2,2,0.5],"scale":[0.61719,0.61719,0.61719]},"ground":{"rotation":[82,0,0],"translation":[0,-1.25,0],"scale":[0.5,0.5,0.5]},"gui":{"rotation":[0,180,47],"translation":[-1,1,-2],"scale":[0.58047,0.58047,0.58047]},"head":{"rotation":[0,-18,105],"translation":[2.5,8.75,2.25],"scale":[0.73516,0.73516,0.73516]},"fixed":{"rotation":[0,0,45],"translation":[1.25,-0.5,-1.25],"scale":[0.96484,0.96484,0.96484]}}}