{"credit":"Made with Blockbench","texture_size":[32,32],"textures":{"0":"elitecreatures:fantasy_swords_v1/sword101tex","1":"elitecreatures:fantasy_swords_v1/sword10ani","particle":"elitecreatures:fantasy_swords_v1/sword101tex"},"elements":[{"from":[7,-12.5,7],"to":[9,-12,9],"rotation":{"angle":0,"axis":"y","origin":[16,-2,6]},"faces":{"north":{"uv":[6.25,15,6.5,16],"rotation":270,"texture":"#0"},"east":{"uv":[6,16,6.25,15],"rotation":90,"texture":"#0"},"south":{"uv":[6.25,16,6.5,15],"rotation":270,"texture":"#0"},"west":{"uv":[6,15,6.25,16],"rotation":90,"texture":"#0"},"up":{"uv":[6.5,15,7.5,16],"texture":"#0"},"down":{"uv":[6.5,15,7.5,16],"rotation":180,"texture":"#0"}}},{"from":[7,-9.5,7],"to":[9,-9,9],"rotation":{"angle":0,"axis":"y","origin":[16,-2,6]},"faces":{"north":{"uv":[6.25,15,6.5,16],"rotation":270,"texture":"#0"},"east":{"uv":[6,16,6.25,15],"rotation":90,"texture":"#0"},"south":{"uv":[6.25,16,6.5,15],"rotation":270,"texture":"#0"},"west":{"uv":[6,15,6.25,16],"rotation":90,"texture":"#0"},"up":{"uv":[6.5,15,7.5,16],"texture":"#0"},"down":{"uv":[6.5,15,7.5,16],"rotation":180,"texture":"#0"}}},{"from":[7,-6.5,7],"to":[9,-6,9],"rotation":{"angle":0,"axis":"y","origin":[16,-2,6]},"faces":{"north":{"uv":[6.25,15,6.5,16],"rotation":270,"texture":"#0"},"east":{"uv":[6,16,6.25,15],"rotation":90,"texture":"#0"},"south":{"uv":[6.25,16,6.5,15],"rotation":270,"texture":"#0"},"west":{"uv":[6,15,6.25,16],"rotation":90,"texture":"#0"},"up":{"uv":[6.5,15,7.5,16],"texture":"#0"},"down":{"uv":[6.5,15,7.5,16],"rotation":180,"texture":"#0"}}},{"from":[7.25,-13,7.25],"to":[8.75,-5.5,8.75],"rotation":{"angle":0,"axis":"y","origin":[16,-2,6]},"faces":{"north":{"uv":[0,15.25,3.75,16],"rotation":270,"texture":"#0"},"east":{"uv":[0,15.25,3.75,14.5],"rotation":90,"texture":"#0"},"south":{"uv":[0,16,3.75,15.25],"rotation":270,"texture":"#0"},"west":{"uv":[0,14.5,3.75,15.25],"rotation":90,"texture":"#0"},"up":{"uv":[7.5,10.75,8.25,11.5],"texture":"#0"},"down":{"uv":[7.5,10.75,8.25,11.5],"rotation":180,"texture":"#0"}}},{"from":[7,-5.5,7],"to":[9,0,9],"rotation":{"angle":0,"axis":"y","origin":[16,-3,6]},"faces":{"north":{"uv":[15,0,16,2.75],"rotation":180,"texture":"#0"},"east":{"uv":[11.25,1,14,0],"rotation":90,"texture":"#0"},"south":{"uv":[15,0,16,2.75],"rotation":180,"texture":"#0"},"west":{"uv":[11.25,0,14,1],"rotation":90,"texture":"#0"},"up":{"uv":[14,0,15,1],"texture":"#0"},"down":{"uv":[14,0,15,1],"rotation":180,"texture":"#0"}}},{"from":[10,-1,8],"to":[13,3.5,8],"rotation":{"angle":0,"axis":"y","origin":[0,-3,6]},"faces":{"north":{"uv":[7.75,0,9.25,2.25],"rotation":180,"texture":"#0"},"east":{"uv":[11.25,0,13.5,0],"rotation":90,"texture":"#0"},"south":{"uv":[9.25,0,7.75,2.25],"rotation":180,"texture":"#0"},"west":{"uv":[11.25,0,13.5,0],"rotation":90,"texture":"#0"},"up":{"uv":[15.5,0,14,0],"texture":"#0"},"down":{"uv":[15.5,0,14,0],"rotation":180,"texture":"#0"}}},{"from":[3,-1,8],"to":[6,3.5,8],"rotation":{"angle":0,"axis":"y","origin":[16,-3,6]},"faces":{"north":{"uv":[9.25,0,7.75,2.25],"rotation":180,"texture":"#0"},"east":{"uv":[11.25,0,13.5,0],"rotation":90,"texture":"#0"},"south":{"uv":[7.75,0,9.25,2.25],"rotation":180,"texture":"#0"},"west":{"uv":[11.25,0,13.5,0],"rotation":90,"texture":"#0"},"up":{"uv":[14,0,15.5,0],"texture":"#0"},"down":{"uv":[14,0,15.5,0],"rotation":180,"texture":"#0"}}},{"from":[5,-16,8],"to":[8,-11,8],"rotation":{"angle":0,"axis":"y","origin":[16,-3,6]},"faces":{"north":{"uv":[11,0,9.5,2.5],"rotation":180,"texture":"#0"},"east":{"uv":[11.25,0,13.75,0],"rotation":90,"texture":"#0"},"south":{"uv":[9.5,0,11,2.5],"rotation":180,"texture":"#0"},"west":{"uv":[11.25,0,13.75,0],"rotation":90,"texture":"#0"},"up":{"uv":[14,0,15.5,0],"texture":"#0"},"down":{"uv":[14,0,15.5,0],"rotation":180,"texture":"#0"}}},{"from":[8,-16,8],"to":[11,-11,8],"rotation":{"angle":0,"axis":"y","origin":[0,-3,6]},"faces":{"north":{"uv":[9.5,0,11,2.5],"rotation":180,"texture":"#0"},"east":{"uv":[11.25,0,13.75,0],"rotation":90,"texture":"#0"},"south":{"uv":[11,0,9.5,2.5],"rotation":180,"texture":"#0"},"west":{"uv":[11.25,0,13.75,0],"rotation":90,"texture":"#0"},"up":{"uv":[15.5,0,14,0],"texture":"#0"},"down":{"uv":[15.5,0,14,0],"rotation":180,"texture":"#0"}}},{"from":[8,-16,8],"to":[8,-11,11],"rotation":{"angle":0,"axis":"y","origin":[8,-13.5,8]},"faces":{"north":{"uv":[11.25,0,13.75,0],"rotation":90,"texture":"#0"},"east":{"uv":[9.5,0,11,2.5],"rotation":180,"texture":"#0"},"south":{"uv":[11.25,0,13.75,0],"rotation":90,"texture":"#0"},"west":{"uv":[11,0,9.5,2.5],"rotation":180,"texture":"#0"},"up":{"uv":[15.5,0,14,0],"rotation":90,"texture":"#0"},"down":{"uv":[15.5,0,14,0],"rotation":90,"texture":"#0"}}},{"from":[8,-16,5],"to":[8,-11,8],"rotation":{"angle":0,"axis":"y","origin":[8,-13.5,8]},"faces":{"north":{"uv":[11.25,0,13.75,0],"rotation":90,"texture":"#0"},"east":{"uv":[11,0,9.5,2.5],"rotation":180,"texture":"#0"},"south":{"uv":[11.25,0,13.75,0],"rotation":90,"texture":"#0"},"west":{"uv":[9.5,0,11,2.5],"rotation":180,"texture":"#0"},"up":{"uv":[14,0,15.5,0],"rotation":90,"texture":"#0"},"down":{"uv":[14,0,15.5,0],"rotation":90,"texture":"#0"}}},{"from":[3,2.5,6.25],"to":[13,4,9.75],"rotation":{"angle":0,"axis":"y","origin":[16,-3,6]},"faces":{"north":{"uv":[9,9.5,14,10.25],"rotation":180,"texture":"#0"},"east":{"uv":[14,12,14.75,10.25],"rotation":90,"texture":"#0"},"south":{"uv":[9,9.5,14,10.25],"rotation":180,"texture":"#0"},"west":{"uv":[14,10.25,14.75,12],"rotation":90,"texture":"#0"},"up":{"uv":[9,10.25,14,12],"texture":"#0"},"down":{"uv":[9,7.75,14,9.5],"rotation":180,"texture":"#0"}}},{"from":[5.5,0,6],"to":[10.5,5,10],"rotation":{"angle":-45,"axis":"z","origin":[8,2.5,8]},"faces":{"north":{"uv":[9,13.5,11.5,16],"texture":"#0"},"east":{"uv":[14,14,11.5,12],"rotation":90,"texture":"#0"},"south":{"uv":[9,13.5,11.5,16],"rotation":270,"texture":"#0"},"west":{"uv":[11.5,12,14,14],"rotation":90,"texture":"#0"},"up":{"uv":[11.5,16,14,14],"texture":"#0"},"down":{"uv":[11.5,14,14,16],"rotation":180,"texture":"#0"}}},{"from":[6,3,7.75],"to":[10,27,8.25],"faces":{"north":{"uv":[2.5,1.5,4.5,13.5],"texture":"#0"},"east":{"uv":[7,3.25,7.25,15.25],"texture":"#1"},"south":{"uv":[2.5,1.5,4.5,13.5],"texture":"#0"},"west":{"uv":[8.75,3.25,9,15.25],"texture":"#1"},"up":{"uv":[9,3.25,7,3.5],"texture":"#1"},"down":{"uv":[9,3.25,7,3.5],"texture":"#1"}}},{"from":[1,3,8],"to":[15,31,8],"faces":{"north":{"uv":[0,0,7,14],"texture":"#0"},"east":{"uv":[0,0,0,14],"texture":"#1"},"south":{"uv":[7,0,0,14],"texture":"#0"},"west":{"uv":[0,0,0,14],"texture":"#1"},"up":{"uv":[7,0,0,0],"texture":"#1"},"down":{"uv":[7,0,0,0],"texture":"#1"}}}],"gui_light":"front","display":{"thirdperson_righthand":{"rotation":[0,110,0],"translation":[0,6.5,1.75],"scale":[0.7,0.7,0.7]},"thirdperson_lefthand":{"rotation":[180,-110,180],"translation":[0,9,1.75],"scale":[0.7,0.7,0.7]},"firstperson_righthand":{"rotation":[-175.56,80,170],"translation":[0.5,3.75,0.5],"scale":[0.47266,0.47266,0.47266]},"firstperson_lefthand":{"rotation":[-175.56,80,170],"translation":[0.5,3.75,0.5],"scale":[0.47266,0.47266,0.47266]},"ground":{"rotation":[82,0,0],"translation":[0,-1.25,0],"scale":[0.5,0.5,0.5]},"gui":{"rotation":[0,0,-45],"translation":[-0.5,-0.5,-2],"scale":[0.42398,0.42398,0.42398]},"head":{"rotation":[0,-18,105],"translation":[2.5,8.75,2.25],"scale":[0.73516,0.73516,0.73516]},"fixed":{"rotation":[0,0,45],"translation":[1.25,-0.5,-1.25],"scale":[0.96484,0.96484,0.96484]}}}