{"credit":"Made with Blockbench","texture_size":[32,32],"textures":{"0":"elitecreatures:fantasy_swords_v1/sword131tex","particle":"elitecreatures:fantasy_swords_v1/sword131tex"},"elements":[{"from":[7.3,7,7.6],"to":[9.8,8,8.4],"rotation":{"angle":45,"axis":"z","origin":[9.8,7,8]},"faces":{"north":{"uv":[3.25,10.75,3.75,9.5],"rotation":90,"texture":"#0"},"east":{"uv":[3.25,9,3.75,9.5],"rotation":90,"texture":"#0"},"south":{"uv":[3.25,9.5,3.75,10.75],"rotation":90,"texture":"#0"},"west":{"uv":[3.25,9,3.75,9.5],"rotation":90,"texture":"#0"},"up":{"uv":[3.5,10.75,4,12],"rotation":90,"texture":"#0"},"down":{"uv":[3,10.75,3.5,12],"rotation":90,"texture":"#0"}}},{"from":[8.8,7,7.5],"to":[9.8,9,8.5],"rotation":{"angle":0,"axis":"y","origin":[-0.2,1,7]},"faces":{"north":{"uv":[0.5,14,0,15],"texture":"#0"},"east":{"uv":[0,15,0.5,16],"texture":"#0"},"south":{"uv":[0,14,0.5,15],"texture":"#0"},"west":{"uv":[0.5,14,1,15],"texture":"#0"},"up":{"uv":[1,12.75,1.5,13.25],"texture":"#0"},"down":{"uv":[1.5,13.25,2,13.75],"texture":"#0"}}},{"from":[8.8,9,7.6],"to":[9.8,11,8.4],"rotation":{"angle":45,"axis":"z","origin":[9.8,9,7]},"faces":{"north":{"uv":[1.5,14,1,15],"texture":"#0"},"east":{"uv":[1,15,1.5,16],"texture":"#0"},"south":{"uv":[1,14,1.5,15],"texture":"#0"},"west":{"uv":[1.5,12.25,2,13.25],"texture":"#0"},"up":{"uv":[1,13.25,1.5,13.75],"texture":"#0"},"down":{"uv":[1,13.25,1.5,13.75],"texture":"#0"}}},{"from":[5.46863,2.81543,7.5],"to":[6.46863,5.81543,8.5],"rotation":{"angle":-22.5,"axis":"z","origin":[4.56863,2.41543,8]},"faces":{"north":{"uv":[2.5,10.75,2,12.25],"rotation":180,"texture":"#0"},"east":{"uv":[2.5,10.75,3,12.25],"rotation":180,"texture":"#0"},"south":{"uv":[2,10.75,2.5,12.25],"rotation":180,"texture":"#0"},"west":{"uv":[1.5,10.75,2,12.25],"rotation":180,"texture":"#0"},"up":{"uv":[2.25,10.25,2.75,10.75],"rotation":90,"texture":"#0"},"down":{"uv":[2.75,10.25,3.25,10.75],"rotation":90,"texture":"#0"}}},{"from":[5.56863,0.41543,7.6],"to":[6.56863,2.41543,8.4],"rotation":{"angle":0,"axis":"y","origin":[4.57868,0.43553,8]},"faces":{"north":{"uv":[0,13.75,1,13.25],"rotation":90,"texture":"#0"},"east":{"uv":[0,12.25,1,12.75],"rotation":90,"texture":"#0"},"south":{"uv":[0,13.25,1,13.75],"rotation":90,"texture":"#0"},"west":{"uv":[0,12.75,1,13.25],"rotation":90,"texture":"#0"},"up":{"uv":[1,12.25,1.5,12.75],"rotation":90,"texture":"#0"},"down":{"uv":[1,12.25,1.5,12.75],"rotation":90,"texture":"#0"}}},{"from":[6.75,-4,6.75],"to":[9.25,-2,9.25],"rotation":{"angle":0,"axis":"y","origin":[16,-13,6]},"faces":{"north":{"uv":[7,13.5,6,14.75],"rotation":270,"texture":"#0"},"east":{"uv":[8,14.75,7,13.5],"rotation":90,"texture":"#0"},"south":{"uv":[7,14.75,6,13.5],"rotation":270,"texture":"#0"},"west":{"uv":[8,13.5,7,14.75],"rotation":90,"texture":"#0"},"up":{"uv":[6,16,7.25,14.75],"rotation":180,"texture":"#0"},"down":{"uv":[8,14.75,9.25,13.5],"texture":"#0"}}},{"from":[5.81619,-2.54349,7.5],"to":[6.81619,-1.04349,8.5],"rotation":{"angle":45,"axis":"z","origin":[8,-2.10499,8]},"faces":{"north":{"uv":[5,10.75,4.5,10],"texture":"#0"},"east":{"uv":[5,10,4.5,9.25],"rotation":180,"texture":"#0"},"south":{"uv":[5,10,4.5,10.75],"rotation":180,"texture":"#0"},"west":{"uv":[5.5,10,5,9.25],"rotation":180,"texture":"#0"},"up":{"uv":[5,11.25,4.5,10.75],"texture":"#0"},"down":{"uv":[5,10.75,4.5,11.25],"texture":"#0"}}},{"from":[6.49646,-0.22915,7.75],"to":[7.99646,0.27085,8.25],"rotation":{"angle":45,"axis":"z","origin":[8,-2.10499,8]},"faces":{"north":{"uv":[3.25,13,3,12.25],"rotation":270,"texture":"#0"},"east":{"uv":[2.5,12.5,2.25,12.25],"rotation":90,"texture":"#0"},"south":{"uv":[3.25,12.25,3,13],"rotation":270,"texture":"#0"},"west":{"uv":[2.5,12.25,2.25,12.5],"rotation":90,"texture":"#0"},"up":{"uv":[3,13,2.75,12.25],"rotation":270,"texture":"#0"},"down":{"uv":[2.5,13,2.75,12.25],"rotation":270,"texture":"#0"}}},{"from":[5.6902,-1.97745,7.6],"to":[6.4902,-0.47745,8.4],"rotation":{"angle":22.5,"axis":"z","origin":[8,-2.10499,8]},"faces":{"north":{"uv":[6.25,7.75,5.75,7],"texture":"#0"},"east":{"uv":[5.25,7.75,4.75,7],"rotation":180,"texture":"#0"},"south":{"uv":[6.25,7,5.75,7.75],"rotation":180,"texture":"#0"},"west":{"uv":[5.75,7.75,5.25,7],"rotation":180,"texture":"#0"},"up":{"uv":[5.25,6.5,4.75,7],"rotation":180,"texture":"#0"},"down":{"uv":[5.25,6.5,4.75,7],"texture":"#0"}}},{"from":[9.5098,-1.97745,7.6],"to":[10.3098,-0.47745,8.4],"rotation":{"angle":-22.5,"axis":"z","origin":[8,-2.10499,8]},"faces":{"north":{"uv":[5.75,7.75,6.25,7],"texture":"#0"},"east":{"uv":[5.25,7.75,5.75,7],"rotation":180,"texture":"#0"},"south":{"uv":[5.75,7,6.25,7.75],"rotation":180,"texture":"#0"},"west":{"uv":[4.75,7.75,5.25,7],"rotation":180,"texture":"#0"},"up":{"uv":[4.75,6.5,5.25,7],"rotation":180,"texture":"#0"},"down":{"uv":[4.75,6.5,5.25,7],"texture":"#0"}}},{"from":[8.00354,-0.22915,7.75],"to":[9.50354,0.27085,8.25],"rotation":{"angle":-45,"axis":"z","origin":[8,-2.10499,8]},"faces":{"north":{"uv":[3.25,12.25,3,13],"rotation":270,"texture":"#0"},"east":{"uv":[2.5,12.5,2.25,12.25],"rotation":90,"texture":"#0"},"south":{"uv":[3.25,13,3,12.25],"rotation":270,"texture":"#0"},"west":{"uv":[2.5,12.25,2.25,12.5],"rotation":90,"texture":"#0"},"up":{"uv":[3,12.25,2.75,13],"rotation":270,"texture":"#0"},"down":{"uv":[2.5,12.25,2.75,13],"rotation":270,"texture":"#0"}}},{"from":[9.18381,-2.54349,7.5],"to":[10.18381,-1.04349,8.5],"rotation":{"angle":-45,"axis":"z","origin":[8,-2.10499,8]},"faces":{"north":{"uv":[4.5,10.75,5,10],"texture":"#0"},"east":{"uv":[5,10,5.5,9.25],"rotation":180,"texture":"#0"},"south":{"uv":[4.5,10,5,10.75],"rotation":180,"texture":"#0"},"west":{"uv":[4.5,10,5,9.25],"rotation":180,"texture":"#0"},"up":{"uv":[4.5,11.25,5,10.75],"texture":"#0"},"down":{"uv":[4.5,10.75,5,11.25],"texture":"#0"}}},{"from":[7.6,-1.97745,9.5098],"to":[8.4,-0.47745,10.3098],"rotation":{"angle":22.5,"axis":"x","origin":[8,-2.10499,8]},"faces":{"north":{"uv":[4.75,7.75,5.25,7],"rotation":180,"texture":"#0"},"east":{"uv":[5.75,7.75,6.25,7],"texture":"#0"},"south":{"uv":[5.25,7.75,5.75,7],"rotation":180,"texture":"#0"},"west":{"uv":[5.75,7,6.25,7.75],"rotation":180,"texture":"#0"},"up":{"uv":[4.75,6.5,5.25,7],"rotation":270,"texture":"#0"},"down":{"uv":[4.75,6.5,5.25,7],"rotation":270,"texture":"#0"}}},{"from":[7.75,-0.22915,8.00354],"to":[8.25,0.27085,9.50354],"rotation":{"angle":45,"axis":"x","origin":[8,-2.10499,8]},"faces":{"north":{"uv":[2.5,12.25,2.25,12.5],"rotation":90,"texture":"#0"},"east":{"uv":[3.25,12.25,3,13],"rotation":270,"texture":"#0"},"south":{"uv":[2.5,12.5,2.25,12.25],"rotation":90,"texture":"#0"},"west":{"uv":[3.25,13,3,12.25],"rotation":270,"texture":"#0"},"up":{"uv":[3,12.25,2.75,13],"texture":"#0"},"down":{"uv":[2.5,12.25,2.75,13],"rotation":180,"texture":"#0"}}},{"from":[7.5,-2.54349,9.18381],"to":[8.5,-1.04349,10.18381],"rotation":{"angle":45,"axis":"x","origin":[8,-2.10499,8]},"faces":{"north":{"uv":[4.5,10,5,9.25],"rotation":180,"texture":"#0"},"east":{"uv":[4.5,10.75,5,10],"texture":"#0"},"south":{"uv":[5,10,5.5,9.25],"rotation":180,"texture":"#0"},"west":{"uv":[4.5,10,5,10.75],"rotation":180,"texture":"#0"},"up":{"uv":[4.5,11.25,5,10.75],"rotation":90,"texture":"#0"},"down":{"uv":[4.5,10.75,5,11.25],"rotation":270,"texture":"#0"}}},{"from":[7.75,-0.22915,6.49646],"to":[8.25,0.27085,7.99646],"rotation":{"angle":-45,"axis":"x","origin":[8,-2.10499,8]},"faces":{"north":{"uv":[2.5,12.25,2.25,12.5],"rotation":90,"texture":"#0"},"east":{"uv":[3.25,13,3,12.25],"rotation":270,"texture":"#0"},"south":{"uv":[2.5,12.5,2.25,12.25],"rotation":90,"texture":"#0"},"west":{"uv":[3.25,12.25,3,13],"rotation":270,"texture":"#0"},"up":{"uv":[3,13,2.75,12.25],"texture":"#0"},"down":{"uv":[2.5,13,2.75,12.25],"rotation":180,"texture":"#0"}}},{"from":[7.6,-1.97745,5.6902],"to":[8.4,-0.47745,6.4902],"rotation":{"angle":-22.5,"axis":"x","origin":[8,-2.10499,8]},"faces":{"north":{"uv":[5.75,7.75,5.25,7],"rotation":180,"texture":"#0"},"east":{"uv":[6.25,7.75,5.75,7],"texture":"#0"},"south":{"uv":[5.25,7.75,4.75,7],"rotation":180,"texture":"#0"},"west":{"uv":[6.25,7,5.75,7.75],"rotation":180,"texture":"#0"},"up":{"uv":[5.25,6.5,4.75,7],"rotation":270,"texture":"#0"},"down":{"uv":[5.25,6.5,4.75,7],"rotation":270,"texture":"#0"}}},{"from":[7.5,-2.54349,5.81619],"to":[8.5,-1.04349,6.81619],"rotation":{"angle":-45,"axis":"x","origin":[8,-2.10499,8]},"faces":{"north":{"uv":[5.5,10,5,9.25],"rotation":180,"texture":"#0"},"east":{"uv":[5,10.75,4.5,10],"texture":"#0"},"south":{"uv":[5,10,4.5,9.25],"rotation":180,"texture":"#0"},"west":{"uv":[5,10,4.5,10.75],"rotation":180,"texture":"#0"},"up":{"uv":[5,11.25,4.5,10.75],"rotation":90,"texture":"#0"},"down":{"uv":[5,10.75,4.5,11.25],"rotation":270,"texture":"#0"}}},{"from":[4.7,-0.3,7.5],"to":[7.7,0.7,8.5],"rotation":{"angle":-45,"axis":"z","origin":[6,-1,8]},"faces":{"north":{"uv":[1.5,11.75,0,12.25],"texture":"#0"},"east":{"uv":[1.75,10.25,2.25,10.75],"texture":"#0"},"south":{"uv":[0,11.75,1.5,12.25],"texture":"#0"},"west":{"uv":[1.75,10.25,2.25,10.75],"texture":"#0"},"up":{"uv":[0,11.25,1.5,11.75],"texture":"#0"},"down":{"uv":[0,10.75,1.5,11.25],"texture":"#0"}}},{"from":[7,-5,7],"to":[9,-1,9],"rotation":{"angle":0,"axis":"y","origin":[6,1,0]},"faces":{"north":{"uv":[14,14,16,15],"rotation":90,"texture":"#0"},"east":{"uv":[14,16,16,15],"rotation":270,"texture":"#0"},"south":{"uv":[14,14,16,15],"rotation":90,"texture":"#0"},"west":{"uv":[14,15,16,16],"rotation":270,"texture":"#0"},"up":{"uv":[15,13,16,14],"rotation":270,"texture":"#0"},"down":{"uv":[15,13,16,14],"rotation":270,"texture":"#0"}}},{"from":[7.25,-6,7.25],"to":[8.75,-5,8.75],"rotation":{"angle":0,"axis":"y","origin":[6,1,0]},"faces":{"north":{"uv":[12.5,13.75,13,14.5],"rotation":90,"texture":"#0"},"east":{"uv":[12,14.5,12.5,13.75],"rotation":270,"texture":"#0"},"south":{"uv":[12.5,13.75,13,14.5],"rotation":90,"texture":"#0"},"west":{"uv":[12,13.75,12.5,14.5],"rotation":270,"texture":"#0"},"up":{"uv":[13,13.75,13.75,14.5],"rotation":270,"texture":"#0"},"down":{"uv":[13,13.75,13.75,14.5],"rotation":270,"texture":"#0"}}},{"from":[7.25,-9.5,7.25],"to":[8.75,-9,8.75],"rotation":{"angle":22.5,"axis":"z","origin":[8,-9.25,8]},"faces":{"north":{"uv":[7.5,15,7.75,16],"rotation":270,"texture":"#0"},"east":{"uv":[7.25,16,7.5,15],"rotation":90,"texture":"#0"},"south":{"uv":[7.5,16,7.75,15],"rotation":270,"texture":"#0"},"west":{"uv":[8.75,15,9,16],"rotation":90,"texture":"#0"},"up":{"uv":[7.75,15,8.75,16],"texture":"#0"},"down":{"uv":[7.75,15,8.75,16],"rotation":180,"texture":"#0"}}},{"from":[7.25,-8.5,7.25],"to":[8.75,-8,8.75],"rotation":{"angle":22.5,"axis":"z","origin":[8,-8.25,8]},"faces":{"north":{"uv":[7.5,15,7.75,16],"rotation":270,"texture":"#0"},"east":{"uv":[7.25,16,7.5,15],"rotation":90,"texture":"#0"},"south":{"uv":[7.5,16,7.75,15],"rotation":270,"texture":"#0"},"west":{"uv":[8.75,15,9,16],"rotation":90,"texture":"#0"},"up":{"uv":[7.75,15,8.75,16],"texture":"#0"},"down":{"uv":[7.75,15,8.75,16],"rotation":180,"texture":"#0"}}},{"from":[7.25,-7.5,7.25],"to":[8.75,-7,8.75],"rotation":{"angle":22.5,"axis":"z","origin":[8,-7.25,8]},"faces":{"north":{"uv":[7.5,15,7.75,16],"rotation":270,"texture":"#0"},"east":{"uv":[7.25,16,7.5,15],"rotation":90,"texture":"#0"},"south":{"uv":[7.5,16,7.75,15],"rotation":270,"texture":"#0"},"west":{"uv":[8.75,15,9,16],"rotation":90,"texture":"#0"},"up":{"uv":[7.75,15,8.75,16],"texture":"#0"},"down":{"uv":[7.75,15,8.75,16],"rotation":180,"texture":"#0"}}},{"from":[7.25,-10.5,7.25],"to":[8.75,-10,8.75],"rotation":{"angle":22.5,"axis":"z","origin":[8,-10.25,8]},"faces":{"north":{"uv":[7.5,15,7.75,16],"rotation":270,"texture":"#0"},"east":{"uv":[7.25,16,7.5,15],"rotation":90,"texture":"#0"},"south":{"uv":[7.5,16,7.75,15],"rotation":270,"texture":"#0"},"west":{"uv":[8.75,15,9,16],"rotation":90,"texture":"#0"},"up":{"uv":[7.75,15,8.75,16],"texture":"#0"},"down":{"uv":[7.75,15,8.75,16],"rotation":180,"texture":"#0"}}},{"from":[7.5,-11,7.5],"to":[8.5,-6,8.5],"rotation":{"angle":0,"axis":"y","origin":[6,1,0]},"faces":{"north":{"uv":[11.25,15,13.75,15.5],"rotation":90,"texture":"#0"},"east":{"uv":[11.25,16,13.75,15.5],"rotation":270,"texture":"#0"},"south":{"uv":[11.25,15,13.75,15.5],"rotation":90,"texture":"#0"},"west":{"uv":[11.25,14.5,13.75,15],"rotation":270,"texture":"#0"},"up":{"uv":[14.5,13.5,15,14],"rotation":270,"texture":"#0"},"down":{"uv":[14.5,13.5,15,14],"rotation":270,"texture":"#0"}}},{"from":[7.25,-1,7.25],"to":[8.75,1,8.75],"rotation":{"angle":-22.5,"axis":"z","origin":[7,-1,8]},"faces":{"north":{"uv":[4.5,1.5,5.5,0.75],"rotation":90,"texture":"#0"},"east":{"uv":[2.75,3.25,3.75,2.5],"rotation":270,"texture":"#0"},"south":{"uv":[4.5,0.75,5.5,1.5],"rotation":90,"texture":"#0"},"west":{"uv":[4.5,1.5,5.5,2.25],"rotation":270,"texture":"#0"},"up":{"uv":[3.75,1.5,4.5,2.25],"rotation":270,"texture":"#0"},"down":{"uv":[3.75,1.5,4.5,2.25],"rotation":270,"texture":"#0"}}},{"from":[7.86886,0.18876,7.35],"to":[9.36886,2.18876,8.65],"rotation":{"angle":0,"axis":"y","origin":[9.6,0.1,8]},"faces":{"north":{"uv":[0.75,0,0,1],"texture":"#0"},"east":{"uv":[0.75,0,1.5,1],"texture":"#0"},"south":{"uv":[0,0,0.75,1],"texture":"#0"},"west":{"uv":[1.5,0,2.25,1],"texture":"#0"},"up":{"uv":[0.75,1,0,1.75],"texture":"#0"},"down":{"uv":[0.75,1,0,1.75],"texture":"#0"}}},{"from":[7.86886,2.18876,7.25],"to":[9.36886,7.18876,8.75],"rotation":{"angle":22.5,"axis":"z","origin":[9.35,2.2,8]},"faces":{"north":{"uv":[0,3.25,2.5,2.5],"rotation":90,"texture":"#0"},"east":{"uv":[0.75,1.75,3.25,1],"rotation":270,"texture":"#0"},"south":{"uv":[0,2.5,2.5,3.25],"rotation":90,"texture":"#0"},"west":{"uv":[0,1.75,2.5,2.5],"rotation":270,"texture":"#0"},"up":{"uv":[2.5,1.75,3.25,2.5],"rotation":270,"texture":"#0"},"down":{"uv":[2,9.5,2.75,10.25],"rotation":270,"texture":"#0"}}},{"from":[6.04867,6.23799,7.35],"to":[7.54867,9.23799,8.65],"rotation":{"angle":0,"axis":"y","origin":[6.05,6.3,8]},"faces":{"north":{"uv":[2.25,0.75,3.75,0],"rotation":90,"texture":"#0"},"east":{"uv":[4.5,3.25,6,2.5],"rotation":270,"texture":"#0"},"south":{"uv":[2.25,0,3.75,0.75],"rotation":90,"texture":"#0"},"west":{"uv":[3.75,0,5.25,0.75],"rotation":270,"texture":"#0"},"up":{"uv":[3.75,0.75,4.5,1.5],"rotation":270,"texture":"#0"},"down":{"uv":[3.75,0.75,4.5,1.5],"rotation":270,"texture":"#0"}}},{"from":[6.04867,9.23799,7.25],"to":[7.54867,13.23799,8.75],"rotation":{"angle":-45,"axis":"z","origin":[6.05,9.25,8]},"faces":{"north":{"uv":[0,4.25,2,3.5],"rotation":90,"texture":"#0"},"east":{"uv":[0,5,2,4.25],"rotation":270,"texture":"#0"},"south":{"uv":[0,3.5,2,4.25],"rotation":90,"texture":"#0"},"west":{"uv":[0,5,2,5.75],"rotation":270,"texture":"#0"},"up":{"uv":[2,3.5,2.75,4.25],"rotation":270,"texture":"#0"},"down":{"uv":[4.25,5.75,5,6.5],"rotation":270,"texture":"#0"}}},{"from":[8.46374,11.00749,7.35],"to":[9.96374,12.50749,8.65],"rotation":{"angle":0,"axis":"y","origin":[9.95,11.05,8]},"faces":{"north":{"uv":[2.25,5,3,4.25],"rotation":90,"texture":"#0"},"east":{"uv":[3.5,4.25,4.25,3.5],"rotation":270,"texture":"#0"},"south":{"uv":[2.25,4.25,3,5],"rotation":90,"texture":"#0"},"west":{"uv":[2.25,5,3,5.75],"rotation":270,"texture":"#0"},"up":{"uv":[2.75,3.5,3.5,4.25],"rotation":270,"texture":"#0"},"down":{"uv":[2.75,3.5,3.5,4.25],"rotation":270,"texture":"#0"}}},{"from":[8.46374,12.50749,7.25],"to":[9.96374,14.00749,8.75],"rotation":{"angle":45,"axis":"z","origin":[9.95,12.55,8]},"faces":{"north":{"uv":[3,5,3.75,4.25],"rotation":90,"texture":"#0"},"east":{"uv":[3,5.75,3.75,5],"rotation":270,"texture":"#0"},"south":{"uv":[3,4.25,3.75,5],"rotation":90,"texture":"#0"},"west":{"uv":[3.75,5,4.5,5.75],"rotation":270,"texture":"#0"},"up":{"uv":[3.75,4.25,4.5,5],"rotation":270,"texture":"#0"},"down":{"uv":[4,6.5,4.75,7.25],"rotation":270,"texture":"#0"}}},{"from":[5.11366,13.53707,7.35],"to":[8.61366,15.03707,8.65],"rotation":{"angle":-22.5,"axis":"z","origin":[5.1,13.55,8]},"faces":{"north":{"uv":[1.75,6.5,3.5,5.75],"rotation":180,"texture":"#0"},"east":{"uv":[3.75,2.5,4.5,3.25],"rotation":270,"texture":"#0"},"south":{"uv":[1.75,5.75,3.5,6.5],"texture":"#0"},"west":{"uv":[3.75,2.5,4.5,3.25],"rotation":270,"texture":"#0"},"up":{"uv":[3.75,8.5,5.5,7.75],"rotation":180,"texture":"#0"},"down":{"uv":[0,6.5,1.75,7.25],"rotation":180,"texture":"#0"}}},{"from":[5.08707,13.53634,7.25],"to":[6.58707,15.03634,8.75],"rotation":{"angle":22.5,"axis":"z","origin":[5.1,13.55,8]},"faces":{"north":{"uv":[2.5,8.75,3.25,8],"rotation":90,"texture":"#0"},"east":{"uv":[2.5,9.5,3.25,8.75],"rotation":270,"texture":"#0"},"south":{"uv":[2.5,8,3.25,8.75],"rotation":90,"texture":"#0"},"west":{"uv":[3.5,5.75,4.25,6.5],"rotation":270,"texture":"#0"},"up":{"uv":[2.5,7.25,3.25,8],"rotation":270,"texture":"#0"},"down":{"uv":[3.75,9.75,4.5,10.5],"rotation":270,"texture":"#0"}}},{"from":[4.50564,14.91329,7.35],"to":[6.00564,16.41329,8.65],"rotation":{"angle":0,"axis":"y","origin":[4.5,14.95,8]},"faces":{"north":{"uv":[1.75,8,2.5,7.25],"rotation":90,"texture":"#0"},"east":{"uv":[1.75,8.75,2.5,8],"rotation":270,"texture":"#0"},"south":{"uv":[1.75,7.25,2.5,8],"rotation":90,"texture":"#0"},"west":{"uv":[1.75,8.75,2.5,9.5],"rotation":270,"texture":"#0"},"up":{"uv":[2.5,6.5,3.25,7.25],"rotation":270,"texture":"#0"},"down":{"uv":[4.5,8.5,5.25,9.25],"rotation":270,"texture":"#0"}}},{"from":[4.50564,16.41329,7.25],"to":[6.00564,19.91329,8.75],"rotation":{"angle":-45,"axis":"z","origin":[4.5,16.4,8]},"faces":{"north":{"uv":[0,8,1.75,7.25],"rotation":90,"texture":"#0"},"east":{"uv":[0,8.75,1.75,8],"rotation":270,"texture":"#0"},"south":{"uv":[0,7.25,1.75,8],"rotation":90,"texture":"#0"},"west":{"uv":[0,8.75,1.75,9.5],"rotation":270,"texture":"#0"},"up":{"uv":[3.75,9,4.5,9.75],"rotation":270,"texture":"#0"},"down":{"uv":[1.75,6.5,2.5,7.25],"rotation":270,"texture":"#0"}}},{"from":[6.53536,17.81312,7.5],"to":[8.03536,19.31312,8.5],"rotation":{"angle":-22.5,"axis":"z","origin":[8.05,17.8,8]},"faces":{"north":{"uv":[3.25,7.25,4,6.5],"rotation":90,"texture":"#0"},"east":{"uv":[3.25,7.75,4,7.25],"rotation":270,"texture":"#0"},"south":{"uv":[3.25,6.5,4,7.25],"rotation":90,"texture":"#0"},"west":{"uv":[3.25,8.5,4,9],"rotation":270,"texture":"#0"},"up":{"uv":[3.25,7.75,3.75,8.5],"rotation":270,"texture":"#0"},"down":{"uv":[3.25,7.75,3.75,8.5],"rotation":270,"texture":"#0"}}},{"from":[8.55,-0.6,7.75],"to":[9.55,5.4,8.25],"rotation":{"angle":-22.5,"axis":"z","origin":[10,5.75,1]},"faces":{"north":{"uv":[2,13,2.5,16],"texture":"#0"},"east":{"uv":[3,13,3.25,16],"texture":"#0"},"south":{"uv":[2,13,2.5,16],"texture":"#0"},"west":{"uv":[2.5,13,2.75,16],"texture":"#0"},"up":{"uv":[2,12.5,2.5,12.75],"texture":"#0"},"down":{"uv":[2,12.5,2.5,12.75],"texture":"#0"}}},{"from":[6.45,17.4,7.75],"to":[7.45,23.4,8.25],"rotation":{"angle":0,"axis":"y","origin":[6,5.75,1]},"faces":{"north":{"uv":[2,16,2.5,13],"texture":"#0"},"east":{"uv":[2.75,13,2.5,16],"texture":"#0"},"south":{"uv":[2.5,13,2,16],"texture":"#0"},"west":{"uv":[3.25,13,3,16],"texture":"#0"},"up":{"uv":[2.5,12.5,2,12.75],"texture":"#0"},"down":{"uv":[2.5,12.5,2,12.75],"texture":"#0"}}},{"from":[4.45,22.4,8],"to":[9.45,29.4,8],"rotation":{"angle":0,"axis":"y","origin":[6,5.75,1]},"faces":{"north":{"uv":[6,12.5,3.5,16],"texture":"#0"},"east":{"uv":[2.5,13,2.5,16],"texture":"#0"},"south":{"uv":[3.5,12.5,6,16],"texture":"#0"},"west":{"uv":[3,12.5,3,16],"texture":"#0"},"up":{"uv":[4.5,12.5,2,12.5],"texture":"#0"},"down":{"uv":[4.5,12.5,2,12.5],"texture":"#0"}}},{"from":[7.45,19.2,7.75],"to":[8.45,25.2,8.25],"rotation":{"angle":0,"axis":"y","origin":[10,5.75,1]},"faces":{"north":{"uv":[2.5,16,2,13],"texture":"#0"},"east":{"uv":[3,13,3.25,16],"texture":"#0"},"south":{"uv":[2,13,2.5,16],"texture":"#0"},"west":{"uv":[2.5,13,2.75,16],"texture":"#0"},"up":{"uv":[2,12.5,2.5,12.75],"texture":"#0"},"down":{"uv":[2,12.5,2.5,12.75],"texture":"#0"}}},{"from":[5.45,24.2,8],"to":[10.45,31.2,8],"rotation":{"angle":0,"axis":"y","origin":[10,5.75,1]},"faces":{"north":{"uv":[3.5,12.5,6,16],"texture":"#0"},"east":{"uv":[3,12.5,3,16],"texture":"#0"},"south":{"uv":[6,12.5,3.5,16],"texture":"#0"},"west":{"uv":[2.5,13,2.5,16],"texture":"#0"},"up":{"uv":[2,12.5,4.5,12.5],"texture":"#0"},"down":{"uv":[2,12.5,4.5,12.5],"texture":"#0"}}},{"from":[8,-16,8],"to":[11,-11,8],"rotation":{"angle":0,"axis":"y","origin":[0,-3,6]},"faces":{"north":{"uv":[9.5,0,11,2.5],"rotation":180,"texture":"#0"},"east":{"uv":[11.25,0,13.75,0],"rotation":90,"texture":"#0"},"south":{"uv":[11,0,9.5,2.5],"rotation":180,"texture":"#0"},"west":{"uv":[11.25,0,13.75,0],"rotation":90,"texture":"#0"},"up":{"uv":[15.5,0,14,0],"texture":"#0"},"down":{"uv":[15.5,0,14,0],"rotation":180,"texture":"#0"}}},{"from":[8,-16,5],"to":[8,-11,8],"rotation":{"angle":0,"axis":"y","origin":[8,-13.5,8]},"faces":{"north":{"uv":[11.25,0,13.75,0],"rotation":90,"texture":"#0"},"east":{"uv":[11,0,9.5,2.5],"rotation":180,"texture":"#0"},"south":{"uv":[11.25,0,13.75,0],"rotation":90,"texture":"#0"},"west":{"uv":[9.5,0,11,2.5],"rotation":180,"texture":"#0"},"up":{"uv":[14,0,15.5,0],"rotation":90,"texture":"#0"},"down":{"uv":[14,0,15.5,0],"rotation":90,"texture":"#0"}}},{"from":[5,-16,8],"to":[8,-11,8],"rotation":{"angle":0,"axis":"y","origin":[16,-3,6]},"faces":{"north":{"uv":[11,0,9.5,2.5],"rotation":180,"texture":"#0"},"east":{"uv":[11.25,0,13.75,0],"rotation":90,"texture":"#0"},"south":{"uv":[9.5,0,11,2.5],"rotation":180,"texture":"#0"},"west":{"uv":[11.25,0,13.75,0],"rotation":90,"texture":"#0"},"up":{"uv":[14,0,15.5,0],"texture":"#0"},"down":{"uv":[14,0,15.5,0],"rotation":180,"texture":"#0"}}},{"from":[8,-16,8],"to":[8,-11,11],"rotation":{"angle":0,"axis":"y","origin":[8,-13.5,8]},"faces":{"north":{"uv":[11.25,0,13.75,0],"rotation":90,"texture":"#0"},"east":{"uv":[9.5,0,11,2.5],"rotation":180,"texture":"#0"},"south":{"uv":[11.25,0,13.75,0],"rotation":90,"texture":"#0"},"west":{"uv":[11,0,9.5,2.5],"rotation":180,"texture":"#0"},"up":{"uv":[15.5,0,14,0],"rotation":90,"texture":"#0"},"down":{"uv":[15.5,0,14,0],"rotation":90,"texture":"#0"}}}],"gui_light":"front","display":{"thirdperson_righthand":{"rotation":[0,110,0],"translation":[0,6.5,1.75],"scale":[0.7,0.7,0.7]},"thirdperson_lefthand":{"rotation":[180,-110,180],"translation":[0,6,1.75],"scale":[0.7,0.7,0.7]},"firstperson_righthand":{"rotation":[-175.56,80,170],"translation":[0.5,5,0.5],"scale":[0.5,0.5,0.5]},"firstperson_lefthand":{"rotation":[-175.56,-88,-170],"translation":[0.5,5,0.5],"scale":[0.5,0.5,0.5]},"ground":{"rotation":[82,0,0],"translation":[0,-1.25,0],"scale":[0.5,0.5,0.5]},"gui":{"rotation":[-3,0,-45],"translation":[0.5,0.25,-2],"scale":[0.42398,0.42398,0.42398]},"head":{"rotation":[0,-18,105],"translation":[2.5,8.75,2.25],"scale":[0.73516,0.73516,0.73516]},"fixed":{"rotation":[0,0,45],"translation":[1.25,-0.5,-1.25],"scale":[0.96484,0.96484,0.96484]}}}