{"credit":"Made with Blockbench","texture_size":[32,32],"textures":{"0":"elitecreatures:fantasy_swords_v1/sword042tex","1":"elitecreatures:fantasy_swords_v1/sword04ani","particle":"elitecreatures:fantasy_swords_v1/sword042tex"},"elements":[{"from":[7,-9,7.25],"to":[9,-3,8.75],"rotation":{"angle":0,"axis":"y","origin":[6,-1,0]},"faces":{"north":{"uv":[13,8.75,16,7.75],"rotation":90,"texture":"#0"},"east":{"uv":[13,9.5,16,8.75],"rotation":270,"texture":"#0"},"south":{"uv":[13,7.75,16,8.75],"rotation":90,"texture":"#0"},"west":{"uv":[13,8.75,16,9.5],"rotation":270,"texture":"#0"},"up":{"uv":[15.25,6.75,16,7.75],"rotation":270,"texture":"#0"},"down":{"uv":[15.25,6.75,16,7.75],"rotation":270,"texture":"#0"}}},{"from":[8,-7,7.5],"to":[9,-2,8.5],"rotation":{"angle":-22.5,"axis":"z","origin":[9.5,-6,8]},"faces":{"north":{"uv":[13.5,10.25,16,10.75],"rotation":90,"texture":"#0"},"east":{"uv":[13.5,11.25,16,10.75],"rotation":270,"texture":"#0"},"south":{"uv":[13.5,10.75,16,10.25],"rotation":90,"texture":"#0"},"west":{"uv":[13.5,10.75,16,11.25],"rotation":270,"texture":"#0"},"up":{"uv":[12.75,12,13.25,12.5],"rotation":270,"texture":"#0"},"down":{"uv":[12.75,12,13.25,12.5],"rotation":270,"texture":"#0"}}},{"from":[7,-7,7.5],"to":[8,-2,8.5],"rotation":{"angle":22.5,"axis":"z","origin":[6.5,-6,8]},"faces":{"north":{"uv":[13.5,10.75,16,10.25],"rotation":90,"texture":"#0"},"east":{"uv":[13.5,11.25,16,10.75],"rotation":270,"texture":"#0"},"south":{"uv":[13.5,10.25,16,10.75],"rotation":90,"texture":"#0"},"west":{"uv":[13.5,10.75,16,11.25],"rotation":270,"texture":"#0"},"up":{"uv":[12.75,12.5,13.25,12],"rotation":270,"texture":"#0"},"down":{"uv":[12.75,12.5,13.25,12],"rotation":270,"texture":"#0"}}},{"from":[7.25,-14,7.5],"to":[8.75,-9,8.5],"rotation":{"angle":0,"axis":"y","origin":[6,-1,0]},"faces":{"north":{"uv":[13.5,12,16,11.25],"rotation":90,"texture":"#0"},"east":{"uv":[13.5,12.5,16,12],"rotation":270,"texture":"#0"},"south":{"uv":[13.5,11.25,16,12],"rotation":90,"texture":"#0"},"west":{"uv":[13.5,12,16,12.5],"rotation":270,"texture":"#0"},"up":{"uv":[15.5,6,16,6.75],"rotation":270,"texture":"#0"},"down":{"uv":[15.5,6,16,6.75],"rotation":270,"texture":"#0"}}},{"from":[6.75,-15.5,7.75],"to":[8.25,-14,8.25],"rotation":{"angle":-45,"axis":"z","origin":[8,-15.25,8]},"faces":{"north":{"uv":[12.5,9.5,13.25,10.25],"rotation":180,"texture":"#0"},"east":{"uv":[12.5,10.5,13.25,10.25],"rotation":270,"texture":"#0"},"south":{"uv":[12.5,9.5,13.25,10.25],"rotation":90,"texture":"#0"},"west":{"uv":[12.25,10.5,12.5,9.75],"rotation":180,"texture":"#0"},"up":{"uv":[12.25,9.75,12.5,10.5],"rotation":270,"texture":"#0"},"down":{"uv":[14,10,13.25,10.25],"rotation":180,"texture":"#0"}}},{"from":[7,-14.5,7.25],"to":[9,-14,8.75],"rotation":{"angle":0,"axis":"y","origin":[6,-4,0]},"faces":{"north":{"uv":[12.75,6.75,13,7.75],"rotation":90,"texture":"#0"},"east":{"uv":[13,7.75,13.25,7],"rotation":270,"texture":"#0"},"south":{"uv":[12.75,7.75,13,6.75],"rotation":90,"texture":"#0"},"west":{"uv":[13,7,13.25,7.75],"rotation":270,"texture":"#0"},"up":{"uv":[12,8.5,12.75,9.5],"rotation":270,"texture":"#0"},"down":{"uv":[12,7.5,12.75,8.5],"rotation":270,"texture":"#0"}}},{"from":[6,-4,7],"to":[10,0,9],"rotation":{"angle":45,"axis":"z","origin":[8,-2,1]},"faces":{"north":{"uv":[14,1,16,3],"texture":"#0"},"east":{"uv":[14,0,16,1],"rotation":90,"texture":"#0"},"south":{"uv":[14,1,16,3],"rotation":90,"texture":"#0"},"west":{"uv":[13,0,14,2],"texture":"#0"},"up":{"uv":[16,0,14,1],"texture":"#0"},"down":{"uv":[13,0,14,2],"rotation":90,"texture":"#0"}}},{"from":[5.75,-4.25,7.65],"to":[12.25,2.25,8.35],"rotation":{"angle":45,"axis":"z","origin":[8,-2,1]},"faces":{"north":{"uv":[12.75,12.75,16,16],"rotation":270,"texture":"#0"},"east":{"uv":[16,12.75,12.75,12.5],"rotation":90,"texture":"#0"},"south":{"uv":[12.75,12.75,16,16],"texture":"#0"},"west":{"uv":[12.5,12.5,12.75,15.75],"texture":"#0"},"up":{"uv":[12.75,12.5,16,12.75],"texture":"#0"},"down":{"uv":[12.5,12.5,12.75,15.75],"rotation":90,"texture":"#0"}}},{"from":[4.70652,-3.57224,7.6],"to":[5.70652,-2.57224,8.4],"rotation":{"angle":45,"axis":"z","origin":[4.83986,-2.89186,8]},"faces":{"north":{"uv":[11.75,15,12.25,15.5],"rotation":90,"texture":"#0"},"east":{"uv":[11.75,15.5,12.25,16],"rotation":270,"texture":"#0"},"south":{"uv":[11.75,15,12.25,15.5],"rotation":270,"texture":"#0"},"west":{"uv":[11.75,15.5,12.25,16],"rotation":270,"texture":"#0"},"up":{"uv":[11.25,15,11.75,15.5],"rotation":270,"texture":"#0"},"down":{"uv":[11.25,15,11.75,15.5],"rotation":270,"texture":"#0"}}},{"from":[4.07013,-3.30686,7.75],"to":[5.07013,-2.80686,8.25],"rotation":{"angle":0,"axis":"y","origin":[4.83986,-2.89186,8]},"faces":{"north":{"uv":[11.75,10.5,12,11],"rotation":90,"texture":"#0"},"east":{"uv":[12,9.5,12.25,9.75],"rotation":270,"texture":"#0"},"south":{"uv":[11.75,10.5,12,11],"rotation":270,"texture":"#0"},"west":{"uv":[12,9.5,12.25,9.75],"rotation":270,"texture":"#0"},"up":{"uv":[11.75,10,12,10.5],"rotation":270,"texture":"#0"},"down":{"uv":[12,10.5,12.25,11],"rotation":270,"texture":"#0"}}},{"from":[10.92987,-3.30686,7.75],"to":[11.92987,-2.80686,8.25],"rotation":{"angle":0,"axis":"y","origin":[11.16014,-2.89186,8]},"faces":{"north":{"uv":[11.75,11,12,10.5],"rotation":90,"texture":"#0"},"east":{"uv":[12,9.75,12.25,9.5],"rotation":270,"texture":"#0"},"south":{"uv":[11.75,11,12,10.5],"rotation":270,"texture":"#0"},"west":{"uv":[12,9.75,12.25,9.5],"rotation":270,"texture":"#0"},"up":{"uv":[11.75,10.5,12,10],"rotation":270,"texture":"#0"},"down":{"uv":[12,11,12.25,10.5],"rotation":270,"texture":"#0"}}},{"from":[10.29348,-3.57224,7.6],"to":[11.29348,-2.57224,8.4],"rotation":{"angle":-45,"axis":"z","origin":[11.16014,-2.89186,8]},"faces":{"north":{"uv":[11.75,15.5,12.25,15],"rotation":90,"texture":"#0"},"east":{"uv":[11.75,16,12.25,15.5],"rotation":270,"texture":"#0"},"south":{"uv":[11.75,15.5,12.25,15],"rotation":270,"texture":"#0"},"west":{"uv":[11.75,16,12.25,15.5],"rotation":270,"texture":"#0"},"up":{"uv":[11.25,15.5,11.75,15],"rotation":270,"texture":"#0"},"down":{"uv":[11.25,15.5,11.75,15],"rotation":270,"texture":"#0"}}},{"from":[9.52987,-6.30686,7.75],"to":[10.52987,-5.80686,8.25],"rotation":{"angle":0,"axis":"y","origin":[9.76014,-5.89186,8]},"faces":{"north":{"uv":[11.75,11,12,10.5],"rotation":90,"texture":"#0"},"east":{"uv":[12,9.75,12.25,9.5],"rotation":270,"texture":"#0"},"south":{"uv":[11.75,11,12,10.5],"rotation":270,"texture":"#0"},"west":{"uv":[12,9.75,12.25,9.5],"rotation":270,"texture":"#0"},"up":{"uv":[11.75,10.5,12,10],"rotation":270,"texture":"#0"},"down":{"uv":[12,11,12.25,10.5],"rotation":270,"texture":"#0"}}},{"from":[8.89348,-6.57224,7.6],"to":[9.89348,-5.57224,8.4],"rotation":{"angle":-45,"axis":"z","origin":[9.76014,-5.89186,8]},"faces":{"north":{"uv":[11.75,15.5,12.25,15],"rotation":90,"texture":"#0"},"east":{"uv":[11.75,16,12.25,15.5],"rotation":270,"texture":"#0"},"south":{"uv":[11.75,15.5,12.25,15],"rotation":270,"texture":"#0"},"west":{"uv":[11.75,16,12.25,15.5],"rotation":270,"texture":"#0"},"up":{"uv":[11.25,15.5,11.75,15],"rotation":270,"texture":"#0"},"down":{"uv":[11.25,15.5,11.75,15],"rotation":270,"texture":"#0"}}},{"from":[5.47013,-6.30686,7.75],"to":[6.47013,-5.80686,8.25],"rotation":{"angle":0,"axis":"y","origin":[6.23986,-5.89186,8]},"faces":{"north":{"uv":[11.75,10.5,12,11],"rotation":90,"texture":"#0"},"east":{"uv":[12,9.5,12.25,9.75],"rotation":270,"texture":"#0"},"south":{"uv":[11.75,10.5,12,11],"rotation":270,"texture":"#0"},"west":{"uv":[12,9.5,12.25,9.75],"rotation":270,"texture":"#0"},"up":{"uv":[11.75,10,12,10.5],"rotation":270,"texture":"#0"},"down":{"uv":[12,10.5,12.25,11],"rotation":270,"texture":"#0"}}},{"from":[6.10652,-6.57224,7.6],"to":[7.10652,-5.57224,8.4],"rotation":{"angle":45,"axis":"z","origin":[6.23986,-5.89186,8]},"faces":{"north":{"uv":[11.75,15,12.25,15.5],"rotation":90,"texture":"#0"},"east":{"uv":[11.75,15.5,12.25,16],"rotation":270,"texture":"#0"},"south":{"uv":[11.75,15,12.25,15.5],"rotation":270,"texture":"#0"},"west":{"uv":[11.75,15.5,12.25,16],"rotation":270,"texture":"#0"},"up":{"uv":[11.25,15,11.75,15.5],"rotation":270,"texture":"#0"},"down":{"uv":[11.25,15,11.75,15.5],"rotation":270,"texture":"#0"}}},{"from":[6.65,2.4,7.5],"to":[7.65,3.4,8.5],"rotation":{"angle":45,"axis":"z","origin":[7.65,-0.6,1]},"faces":{"north":{"uv":[12.75,11,12.25,11.5],"texture":"#0"},"east":{"uv":[12.25,11,11.75,11.5],"texture":"#0"},"south":{"uv":[12.75,11,12.25,11.5],"texture":"#0"},"west":{"uv":[13.25,11,12.75,11.5],"texture":"#0"},"up":{"uv":[13.25,10.5,12.75,11],"texture":"#0"},"down":{"uv":[12.75,10.5,12.25,11],"texture":"#0"}}},{"from":[4.38995,1.5402,7.75],"to":[4.88995,3.5402,8.25],"rotation":{"angle":22.5,"axis":"z","origin":[4.15,1.5,1]},"faces":{"north":{"uv":[12.25,14,12.5,15],"texture":"#0"},"east":{"uv":[12.25,15,12.5,16],"texture":"#0"},"south":{"uv":[12.25,14,12.5,15],"texture":"#0"},"west":{"uv":[12.25,13,12.5,14],"texture":"#0"},"up":{"uv":[12.5,15.75,12.75,16],"texture":"#0"},"down":{"uv":[12.5,15.75,12.75,16],"texture":"#0"}}},{"from":[11.11005,1.5402,7.75],"to":[11.61005,3.5402,8.25],"rotation":{"angle":-22.5,"axis":"z","origin":[11.85,1.5,1]},"faces":{"north":{"uv":[12.5,14,12.25,15],"texture":"#0"},"east":{"uv":[12.5,13,12.25,14],"texture":"#0"},"south":{"uv":[12.5,14,12.25,15],"texture":"#0"},"west":{"uv":[12.5,15,12.25,16],"texture":"#0"},"up":{"uv":[12.75,15.75,12.5,16],"texture":"#0"},"down":{"uv":[12.75,15.75,12.5,16],"texture":"#0"}}},{"from":[8.35,2.4,7.5],"to":[9.35,3.4,8.5],"rotation":{"angle":-45,"axis":"z","origin":[8.35,-0.6,1]},"faces":{"north":{"uv":[12.25,11,12.75,11.5],"texture":"#0"},"east":{"uv":[12.75,11,13.25,11.5],"texture":"#0"},"south":{"uv":[12.25,11,12.75,11.5],"texture":"#0"},"west":{"uv":[11.75,11,12.25,11.5],"texture":"#0"},"up":{"uv":[12.75,10.5,13.25,11],"texture":"#0"},"down":{"uv":[12.25,10.5,12.75,11],"texture":"#0"}}},{"from":[9.05,0,7.5],"to":[10.05,2,8.5],"rotation":{"angle":-45,"axis":"z","origin":[9.05,-2,1]},"faces":{"north":{"uv":[12.25,11,12.75,12],"texture":"#0"},"east":{"uv":[12.75,11,13.25,12],"texture":"#0"},"south":{"uv":[12.25,11,12.75,12],"texture":"#0"},"west":{"uv":[11.75,11,12.25,12],"texture":"#0"},"up":{"uv":[12.75,10.5,13.25,11],"texture":"#0"},"down":{"uv":[12.25,10.5,12.75,11],"texture":"#0"}}},{"from":[11.81005,0.1402,7.75],"to":[12.31005,2.1402,8.25],"rotation":{"angle":-22.5,"axis":"z","origin":[12.55,0.1,1]},"faces":{"north":{"uv":[12.5,14,12.25,15],"texture":"#0"},"east":{"uv":[12.5,13,12.25,14],"texture":"#0"},"south":{"uv":[12.5,14,12.25,15],"texture":"#0"},"west":{"uv":[12.5,15,12.25,16],"texture":"#0"},"up":{"uv":[12.75,15.75,12.5,16],"texture":"#0"},"down":{"uv":[12.75,15.75,12.5,16],"texture":"#0"}}},{"from":[6,0,7.5],"to":[7,2,8.5],"rotation":{"angle":45,"axis":"z","origin":[7,-2,1]},"faces":{"north":{"uv":[12.75,11,12.25,12],"texture":"#0"},"east":{"uv":[12.25,11,11.75,12],"texture":"#0"},"south":{"uv":[12.75,11,12.25,12],"texture":"#0"},"west":{"uv":[13.25,11,12.75,12],"texture":"#0"},"up":{"uv":[13.25,10.5,12.75,11],"texture":"#0"},"down":{"uv":[12.75,10.5,12.25,11],"texture":"#0"}}},{"from":[3.73995,0.1402,7.75],"to":[4.23995,2.1402,8.25],"rotation":{"angle":22.5,"axis":"z","origin":[3.5,0.1,1]},"faces":{"north":{"uv":[12.25,14,12.5,15],"texture":"#0"},"east":{"uv":[12.25,15,12.5,16],"texture":"#0"},"south":{"uv":[12.25,14,12.5,15],"texture":"#0"},"west":{"uv":[12.25,13,12.5,14],"texture":"#0"},"up":{"uv":[12.5,15.75,12.75,16],"texture":"#0"},"down":{"uv":[12.5,15.75,12.75,16],"texture":"#0"}}},{"from":[8.5,-1.5,7.5],"to":[11.5,1.5,8.5],"rotation":{"angle":45,"axis":"z","origin":[8,-2,1]},"faces":{"north":{"uv":[14.5,3.5,16,5],"texture":"#0"},"east":{"uv":[14,3,14.5,4.5],"texture":"#0"},"south":{"uv":[14.5,3.5,16,5],"rotation":90,"texture":"#0"},"west":{"uv":[14.5,3,16,3.5],"rotation":90,"texture":"#0"},"up":{"uv":[14,3,14.5,4.5],"rotation":90,"texture":"#0"},"down":{"uv":[14.5,3,16,3.5],"texture":"#0"}}},{"from":[7.25,1,7.75],"to":[8.75,19.5,8.25],"rotation":{"angle":0,"axis":"y","origin":[0,-1,0]},"faces":{"north":{"uv":[1.5,6.25,2.25,15.5],"texture":"#0"},"east":{"uv":[1.5,6.25,1.75,15.5],"texture":"#0"},"south":{"uv":[1.5,6.25,2.25,15.5],"texture":"#0"},"west":{"uv":[2,6.25,2.25,15.5],"texture":"#0"},"up":{"uv":[2.25,6.25,1.5,6.5],"texture":"#0"},"down":{"uv":[1.5,15,2.25,15.25],"texture":"#0"}}},{"from":[1.25,1,8],"to":[14.25,32,8],"rotation":{"angle":0,"axis":"y","origin":[0,-1,0]},"faces":{"north":{"uv":[4.75,0,11.25,15.5],"texture":"#1"},"east":{"uv":[0,0,0,15.5],"texture":"#1"},"south":{"uv":[11.25,0,4.75,15.5],"texture":"#1"},"west":{"uv":[0,0,0,15.5],"texture":"#1"},"up":{"uv":[0,0,3.5,0],"texture":"#1"},"down":{"uv":[0,0,3.5,0],"texture":"#1"}}}],"gui_light":"front","display":{"thirdperson_righthand":{"rotation":[0,110,0],"translation":[0,7.25,1.75],"scale":[0.7,0.7,0.7]},"thirdperson_lefthand":{"rotation":[180,-110,180],"translation":[0,6,1.75],"scale":[0.7,0.7,0.7]},"firstperson_righthand":{"rotation":[-175.56,80,170],"translation":[0.5,5,0.5],"scale":[0.5,0.5,0.5]},"firstperson_lefthand":{"rotation":[-175.56,-88,-170],"translation":[0.5,5,0.5],"scale":[0.5,0.5,0.5]},"ground":{"rotation":[82,0,0],"translation":[0,-1.25,0],"scale":[0.5,0.5,0.5]},"gui":{"rotation":[0,0,-45],"translation":[0,0,-2],"scale":[0.465,0.465,0.465]},"head":{"rotation":[0,-18,105],"translation":[2.5,8.75,2.25],"scale":[0.73516,0.73516,0.73516]},"fixed":{"rotation":[0,0,45],"translation":[1.25,-0.5,-1.25],"scale":[0.96484,0.96484,0.96484]}}}