{"credit":"Made with Blockbench","texture_size":[32,32],"textures":{"0":"elitecreatures:fantasy_swords_v1/sword03tex","1":"elitecreatures:fantasy_swords_v1/sword03ani","particle":"elitecreatures:fantasy_swords_v1/sword03tex"},"elements":[{"from":[7,-8.2,7.25],"to":[9,-2.2,8.75],"rotation":{"angle":0,"axis":"y","origin":[6,-0.2,0]},"faces":{"north":{"uv":[13,7.75,16,8.75],"rotation":90,"texture":"#0"},"east":{"uv":[13,9.5,16,8.75],"rotation":270,"texture":"#0"},"south":{"uv":[13,8.75,16,7.75],"rotation":90,"texture":"#0"},"west":{"uv":[13,8.75,16,9.5],"rotation":270,"texture":"#0"},"up":{"uv":[15.25,6.75,16,7.75],"rotation":270,"texture":"#0"},"down":{"uv":[15.25,6.75,16,7.75],"rotation":270,"texture":"#0"}}},{"from":[5.5,-1.20711,6.5],"to":[10.5,3.79289,9.5],"rotation":{"angle":0,"axis":"y","origin":[8,1.29289,8]},"faces":{"north":{"uv":[9.25,16,11.75,13.5],"texture":"#0"},"east":{"uv":[13.75,10,15.25,12.5],"texture":"#0"},"south":{"uv":[9.25,13.5,11.75,16],"rotation":180,"texture":"#0"},"west":{"uv":[13.75,10,15.25,12.5],"texture":"#0"},"up":{"uv":[11.75,13,14.25,14.5],"texture":"#0"},"down":{"uv":[12.75,5,15.25,6.5],"rotation":180,"texture":"#0"}}},{"from":[6.25,-2.20711,7],"to":[9.75,-1.20711,9],"rotation":{"angle":0,"axis":"y","origin":[8,1.29289,8]},"faces":{"north":{"uv":[13.5,9.5,15.25,10],"texture":"#0"},"east":{"uv":[11,11.5,12,12],"texture":"#0"},"south":{"uv":[13.5,9.5,15.25,10],"rotation":180,"texture":"#0"},"west":{"uv":[11,11.5,12,12],"texture":"#0"},"up":{"uv":[9.25,11.5,11,12.5],"texture":"#0"},"down":{"uv":[9.25,12.5,11,13.5],"rotation":180,"texture":"#0"}}},{"from":[6.5,3.49289,7.5],"to":[9.5,9.49289,8.5],"rotation":{"angle":0,"axis":"y","origin":[8,1.29289,8]},"faces":{"north":{"uv":[16,13,14.5,16],"texture":"#0"},"east":{"uv":[15.5,9.5,16,12.5],"texture":"#0"},"south":{"uv":[16,16,14.5,13],"rotation":180,"texture":"#0"},"west":{"uv":[15.5,9.5,16,12.5],"texture":"#0"},"up":{"uv":[14.5,12.5,16,13],"texture":"#0"},"down":{"uv":[14.5,13,16,12.5],"texture":"#0"}}},{"from":[6.5,9.49289,7.75],"to":[9.5,24.99289,8.25],"rotation":{"angle":0,"axis":"y","origin":[8,1.29289,8]},"faces":{"north":{"uv":[2.75,3.5,1.25,11.25],"texture":"#0"},"east":{"uv":[2.5,3.5,2.75,11.25],"texture":"#0"},"south":{"uv":[2.75,11.25,1.25,3.5],"rotation":180,"texture":"#0"},"west":{"uv":[1.25,3.5,1.5,11.25],"texture":"#0"},"up":{"uv":[1.25,3.5,2.75,3.75],"texture":"#0"},"down":{"uv":[1.25,8,2.75,7.75],"texture":"#0"}}},{"from":[9.5,0,7],"to":[11.5,3,9],"rotation":{"angle":45,"axis":"z","origin":[8,2,8]},"faces":{"north":{"uv":[12,12,13.5,11],"rotation":90,"texture":"#0"},"east":{"uv":[12,13,13.5,12],"rotation":270,"texture":"#0"},"south":{"uv":[12,11,13.5,12],"rotation":90,"texture":"#0"},"west":{"uv":[12,12,13.5,13],"rotation":270,"texture":"#0"},"up":{"uv":[12.5,11,13.5,10],"rotation":270,"texture":"#0"},"down":{"uv":[11,13,12,12],"rotation":270,"texture":"#0"}}},{"from":[4.5,0,7],"to":[6.5,3,9],"rotation":{"angle":-45,"axis":"z","origin":[8,2,8]},"faces":{"north":{"uv":[12,11,13.5,12],"rotation":90,"texture":"#0"},"east":{"uv":[12,13,13.5,12],"rotation":270,"texture":"#0"},"south":{"uv":[12,12,13.5,11],"rotation":90,"texture":"#0"},"west":{"uv":[12,12,13.5,13],"rotation":270,"texture":"#0"},"up":{"uv":[12.5,10,13.5,11],"rotation":270,"texture":"#0"},"down":{"uv":[11,12,12,13],"rotation":270,"texture":"#0"}}},{"from":[7.25,-13.2,7.5],"to":[8.75,-8.2,8.5],"rotation":{"angle":0,"axis":"y","origin":[6,-0.2,0]},"faces":{"north":{"uv":[12.75,6.5,15.25,7.25],"rotation":90,"texture":"#0"},"east":{"uv":[12.75,7.75,15.25,7.25],"rotation":270,"texture":"#0"},"south":{"uv":[12.75,7.25,15.25,6.5],"rotation":90,"texture":"#0"},"west":{"uv":[12.75,7.25,15.25,7.75],"rotation":270,"texture":"#0"},"up":{"uv":[15.5,6,16,6.75],"rotation":270,"texture":"#0"},"down":{"uv":[15.5,6,16,6.75],"rotation":270,"texture":"#0"}}},{"from":[7.25,-15.2,7.5],"to":[8.75,-13.7,8.5],"rotation":{"angle":-45,"axis":"z","origin":[8,-14.45,8]},"faces":{"north":{"uv":[11.75,8.75,12.5,9.5],"rotation":90,"texture":"#0"},"east":{"uv":[11.75,10,12.5,9.5],"rotation":270,"texture":"#0"},"south":{"uv":[11.75,8.75,12.5,9.5],"rotation":90,"texture":"#0"},"west":{"uv":[11.25,9.25,11.75,10],"rotation":180,"texture":"#0"},"up":{"uv":[12,8,12.5,8.75],"rotation":270,"texture":"#0"},"down":{"uv":[11.25,9.25,11.75,10],"rotation":270,"texture":"#0"}}},{"from":[7,-13.7,7.25],"to":[9,-13.2,8.75],"rotation":{"angle":0,"axis":"y","origin":[6,-3.2,0]},"faces":{"north":{"uv":[10.75,10,11,11],"rotation":90,"texture":"#0"},"east":{"uv":[12.5,10,12.75,9.25],"rotation":270,"texture":"#0"},"south":{"uv":[10.75,10,11,11],"rotation":90,"texture":"#0"},"west":{"uv":[12.5,9.25,12.75,10],"rotation":270,"texture":"#0"},"up":{"uv":[11.75,10,12.5,11],"rotation":270,"texture":"#0"},"down":{"uv":[11,10,11.75,11],"rotation":270,"texture":"#0"}}},{"from":[7,-11.7,7.25],"to":[9,-11.2,8.75],"rotation":{"angle":0,"axis":"y","origin":[6,-3.2,0]},"faces":{"north":{"uv":[10.75,10,11,11],"rotation":90,"texture":"#0"},"east":{"uv":[12.5,10,12.75,9.25],"rotation":270,"texture":"#0"},"south":{"uv":[10.75,10,11,11],"rotation":90,"texture":"#0"},"west":{"uv":[12.5,9.25,12.75,10],"rotation":270,"texture":"#0"},"up":{"uv":[11.75,10,12.5,11],"rotation":270,"texture":"#0"},"down":{"uv":[11,10,11.75,11],"rotation":270,"texture":"#0"}}},{"from":[4,1,8],"to":[12,32,8],"faces":{"north":{"uv":[4,0,0,15.5],"texture":"#0"},"east":{"uv":[0,0,0,15.5],"texture":"#0"},"south":{"uv":[0,0,4,15.5],"texture":"#0"},"west":{"uv":[0,0,0,15.5],"texture":"#0"},"up":{"uv":[4,0,0,0],"texture":"#0"},"down":{"uv":[4,0,0,0],"texture":"#0"}}},{"from":[2.5,-3,7.1],"to":[8.5,3,7.1],"rotation":{"angle":0,"axis":"y","origin":[5.5,0,7.1]},"faces":{"north":{"uv":[8.5,12.5,11.5,15.5],"rotation":180,"texture":"#1"},"east":{"uv":[0,0,0,3],"rotation":180,"texture":"#1"},"south":{"uv":[11.5,12.5,8.5,15.5],"rotation":180,"texture":"#1"},"west":{"uv":[0,0,0,3],"rotation":180,"texture":"#1"},"up":{"uv":[8,0,11,0],"rotation":180,"texture":"#1"},"down":{"uv":[8,0,11,0],"rotation":180,"texture":"#1"}}},{"from":[2.5,-3,8.9],"to":[8.5,3,8.9],"rotation":{"angle":0,"axis":"y","origin":[5.5,0,8.9]},"faces":{"north":{"uv":[8.5,12.5,11.5,15.5],"rotation":180,"texture":"#1"},"east":{"uv":[0,0,0,3],"rotation":180,"texture":"#1"},"south":{"uv":[11.5,12.5,8.5,15.5],"rotation":180,"texture":"#1"},"west":{"uv":[0,0,0,3],"rotation":180,"texture":"#1"},"up":{"uv":[8,0,11,0],"rotation":180,"texture":"#1"},"down":{"uv":[8,0,11,0],"rotation":180,"texture":"#1"}}},{"from":[2.5,-3,8.9],"to":[8.5,3,8.9],"rotation":{"angle":0,"axis":"y","origin":[0.5,-2,16.9]},"faces":{"north":{"uv":[12.5,0.75,15.5,3.75],"texture":"#1"},"east":{"uv":[0,0,0,3],"texture":"#1"},"south":{"uv":[15.5,0.75,12.5,3.75],"texture":"#1"},"west":{"uv":[0,0,0,3],"texture":"#1"},"up":{"uv":[8,0,11,0],"texture":"#1"},"down":{"uv":[8,0,11,0],"texture":"#1"}}},{"from":[2.5,-3,8.9],"to":[8.5,3,8.9],"rotation":{"angle":-22.5,"axis":"z","origin":[5.5,0,8.9]},"faces":{"north":{"uv":[12.5,4.5,15.5,7.5],"texture":"#1"},"east":{"uv":[0,0,0,3],"texture":"#1"},"south":{"uv":[15.5,4.5,12.5,7.5],"texture":"#1"},"west":{"uv":[0,0,0,3],"texture":"#1"},"up":{"uv":[8,0,11,0],"texture":"#1"},"down":{"uv":[8,0,11,0],"texture":"#1"}}},{"from":[2.5,-3,8.9],"to":[8.5,3,8.9],"rotation":{"angle":45,"axis":"z","origin":[5.5,0,8.9]},"faces":{"north":{"uv":[15.5,11.5,12.5,8.5],"rotation":90,"texture":"#1"},"east":{"uv":[8,0,11,0],"rotation":90,"texture":"#1"},"south":{"uv":[12.5,11.5,15.5,8.5],"rotation":270,"texture":"#1"},"west":{"uv":[8,0,11,0],"rotation":90,"texture":"#1"},"up":{"uv":[0,0,0,3],"rotation":90,"texture":"#1"},"down":{"uv":[0,0,0,3],"rotation":90,"texture":"#1"}}},{"from":[2.5,-3,8.9],"to":[8.5,3,8.9],"rotation":{"angle":22.5,"axis":"z","origin":[5.5,0,8.9]},"faces":{"north":{"uv":[15.5,15.5,12.5,12.5],"rotation":90,"texture":"#1"},"east":{"uv":[8,0,11,0],"rotation":90,"texture":"#1"},"south":{"uv":[12.5,15.5,15.5,12.5],"rotation":270,"texture":"#1"},"west":{"uv":[8,0,11,0],"rotation":90,"texture":"#1"},"up":{"uv":[0,0,0,3],"rotation":90,"texture":"#1"},"down":{"uv":[0,0,0,3],"rotation":90,"texture":"#1"}}},{"from":[2.5,-3,8.9],"to":[8.5,3,8.9],"rotation":{"angle":-22.5,"axis":"z","origin":[5.5,0,8.9]},"faces":{"north":{"uv":[11.5,3.5,8.5,0.5],"rotation":90,"texture":"#1"},"east":{"uv":[8,0,11,0],"rotation":90,"texture":"#1"},"south":{"uv":[8.5,3.5,11.5,0.5],"rotation":270,"texture":"#1"},"west":{"uv":[8,0,11,0],"rotation":90,"texture":"#1"},"up":{"uv":[0,0,0,3],"rotation":90,"texture":"#1"},"down":{"uv":[0,0,0,3],"rotation":90,"texture":"#1"}}},{"from":[2.5,-3,8.9],"to":[8.5,3,8.9],"rotation":{"angle":-45,"axis":"z","origin":[5.5,0,8.9]},"faces":{"north":{"uv":[11.5,7.5,8.5,4.5],"rotation":90,"texture":"#1"},"east":{"uv":[8,0,11,0],"rotation":90,"texture":"#1"},"south":{"uv":[8.5,7.5,11.5,4.5],"rotation":270,"texture":"#1"},"west":{"uv":[8,0,11,0],"rotation":90,"texture":"#1"},"up":{"uv":[0,0,0,3],"rotation":90,"texture":"#1"},"down":{"uv":[0,0,0,3],"rotation":90,"texture":"#1"}}},{"from":[2.5,-3,8.9],"to":[8.5,3,8.9],"rotation":{"angle":22.5,"axis":"z","origin":[5.5,0,8.9]},"faces":{"north":{"uv":[8.5,8.5,11.5,11.5],"rotation":180,"texture":"#1"},"east":{"uv":[0,0,0,3],"rotation":180,"texture":"#1"},"south":{"uv":[11.5,8.5,8.5,11.5],"rotation":180,"texture":"#1"},"west":{"uv":[0,0,0,3],"rotation":180,"texture":"#1"},"up":{"uv":[8,0,11,0],"rotation":180,"texture":"#1"},"down":{"uv":[8,0,11,0],"rotation":180,"texture":"#1"}}},{"from":[2.5,-3,7.1],"to":[8.5,3,7.1],"rotation":{"angle":22.5,"axis":"z","origin":[5.5,0,7.1]},"faces":{"north":{"uv":[8.5,8.5,11.5,11.5],"rotation":180,"texture":"#1"},"east":{"uv":[0,0,0,3],"rotation":180,"texture":"#1"},"south":{"uv":[11.5,8.5,8.5,11.5],"rotation":180,"texture":"#1"},"west":{"uv":[0,0,0,3],"rotation":180,"texture":"#1"},"up":{"uv":[8,0,11,0],"rotation":180,"texture":"#1"},"down":{"uv":[8,0,11,0],"rotation":180,"texture":"#1"}}},{"from":[2.5,-3,7.1],"to":[8.5,3,7.1],"rotation":{"angle":-45,"axis":"z","origin":[5.5,0,7.1]},"faces":{"north":{"uv":[8.5,4.5,11.5,7.5],"rotation":270,"texture":"#1"},"east":{"uv":[8,0,11,0],"rotation":90,"texture":"#1"},"south":{"uv":[11.5,4.5,8.5,7.5],"rotation":90,"texture":"#1"},"west":{"uv":[8,0,11,0],"rotation":90,"texture":"#1"},"up":{"uv":[0,0,0,3],"rotation":90,"texture":"#1"},"down":{"uv":[0,0,0,3],"rotation":90,"texture":"#1"}}},{"from":[2.5,-3,7.1],"to":[8.5,3,7.1],"rotation":{"angle":-22.5,"axis":"z","origin":[5.5,0,7.1]},"faces":{"north":{"uv":[8.5,0.5,11.5,3.5],"rotation":270,"texture":"#1"},"east":{"uv":[8,0,11,0],"rotation":90,"texture":"#1"},"south":{"uv":[11.5,0.5,8.5,3.5],"rotation":90,"texture":"#1"},"west":{"uv":[8,0,11,0],"rotation":90,"texture":"#1"},"up":{"uv":[0,0,0,3],"rotation":90,"texture":"#1"},"down":{"uv":[0,0,0,3],"rotation":90,"texture":"#1"}}},{"from":[2.5,-3,7.1],"to":[8.5,3,7.1],"rotation":{"angle":22.5,"axis":"z","origin":[5.5,0,7.1]},"faces":{"north":{"uv":[12.5,12.5,15.5,15.5],"rotation":270,"texture":"#1"},"east":{"uv":[8,0,11,0],"rotation":90,"texture":"#1"},"south":{"uv":[15.5,12.5,12.5,15.5],"rotation":90,"texture":"#1"},"west":{"uv":[8,0,11,0],"rotation":90,"texture":"#1"},"up":{"uv":[0,0,0,3],"rotation":90,"texture":"#1"},"down":{"uv":[0,0,0,3],"rotation":90,"texture":"#1"}}},{"from":[2.5,-3,7.1],"to":[8.5,3,7.1],"rotation":{"angle":45,"axis":"z","origin":[5.5,0,7.1]},"faces":{"north":{"uv":[12.5,8.5,15.5,11.5],"rotation":270,"texture":"#1"},"east":{"uv":[8,0,11,0],"rotation":90,"texture":"#1"},"south":{"uv":[15.5,8.5,12.5,11.5],"rotation":90,"texture":"#1"},"west":{"uv":[8,0,11,0],"rotation":90,"texture":"#1"},"up":{"uv":[0,0,0,3],"rotation":90,"texture":"#1"},"down":{"uv":[0,0,0,3],"rotation":90,"texture":"#1"}}},{"from":[2.5,-3,7.1],"to":[8.5,3,7.1],"rotation":{"angle":-22.5,"axis":"z","origin":[5.5,0,7.1]},"faces":{"north":{"uv":[12.5,4.5,15.5,7.5],"texture":"#1"},"east":{"uv":[0,0,0,3],"texture":"#1"},"south":{"uv":[15.5,4.5,12.5,7.5],"texture":"#1"},"west":{"uv":[0,0,0,3],"texture":"#1"},"up":{"uv":[8,0,11,0],"texture":"#1"},"down":{"uv":[8,0,11,0],"texture":"#1"}}},{"from":[2.5,-3,7.1],"to":[8.5,3,7.1],"rotation":{"angle":0,"axis":"y","origin":[0.5,-2,-0.9]},"faces":{"north":{"uv":[12.5,0.75,15.5,3.75],"texture":"#1"},"east":{"uv":[0,0,0,3],"texture":"#1"},"south":{"uv":[15.5,0.75,12.5,3.75],"texture":"#1"},"west":{"uv":[0,0,0,3],"texture":"#1"},"up":{"uv":[8,0,11,0],"texture":"#1"},"down":{"uv":[8,0,11,0],"texture":"#1"}}},{"from":[7.5,-3,7.1],"to":[13.5,3,7.1],"rotation":{"angle":0,"axis":"y","origin":[15.5,-2,-0.9]},"faces":{"north":{"uv":[15.5,0.75,12.5,3.75],"texture":"#1"},"east":{"uv":[0,0,0,3],"texture":"#1"},"south":{"uv":[12.5,0.75,15.5,3.75],"texture":"#1"},"west":{"uv":[0,0,0,3],"texture":"#1"},"up":{"uv":[11,0,8,0],"texture":"#1"},"down":{"uv":[11,0,8,0],"texture":"#1"}}},{"from":[7.5,-3,7.1],"to":[13.5,3,7.1],"rotation":{"angle":22.5,"axis":"z","origin":[10.5,0,7.1]},"faces":{"north":{"uv":[15.5,4.5,12.5,7.5],"texture":"#1"},"east":{"uv":[0,0,0,3],"texture":"#1"},"south":{"uv":[12.5,4.5,15.5,7.5],"texture":"#1"},"west":{"uv":[0,0,0,3],"texture":"#1"},"up":{"uv":[11,0,8,0],"texture":"#1"},"down":{"uv":[11,0,8,0],"texture":"#1"}}},{"from":[7.5,-3,7.1],"to":[13.5,3,7.1],"rotation":{"angle":-45,"axis":"z","origin":[10.5,0,7.1]},"faces":{"north":{"uv":[12.5,11.5,15.5,8.5],"rotation":270,"texture":"#1"},"east":{"uv":[8,0,11,0],"rotation":90,"texture":"#1"},"south":{"uv":[15.5,11.5,12.5,8.5],"rotation":90,"texture":"#1"},"west":{"uv":[8,0,11,0],"rotation":90,"texture":"#1"},"up":{"uv":[0,3,0,0],"rotation":90,"texture":"#1"},"down":{"uv":[0,3,0,0],"rotation":90,"texture":"#1"}}},{"from":[7.5,-3,7.1],"to":[13.5,3,7.1],"rotation":{"angle":-22.5,"axis":"z","origin":[10.5,0,7.1]},"faces":{"north":{"uv":[12.5,15.5,15.5,12.5],"rotation":270,"texture":"#1"},"east":{"uv":[8,0,11,0],"rotation":90,"texture":"#1"},"south":{"uv":[15.5,15.5,12.5,12.5],"rotation":90,"texture":"#1"},"west":{"uv":[8,0,11,0],"rotation":90,"texture":"#1"},"up":{"uv":[0,3,0,0],"rotation":90,"texture":"#1"},"down":{"uv":[0,3,0,0],"rotation":90,"texture":"#1"}}},{"from":[7.5,-3,7.1],"to":[13.5,3,7.1],"rotation":{"angle":22.5,"axis":"z","origin":[10.5,0,7.1]},"faces":{"north":{"uv":[8.5,3.5,11.5,0.5],"rotation":270,"texture":"#1"},"east":{"uv":[8,0,11,0],"rotation":90,"texture":"#1"},"south":{"uv":[11.5,3.5,8.5,0.5],"rotation":90,"texture":"#1"},"west":{"uv":[8,0,11,0],"rotation":90,"texture":"#1"},"up":{"uv":[0,3,0,0],"rotation":90,"texture":"#1"},"down":{"uv":[0,3,0,0],"rotation":90,"texture":"#1"}}},{"from":[7.5,-3,7.1],"to":[13.5,3,7.1],"rotation":{"angle":45,"axis":"z","origin":[10.5,0,7.1]},"faces":{"north":{"uv":[8.5,7.5,11.5,4.5],"rotation":270,"texture":"#1"},"east":{"uv":[8,0,11,0],"rotation":90,"texture":"#1"},"south":{"uv":[11.5,7.5,8.5,4.5],"rotation":90,"texture":"#1"},"west":{"uv":[8,0,11,0],"rotation":90,"texture":"#1"},"up":{"uv":[0,3,0,0],"rotation":90,"texture":"#1"},"down":{"uv":[0,3,0,0],"rotation":90,"texture":"#1"}}},{"from":[7.5,-3,7.1],"to":[13.5,3,7.1],"rotation":{"angle":-22.5,"axis":"z","origin":[10.5,0,7.1]},"faces":{"north":{"uv":[11.5,8.5,8.5,11.5],"rotation":180,"texture":"#1"},"east":{"uv":[0,0,0,3],"rotation":180,"texture":"#1"},"south":{"uv":[8.5,8.5,11.5,11.5],"rotation":180,"texture":"#1"},"west":{"uv":[0,0,0,3],"rotation":180,"texture":"#1"},"up":{"uv":[11,0,8,0],"rotation":180,"texture":"#1"},"down":{"uv":[11,0,8,0],"rotation":180,"texture":"#1"}}},{"from":[7.5,-3,8.9],"to":[13.5,3,8.9],"rotation":{"angle":-22.5,"axis":"z","origin":[10.5,0,8.9]},"faces":{"north":{"uv":[11.5,8.5,8.5,11.5],"rotation":180,"texture":"#1"},"east":{"uv":[0,0,0,3],"rotation":180,"texture":"#1"},"south":{"uv":[8.5,8.5,11.5,11.5],"rotation":180,"texture":"#1"},"west":{"uv":[0,0,0,3],"rotation":180,"texture":"#1"},"up":{"uv":[11,0,8,0],"rotation":180,"texture":"#1"},"down":{"uv":[11,0,8,0],"rotation":180,"texture":"#1"}}},{"from":[7.5,-3,8.9],"to":[13.5,3,8.9],"rotation":{"angle":45,"axis":"z","origin":[10.5,0,8.9]},"faces":{"north":{"uv":[11.5,4.5,8.5,7.5],"rotation":90,"texture":"#1"},"east":{"uv":[8,0,11,0],"rotation":90,"texture":"#1"},"south":{"uv":[8.5,4.5,11.5,7.5],"rotation":270,"texture":"#1"},"west":{"uv":[8,0,11,0],"rotation":90,"texture":"#1"},"up":{"uv":[0,3,0,0],"rotation":90,"texture":"#1"},"down":{"uv":[0,3,0,0],"rotation":90,"texture":"#1"}}},{"from":[7.5,-3,8.9],"to":[13.5,3,8.9],"rotation":{"angle":22.5,"axis":"z","origin":[10.5,0,8.9]},"faces":{"north":{"uv":[11.5,0.5,8.5,3.5],"rotation":90,"texture":"#1"},"east":{"uv":[8,0,11,0],"rotation":90,"texture":"#1"},"south":{"uv":[8.5,0.5,11.5,3.5],"rotation":270,"texture":"#1"},"west":{"uv":[8,0,11,0],"rotation":90,"texture":"#1"},"up":{"uv":[0,3,0,0],"rotation":90,"texture":"#1"},"down":{"uv":[0,3,0,0],"rotation":90,"texture":"#1"}}},{"from":[7.5,-3,8.9],"to":[13.5,3,8.9],"rotation":{"angle":-22.5,"axis":"z","origin":[10.5,0,8.9]},"faces":{"north":{"uv":[15.5,12.5,12.5,15.5],"rotation":90,"texture":"#1"},"east":{"uv":[8,0,11,0],"rotation":90,"texture":"#1"},"south":{"uv":[12.5,12.5,15.5,15.5],"rotation":270,"texture":"#1"},"west":{"uv":[8,0,11,0],"rotation":90,"texture":"#1"},"up":{"uv":[0,3,0,0],"rotation":90,"texture":"#1"},"down":{"uv":[0,3,0,0],"rotation":90,"texture":"#1"}}},{"from":[7.5,-3,8.9],"to":[13.5,3,8.9],"rotation":{"angle":-45,"axis":"z","origin":[10.5,0,8.9]},"faces":{"north":{"uv":[15.5,8.5,12.5,11.5],"rotation":90,"texture":"#1"},"east":{"uv":[8,0,11,0],"rotation":90,"texture":"#1"},"south":{"uv":[12.5,8.5,15.5,11.5],"rotation":270,"texture":"#1"},"west":{"uv":[8,0,11,0],"rotation":90,"texture":"#1"},"up":{"uv":[0,3,0,0],"rotation":90,"texture":"#1"},"down":{"uv":[0,3,0,0],"rotation":90,"texture":"#1"}}},{"from":[7.5,-3,8.9],"to":[13.5,3,8.9],"rotation":{"angle":22.5,"axis":"z","origin":[10.5,0,8.9]},"faces":{"north":{"uv":[15.5,4.5,12.5,7.5],"texture":"#1"},"east":{"uv":[0,0,0,3],"texture":"#1"},"south":{"uv":[12.5,4.5,15.5,7.5],"texture":"#1"},"west":{"uv":[0,0,0,3],"texture":"#1"},"up":{"uv":[11,0,8,0],"texture":"#1"},"down":{"uv":[11,0,8,0],"texture":"#1"}}},{"from":[7.5,-3,8.9],"to":[13.5,3,8.9],"rotation":{"angle":0,"axis":"y","origin":[15.5,-2,16.9]},"faces":{"north":{"uv":[15.5,0.75,12.5,3.75],"texture":"#1"},"east":{"uv":[0,0,0,3],"texture":"#1"},"south":{"uv":[12.5,0.75,15.5,3.75],"texture":"#1"},"west":{"uv":[0,0,0,3],"texture":"#1"},"up":{"uv":[11,0,8,0],"texture":"#1"},"down":{"uv":[11,0,8,0],"texture":"#1"}}},{"from":[7.5,-3,8.9],"to":[13.5,3,8.9],"rotation":{"angle":0,"axis":"y","origin":[10.5,0,8.9]},"faces":{"north":{"uv":[11.5,12.5,8.5,15.5],"rotation":180,"texture":"#1"},"east":{"uv":[0,0,0,3],"rotation":180,"texture":"#1"},"south":{"uv":[8.5,12.5,11.5,15.5],"rotation":180,"texture":"#1"},"west":{"uv":[0,0,0,3],"rotation":180,"texture":"#1"},"up":{"uv":[11,0,8,0],"rotation":180,"texture":"#1"},"down":{"uv":[11,0,8,0],"rotation":180,"texture":"#1"}}},{"from":[7.5,-3,7.1],"to":[13.5,3,7.1],"rotation":{"angle":0,"axis":"y","origin":[10.5,0,7.1]},"faces":{"north":{"uv":[11.5,12.5,8.5,15.5],"rotation":180,"texture":"#1"},"east":{"uv":[0,0,0,3],"rotation":180,"texture":"#1"},"south":{"uv":[8.5,12.5,11.5,15.5],"rotation":180,"texture":"#1"},"west":{"uv":[0,0,0,3],"rotation":180,"texture":"#1"},"up":{"uv":[11,0,8,0],"rotation":180,"texture":"#1"},"down":{"uv":[11,0,8,0],"rotation":180,"texture":"#1"}}},{"from":[8,-16,8],"to":[11,-12,8],"faces":{"north":{"uv":[16,0,14.5,2],"texture":"#0"},"east":{"uv":[0,0,0,2],"texture":"#0"},"south":{"uv":[14.5,0,16,2],"texture":"#0"},"west":{"uv":[0,0,0,2],"texture":"#0"},"up":{"uv":[14.5,0,16,0],"texture":"#0"},"down":{"uv":[14.5,0,16,0],"texture":"#0"}}},{"from":[5,-16,8],"to":[8,-12,8],"rotation":{"angle":0,"axis":"y","origin":[16,0,0]},"faces":{"north":{"uv":[14.5,0,16,2],"texture":"#0"},"east":{"uv":[0,0,0,2],"texture":"#0"},"south":{"uv":[16,0,14.5,2],"texture":"#0"},"west":{"uv":[0,0,0,2],"texture":"#0"},"up":{"uv":[16,0,14.5,0],"texture":"#0"},"down":{"uv":[16,0,14.5,0],"texture":"#0"}}},{"from":[3,-11,8],"to":[9,-1,8],"faces":{"north":{"uv":[9,11,6,16],"texture":"#0"},"east":{"uv":[0,0,0,5],"texture":"#0"},"south":{"uv":[6,11,9,16],"texture":"#0"},"west":{"uv":[0,0,0,5],"texture":"#0"},"up":{"uv":[0,0,3,0],"texture":"#0"},"down":{"uv":[0,0,3,0],"texture":"#0"}}},{"from":[-1,-3,8],"to":[5,7,8],"rotation":{"angle":-45,"axis":"z","origin":[0,0,0]},"faces":{"north":{"uv":[9,11,6,16],"texture":"#0"},"east":{"uv":[0,0,0,5],"texture":"#0"},"south":{"uv":[6,11,9,16],"texture":"#0"},"west":{"uv":[0,0,0,5],"texture":"#0"},"up":{"uv":[0,0,3,0],"texture":"#0"},"down":{"uv":[0,0,3,0],"texture":"#0"}}},{"from":[11,-3,8],"to":[17,7,8],"rotation":{"angle":45,"axis":"z","origin":[16,0,0]},"faces":{"north":{"uv":[6,11,9,16],"texture":"#0"},"east":{"uv":[0,0,0,5],"texture":"#0"},"south":{"uv":[9,11,6,16],"texture":"#0"},"west":{"uv":[0,0,0,5],"texture":"#0"},"up":{"uv":[3,0,0,0],"texture":"#0"},"down":{"uv":[3,0,0,0],"texture":"#0"}}},{"from":[-3.5,-4.5,8],"to":[6.5,1.5,8],"rotation":{"angle":45,"axis":"z","origin":[0,0,0]},"faces":{"north":{"uv":[8.75,6,5.75,11],"rotation":270,"texture":"#0"},"east":{"uv":[0,0,3,0],"rotation":90,"texture":"#0"},"south":{"uv":[5.75,6,8.75,11],"rotation":90,"texture":"#0"},"west":{"uv":[0,0,3,0],"rotation":90,"texture":"#0"},"up":{"uv":[0,0,0,5],"rotation":90,"texture":"#0"},"down":{"uv":[0,0,0,5],"rotation":90,"texture":"#0"}}},{"from":[9.5,-4.5,8],"to":[19.5,1.5,8],"rotation":{"angle":-45,"axis":"z","origin":[16,0,0]},"faces":{"north":{"uv":[8.75,11,5.75,6],"rotation":270,"texture":"#0"},"east":{"uv":[0,0,3,0],"rotation":90,"texture":"#0"},"south":{"uv":[5.75,11,8.75,6],"rotation":90,"texture":"#0"},"west":{"uv":[0,0,3,0],"rotation":90,"texture":"#0"},"up":{"uv":[0,5,0,0],"rotation":90,"texture":"#0"},"down":{"uv":[0,5,0,0],"rotation":90,"texture":"#0"}}},{"from":[7,-11,8],"to":[13,-1,8],"rotation":{"angle":0,"axis":"y","origin":[16,0,0]},"faces":{"north":{"uv":[6,11,9,16],"texture":"#0"},"east":{"uv":[0,0,0,5],"texture":"#0"},"south":{"uv":[9,11,6,16],"texture":"#0"},"west":{"uv":[0,0,0,5],"texture":"#0"},"up":{"uv":[3,0,0,0],"texture":"#0"},"down":{"uv":[3,0,0,0],"texture":"#0"}}}],"gui_light":"front","display":{"thirdperson_righthand":{"rotation":[0,110,0],"translation":[0,7.25,1.75],"scale":[0.7,0.7,0.7]},"thirdperson_lefthand":{"rotation":[180,-110,180],"translation":[0,6,1.75],"scale":[0.7,0.7,0.7]},"firstperson_righthand":{"rotation":[-175.56,80,170],"translation":[0.5,5,0.5],"scale":[0.5,0.5,0.5]},"firstperson_lefthand":{"rotation":[-175.56,-88,-170],"translation":[0.5,5,0.5],"scale":[0.5,0.5,0.5]},"ground":{"rotation":[82,0,0],"translation":[0,-1.25,0],"scale":[0.5,0.5,0.5]},"gui":{"rotation":[0,180,47],"translation":[0,0.25,-2],"scale":[0.44,0.44,0.44]},"head":{"rotation":[0,-18,105],"translation":[2.5,8.75,2.25],"scale":[0.73516,0.73516,0.73516]},"fixed":{"rotation":[0,0,45],"translation":[1.25,-0.5,-1.25],"scale":[0.96484,0.96484,0.96484]}}}