{"credit":"Made with Blockbench","textures":{"0":"elitecreatures:fantasy_swords_v1/sword191tex","particle":"elitecreatures:fantasy_swords_v1/sword191tex"},"elements":[{"from":[7,-13,7],"to":[9,-6,9],"faces":{"north":{"uv":[11,14,14.5,13],"rotation":90,"texture":"#0"},"east":{"uv":[11,15,14.5,14],"rotation":90,"texture":"#0"},"south":{"uv":[11,14,14.5,13],"rotation":90,"texture":"#0"},"west":{"uv":[11,15,14.5,14],"rotation":90,"texture":"#0"},"up":{"uv":[13.5,16,14.5,15],"rotation":90,"texture":"#0"},"down":{"uv":[13.5,16,14.5,15],"rotation":270,"texture":"#0"}}},{"from":[2,-8,8],"to":[17.5,24,8],"rotation":{"angle":0,"axis":"y","origin":[16,0,0]},"faces":{"north":{"uv":[0,0,7.75,16],"texture":"#0"},"east":{"uv":[0.25,0,0.25,16],"texture":"#0"},"south":{"uv":[7.75,0,0,16],"texture":"#0"},"west":{"uv":[0.25,0,0.25,16],"texture":"#0"},"up":{"uv":[0,0,7.75,0],"texture":"#0"},"down":{"uv":[0,0,7.75,0],"texture":"#0"}}},{"from":[6,24,8],"to":[13.5,32,8],"rotation":{"angle":0,"axis":"y","origin":[16,0,0]},"faces":{"north":{"uv":[10.25,0,14,4],"texture":"#0"},"east":{"uv":[0.25,0,0.25,4],"texture":"#0"},"south":{"uv":[14,0,10.25,4],"texture":"#0"},"west":{"uv":[0.25,0,0.25,4],"texture":"#0"},"up":{"uv":[0,0,7.75,0],"texture":"#0"},"down":{"uv":[0,0,7.75,0],"texture":"#0"}}},{"from":[6.25,-6.25,6.5],"to":[10.25,-2.25,9.5],"rotation":{"angle":-45,"axis":"z","origin":[8,-4,8]},"faces":{"north":{"uv":[16,3.5,14,5.5],"texture":"#0"},"east":{"uv":[16,7,14.5,8.75],"texture":"#0"},"south":{"uv":[14,3.5,16,5.5],"texture":"#0"},"west":{"uv":[16,7,14.5,8.75],"texture":"#0"},"up":{"uv":[14.5,8.75,16,7],"rotation":90,"texture":"#0"},"down":{"uv":[14.5,8.75,16,7],"rotation":90,"texture":"#0"}}},{"from":[7.25,-2.5,7.25],"to":[8.75,11.5,8.75],"faces":{"north":{"uv":[15.25,9,14.5,16],"texture":"#0"},"east":{"uv":[16,9,15.25,16],"rotation":180,"texture":"#0"},"south":{"uv":[14.5,9,15.25,16],"texture":"#0"},"west":{"uv":[16,9,15.25,16],"rotation":180,"texture":"#0"},"up":{"uv":[15.25,0.75,16,0],"rotation":90,"texture":"#0"},"down":{"uv":[15.25,0.75,16,0],"rotation":270,"texture":"#0"}}},{"from":[6.5,-15.5,6.5],"to":[9.5,-13,9.5],"faces":{"north":{"uv":[14.5,10.25,13,11.5],"texture":"#0"},"east":{"uv":[13,10.25,11.5,11.5],"texture":"#0"},"south":{"uv":[14.5,10.25,13,11.5],"texture":"#0"},"west":{"uv":[13,10.25,11.5,11.5],"texture":"#0"},"up":{"uv":[13,13,14.5,11.5],"rotation":90,"texture":"#0"},"down":{"uv":[11.5,13,13,11.5],"rotation":270,"texture":"#0"}}}],"gui_light":"front","display":{"thirdperson_righthand":{"rotation":[0,110,0],"translation":[0,9.25,1.75],"scale":[0.7,0.7,0.7]},"thirdperson_lefthand":{"rotation":[180,-110,180],"translation":[0,10,1.75],"scale":[0.7,0.7,0.7]},"firstperson_righthand":{"rotation":[-175.56,80,170],"translation":[0.5,5,0.5],"scale":[0.5,0.5,0.5]},"firstperson_lefthand":{"rotation":[-175.56,-88,-170],"translation":[0.5,5,0.5],"scale":[0.5,0.5,0.5]},"ground":{"rotation":[82,0,0],"translation":[0,-1.25,0],"scale":[0.5,0.5,0.5]},"gui":{"rotation":[-3,0,-45],"translation":[-0.25,-0.25,-2],"scale":[0.43375,0.43375,0.43375]},"head":{"rotation":[0,-18,105],"translation":[2.5,8.75,2.25],"scale":[0.73516,0.73516,0.73516]},"fixed":{"rotation":[0,0,45],"translation":[1.25,-0.5,-1.25],"scale":[0.96484,0.96484,0.96484]}}}