{"credit":"Made with Blockbench","texture_size":[32,32],"textures":{"0":"elitecreatures:fantasy_swords_v1/sword101tex","1":"elitecreatures:fantasy_swords_v1/sword10ani","particle":"elitecreatures:fantasy_swords_v1/sword101tex"},"elements":[{"from":[7,-12.5,7],"to":[9,-12,9],"rotation":{"angle":0,"axis":"y","origin":[16,-2,6]},"faces":{"north":{"uv":[6.25,15,6.5,16],"rotation":270,"texture":"#0"},"east":{"uv":[6,16,6.25,15],"rotation":90,"texture":"#0"},"south":{"uv":[6.25,16,6.5,15],"rotation":270,"texture":"#0"},"west":{"uv":[6,15,6.25,16],"rotation":90,"texture":"#0"},"up":{"uv":[6.5,15,7.5,16],"texture":"#0"},"down":{"uv":[6.5,15,7.5,16],"rotation":180,"texture":"#0"}}},{"from":[7,-9.5,7],"to":[9,-9,9],"rotation":{"angle":0,"axis":"y","origin":[16,-2,6]},"faces":{"north":{"uv":[6.25,15,6.5,16],"rotation":270,"texture":"#0"},"east":{"uv":[6,16,6.25,15],"rotation":90,"texture":"#0"},"south":{"uv":[6.25,16,6.5,15],"rotation":270,"texture":"#0"},"west":{"uv":[6,15,6.25,16],"rotation":90,"texture":"#0"},"up":{"uv":[6.5,15,7.5,16],"texture":"#0"},"down":{"uv":[6.5,15,7.5,16],"rotation":180,"texture":"#0"}}},{"from":[7,-6.5,7],"to":[9,-6,9],"rotation":{"angle":0,"axis":"y","origin":[16,-2,6]},"faces":{"north":{"uv":[6.25,15,6.5,16],"rotation":270,"texture":"#0"},"east":{"uv":[6,16,6.25,15],"rotation":90,"texture":"#0"},"south":{"uv":[6.25,16,6.5,15],"rotation":270,"texture":"#0"},"west":{"uv":[6,15,6.25,16],"rotation":90,"texture":"#0"},"up":{"uv":[6.5,15,7.5,16],"texture":"#0"},"down":{"uv":[6.5,15,7.5,16],"rotation":180,"texture":"#0"}}},{"from":[7.25,-13,7.25],"to":[8.75,-5.5,8.75],"rotation":{"angle":0,"axis":"y","origin":[16,-2,6]},"faces":{"north":{"uv":[0,15.25,3.75,16],"rotation":270,"texture":"#0"},"east":{"uv":[0,15.25,3.75,14.5],"rotation":90,"texture":"#0"},"south":{"uv":[0,16,3.75,15.25],"rotation":270,"texture":"#0"},"west":{"uv":[0,14.5,3.75,15.25],"rotation":90,"texture":"#0"},"up":{"uv":[7.5,10.75,8.25,11.5],"texture":"#0"},"down":{"uv":[7.5,10.75,8.25,11.5],"rotation":180,"texture":"#0"}}},{"from":[7,-5.5,7],"to":[9,0,9],"rotation":{"angle":0,"axis":"y","origin":[16,-3,6]},"faces":{"north":{"uv":[15,0,16,2.75],"rotation":180,"texture":"#0"},"east":{"uv":[11.25,1,14,0],"rotation":90,"texture":"#0"},"south":{"uv":[15,0,16,2.75],"rotation":180,"texture":"#0"},"west":{"uv":[11.25,0,14,1],"rotation":90,"texture":"#0"},"up":{"uv":[14,0,15,1],"texture":"#0"},"down":{"uv":[14,0,15,1],"rotation":180,"texture":"#0"}}},{"from":[4,-5.5,8],"to":[7,-1,8],"rotation":{"angle":0,"axis":"y","origin":[16,-3,6]},"faces":{"north":{"uv":[9.25,0,7.75,2.25],"rotation":180,"texture":"#0"},"east":{"uv":[11.25,0,13.5,0],"rotation":90,"texture":"#0"},"south":{"uv":[7.75,0,9.25,2.25],"rotation":180,"texture":"#0"},"west":{"uv":[11.25,0,13.5,0],"rotation":90,"texture":"#0"},"up":{"uv":[14,0,15.5,0],"texture":"#0"},"down":{"uv":[14,0,15.5,0],"rotation":180,"texture":"#0"}}},{"from":[9,-5.5,8],"to":[12,-1,8],"rotation":{"angle":0,"axis":"y","origin":[0,-3,6]},"faces":{"north":{"uv":[7.75,0,9.25,2.25],"rotation":180,"texture":"#0"},"east":{"uv":[11.25,0,13.5,0],"rotation":90,"texture":"#0"},"south":{"uv":[9.25,0,7.75,2.25],"rotation":180,"texture":"#0"},"west":{"uv":[11.25,0,13.5,0],"rotation":90,"texture":"#0"},"up":{"uv":[15.5,0,14,0],"texture":"#0"},"down":{"uv":[15.5,0,14,0],"rotation":180,"texture":"#0"}}},{"from":[5,-16,8],"to":[8,-11,8],"rotation":{"angle":0,"axis":"y","origin":[16,-3,6]},"faces":{"north":{"uv":[11,0,9.5,2.5],"rotation":180,"texture":"#0"},"east":{"uv":[11.25,0,13.75,0],"rotation":90,"texture":"#0"},"south":{"uv":[9.5,0,11,2.5],"rotation":180,"texture":"#0"},"west":{"uv":[11.25,0,13.75,0],"rotation":90,"texture":"#0"},"up":{"uv":[14,0,15.5,0],"texture":"#0"},"down":{"uv":[14,0,15.5,0],"rotation":180,"texture":"#0"}}},{"from":[8,-16,8],"to":[11,-11,8],"rotation":{"angle":0,"axis":"y","origin":[0,-3,6]},"faces":{"north":{"uv":[9.5,0,11,2.5],"rotation":180,"texture":"#0"},"east":{"uv":[11.25,0,13.75,0],"rotation":90,"texture":"#0"},"south":{"uv":[11,0,9.5,2.5],"rotation":180,"texture":"#0"},"west":{"uv":[11.25,0,13.75,0],"rotation":90,"texture":"#0"},"up":{"uv":[15.5,0,14,0],"texture":"#0"},"down":{"uv":[15.5,0,14,0],"rotation":180,"texture":"#0"}}},{"from":[8,-16,8],"to":[8,-11,11],"rotation":{"angle":0,"axis":"y","origin":[8,-13.5,8]},"faces":{"north":{"uv":[11.25,0,13.75,0],"rotation":90,"texture":"#0"},"east":{"uv":[9.5,0,11,2.5],"rotation":180,"texture":"#0"},"south":{"uv":[11.25,0,13.75,0],"rotation":90,"texture":"#0"},"west":{"uv":[11,0,9.5,2.5],"rotation":180,"texture":"#0"},"up":{"uv":[15.5,0,14,0],"rotation":90,"texture":"#0"},"down":{"uv":[15.5,0,14,0],"rotation":90,"texture":"#0"}}},{"from":[8,-16,5],"to":[8,-11,8],"rotation":{"angle":0,"axis":"y","origin":[8,-13.5,8]},"faces":{"north":{"uv":[11.25,0,13.75,0],"rotation":90,"texture":"#0"},"east":{"uv":[11,0,9.5,2.5],"rotation":180,"texture":"#0"},"south":{"uv":[11.25,0,13.75,0],"rotation":90,"texture":"#0"},"west":{"uv":[9.5,0,11,2.5],"rotation":180,"texture":"#0"},"up":{"uv":[14,0,15.5,0],"rotation":90,"texture":"#0"},"down":{"uv":[14,0,15.5,0],"rotation":90,"texture":"#0"}}},{"from":[3,2.5,6.25],"to":[13,4,9.75],"rotation":{"angle":0,"axis":"y","origin":[16,-3,6]},"faces":{"north":{"uv":[9,9.5,14,10.25],"rotation":180,"texture":"#0"},"east":{"uv":[14,12,14.75,10.25],"rotation":90,"texture":"#0"},"south":{"uv":[9,9.5,14,10.25],"rotation":180,"texture":"#0"},"west":{"uv":[14,10.25,14.75,12],"rotation":90,"texture":"#0"},"up":{"uv":[9,10.25,14,12],"texture":"#0"},"down":{"uv":[9,7.75,14,9.5],"rotation":180,"texture":"#0"}}},{"from":[5.5,0,6],"to":[10.5,5,10],"rotation":{"angle":-45,"axis":"z","origin":[8,2.5,8]},"faces":{"north":{"uv":[9,13.5,11.5,16],"texture":"#0"},"east":{"uv":[14,14,11.5,12],"rotation":90,"texture":"#0"},"south":{"uv":[9,13.5,11.5,16],"rotation":270,"texture":"#0"},"west":{"uv":[11.5,12,14,14],"rotation":90,"texture":"#0"},"up":{"uv":[11.5,16,14,14],"texture":"#0"},"down":{"uv":[11.5,14,14,16],"rotation":180,"texture":"#0"}}},{"from":[1.5,0,7.25],"to":[7.5,5,8.75],"rotation":{"angle":0,"axis":"y","origin":[7,2.5,8]},"faces":{"north":{"uv":[9,7.75,11.5,4.75],"rotation":270,"texture":"#0"},"east":{"uv":[11.5,6.25,14,5.5],"rotation":90,"texture":"#0"},"south":{"uv":[9,4.75,11.5,7.75],"rotation":270,"texture":"#0"},"west":{"uv":[11.5,5.5,14,6.25],"rotation":90,"texture":"#0"},"up":{"uv":[11.5,6.25,14.5,7],"texture":"#0"},"down":{"uv":[11.5,7,14.5,7.75],"rotation":180,"texture":"#0"}}},{"from":[1.5,0,7],"to":[4,5,9],"rotation":{"angle":22.5,"axis":"z","origin":[1.5,0,8]},"faces":{"north":{"uv":[7.5,16,8.75,13.5],"rotation":180,"texture":"#0"},"east":{"uv":[4.5,14,7,15],"rotation":90,"texture":"#0"},"south":{"uv":[7.5,13.5,8.75,16],"texture":"#0"},"west":{"uv":[8.75,12.5,11.25,13.5],"rotation":270,"texture":"#0"},"up":{"uv":[7.5,12.5,8.75,13.5],"rotation":180,"texture":"#0"},"down":{"uv":[7.5,11.5,8.75,12.5],"rotation":180,"texture":"#0"}}},{"from":[12,0,7],"to":[14.5,5,9],"rotation":{"angle":-22.5,"axis":"z","origin":[14.5,0,8]},"faces":{"north":{"uv":[8.75,16,7.5,13.5],"rotation":180,"texture":"#0"},"east":{"uv":[8.75,13.5,11.25,12.5],"rotation":270,"texture":"#0"},"south":{"uv":[8.75,13.5,7.5,16],"texture":"#0"},"west":{"uv":[4.5,15,7,14],"rotation":90,"texture":"#0"},"up":{"uv":[8.75,12.5,7.5,13.5],"rotation":180,"texture":"#0"},"down":{"uv":[8.75,11.5,7.5,12.5],"rotation":180,"texture":"#0"}}},{"from":[4.5,2,7.5],"to":[6.5,5,8.5],"rotation":{"angle":45,"axis":"z","origin":[1.5,0,8]},"faces":{"north":{"uv":[14.5,7,15.5,5.5],"rotation":180,"texture":"#0"},"east":{"uv":[11.5,5,13,5.5],"rotation":90,"texture":"#0"},"south":{"uv":[14.5,5.5,15.5,7],"texture":"#0"},"west":{"uv":[11.5,5,13,5.5],"rotation":270,"texture":"#0"},"up":{"uv":[14.5,5,15.5,5.5],"rotation":180,"texture":"#0"},"down":{"uv":[14.5,5.5,15.5,5],"rotation":180,"texture":"#0"}}},{"from":[-0.44324,4.63067,7.25],"to":[1.55676,9.63067,8.75],"rotation":{"angle":-22.5,"axis":"z","origin":[-0.4,4.7,8]},"faces":{"north":{"uv":[14.75,12,15.75,9.5],"rotation":180,"texture":"#0"},"east":{"uv":[14.75,7,15.5,9.5],"rotation":180,"texture":"#0"},"south":{"uv":[14.75,9.5,15.75,12],"texture":"#0"},"west":{"uv":[14,7.75,14.75,10.25],"rotation":180,"texture":"#0"},"up":{"uv":[14,12,15,12.75],"rotation":180,"texture":"#0"},"down":{"uv":[14,12.75,15,12],"rotation":180,"texture":"#0"}}},{"from":[0.3,10.5,7.5],"to":[3.3,11.5,8.5],"rotation":{"angle":0,"axis":"y","origin":[1.33087,11.01161,8]},"faces":{"north":{"uv":[8.5,11.5,9,10],"rotation":90,"texture":"#0"},"east":{"uv":[10.75,12,11.25,12.5],"rotation":90,"texture":"#0"},"south":{"uv":[8.5,10,9,11.5],"rotation":90,"texture":"#0"},"west":{"uv":[10.25,12,10.75,12.5],"rotation":270,"texture":"#0"},"up":{"uv":[8.75,12,10.25,12.5],"rotation":180,"texture":"#0"},"down":{"uv":[6,15,7.5,14.5],"rotation":180,"texture":"#0"}}},{"from":[1.3,8.5,7.5],"to":[3.3,10.5,8.5],"rotation":{"angle":0,"axis":"y","origin":[1.33087,11.01161,8]},"faces":{"north":{"uv":[8.75,4.75,9.75,3.75],"rotation":180,"texture":"#0"},"east":{"uv":[9.75,4.25,10.75,4.75],"rotation":90,"texture":"#0"},"south":{"uv":[8.75,3.75,9.75,4.75],"texture":"#0"},"west":{"uv":[9.75,3.75,10.75,4.25],"rotation":270,"texture":"#0"},"up":{"uv":[8.75,3.25,9.75,3.75],"rotation":180,"texture":"#0"},"down":{"uv":[8.75,3.75,9.75,3.25],"rotation":180,"texture":"#0"}}},{"from":[8.5,0,7.25],"to":[14.5,5,8.75],"rotation":{"angle":0,"axis":"y","origin":[9,2.5,8]},"faces":{"north":{"uv":[9,4.75,11.5,7.75],"rotation":270,"texture":"#0"},"east":{"uv":[11.5,6.25,14,5.5],"rotation":90,"texture":"#0"},"south":{"uv":[9,7.75,11.5,4.75],"rotation":270,"texture":"#0"},"west":{"uv":[11.5,5.5,14,6.25],"rotation":90,"texture":"#0"},"up":{"uv":[14.5,6.25,11.5,7],"texture":"#0"},"down":{"uv":[14.5,7,11.5,7.75],"rotation":180,"texture":"#0"}}},{"from":[14.44324,4.63067,7.25],"to":[16.44324,9.63067,8.75],"rotation":{"angle":22.5,"axis":"z","origin":[16.4,4.7,8]},"faces":{"north":{"uv":[15.75,12,14.75,9.5],"rotation":180,"texture":"#0"},"east":{"uv":[14.75,7.75,14,10.25],"rotation":180,"texture":"#0"},"south":{"uv":[15.75,9.5,14.75,12],"texture":"#0"},"west":{"uv":[15.5,7,14.75,9.5],"rotation":180,"texture":"#0"},"up":{"uv":[15,12,14,12.75],"rotation":180,"texture":"#0"},"down":{"uv":[15,12.75,14,12],"rotation":180,"texture":"#0"}}},{"from":[12.7,8.5,7.5],"to":[14.7,10.5,8.5],"rotation":{"angle":0,"axis":"y","origin":[14.66913,11.01161,8]},"faces":{"north":{"uv":[9.75,4.75,8.75,3.75],"rotation":180,"texture":"#0"},"east":{"uv":[9.75,4.25,10.75,3.75],"rotation":270,"texture":"#0"},"south":{"uv":[9.75,3.75,8.75,4.75],"texture":"#0"},"west":{"uv":[9.75,4.75,10.75,4.25],"rotation":90,"texture":"#0"},"up":{"uv":[9.75,3.25,8.75,3.75],"rotation":180,"texture":"#0"},"down":{"uv":[9.75,3.75,8.75,3.25],"rotation":180,"texture":"#0"}}},{"from":[12.7,10.5,7.5],"to":[15.7,11.5,8.5],"rotation":{"angle":0,"axis":"y","origin":[14.66913,11.01161,8]},"faces":{"north":{"uv":[8.5,10,9,11.5],"rotation":90,"texture":"#0"},"east":{"uv":[10.25,12.5,10.75,12],"rotation":270,"texture":"#0"},"south":{"uv":[8.5,11.5,9,10],"rotation":90,"texture":"#0"},"west":{"uv":[10.75,12.5,11.25,12],"rotation":90,"texture":"#0"},"up":{"uv":[10.25,12,8.75,12.5],"rotation":180,"texture":"#0"},"down":{"uv":[10.25,12.5,8.75,12],"rotation":180,"texture":"#0"}}},{"from":[9.5,2,7.5],"to":[11.5,5,8.5],"rotation":{"angle":-45,"axis":"z","origin":[14.5,0,8]},"faces":{"north":{"uv":[15.5,7,14.5,5.5],"rotation":180,"texture":"#0"},"east":{"uv":[11.5,5.5,13,5],"rotation":270,"texture":"#0"},"south":{"uv":[15.5,5.5,14.5,7],"texture":"#0"},"west":{"uv":[11.5,5.5,13,5],"rotation":90,"texture":"#0"},"up":{"uv":[15.5,5,14.5,5.5],"rotation":180,"texture":"#0"},"down":{"uv":[15.5,5.5,14.5,5],"rotation":180,"texture":"#0"}}},{"from":[2.5,1.5,7],"to":[5.5,3.5,9],"rotation":{"angle":45,"axis":"z","origin":[8,2.5,8]},"faces":{"north":{"uv":[13,4,14,5.5],"rotation":270,"texture":"#0"},"east":{"uv":[13,4,14,3],"rotation":90,"texture":"#0"},"south":{"uv":[13,5.5,14,4],"rotation":270,"texture":"#0"},"west":{"uv":[13,3,14,4],"rotation":90,"texture":"#0"},"up":{"uv":[15.5,4,14,5],"texture":"#0"},"down":{"uv":[15.5,3,14,4],"rotation":180,"texture":"#0"}}},{"from":[1.81543,-2.11005,7.25],"to":[4.81543,-0.61005,8.75],"rotation":{"angle":0,"axis":"y","origin":[4.8,-2.1,8]},"faces":{"north":{"uv":[12,5,12.75,3.5],"rotation":270,"texture":"#0"},"east":{"uv":[12,3.5,12.75,2.75],"rotation":90,"texture":"#0"},"south":{"uv":[12,5,12.75,3.5],"rotation":270,"texture":"#0"},"west":{"uv":[12,2.75,12.75,3.5],"rotation":90,"texture":"#0"},"up":{"uv":[11.25,3,9.75,3.75],"texture":"#0"},"down":{"uv":[11.25,4.5,12,3],"rotation":90,"texture":"#0"}}},{"from":[-1.18457,-2.11005,7.5],"to":[1.81543,-1.11005,8.5],"rotation":{"angle":-45,"axis":"z","origin":[1.8,-2.1,8]},"faces":{"north":{"uv":[15.5,4.5,16,3],"rotation":270,"texture":"#0"},"east":{"uv":[10.75,4.25,11.25,3.75],"rotation":90,"texture":"#0"},"south":{"uv":[15.5,4.5,16,3],"rotation":270,"texture":"#0"},"west":{"uv":[10.75,3.75,11.25,4.25],"rotation":90,"texture":"#0"},"up":{"uv":[15.5,6,16,4.5],"rotation":90,"texture":"#0"},"down":{"uv":[15.5,7.5,16,6],"rotation":90,"texture":"#0"}}},{"from":[-1.58543,-0.27929,7.75],"to":[0.41457,0.72071,8.25],"rotation":{"angle":0,"axis":"y","origin":[0.4,0.6,8]},"faces":{"north":{"uv":[13.25,2,13.75,3],"rotation":270,"texture":"#0"},"east":{"uv":[13.75,3,14.25,2.75],"rotation":90,"texture":"#0"},"south":{"uv":[13.25,3,13.75,2],"rotation":270,"texture":"#0"},"west":{"uv":[13.75,2.75,14.25,3],"rotation":90,"texture":"#0"},"up":{"uv":[12.75,3,13,2],"rotation":90,"texture":"#0"},"down":{"uv":[13,3,13.25,2],"rotation":90,"texture":"#0"}}},{"from":[10.5,1.5,7],"to":[13.5,3.5,9],"rotation":{"angle":-45,"axis":"z","origin":[8,2.5,8]},"faces":{"north":{"uv":[13,5.5,14,4],"rotation":270,"texture":"#0"},"east":{"uv":[13,4,14,3],"rotation":90,"texture":"#0"},"south":{"uv":[13,4,14,5.5],"rotation":270,"texture":"#0"},"west":{"uv":[13,3,14,4],"rotation":90,"texture":"#0"},"up":{"uv":[14,4,15.5,5],"texture":"#0"},"down":{"uv":[14,3,15.5,4],"rotation":180,"texture":"#0"}}},{"from":[11.18457,-2.11005,7.25],"to":[14.18457,-0.61005,8.75],"rotation":{"angle":0,"axis":"y","origin":[11.2,-2.1,8]},"faces":{"north":{"uv":[12,5,12.75,3.5],"rotation":270,"texture":"#0"},"east":{"uv":[12,3.5,12.75,2.75],"rotation":90,"texture":"#0"},"south":{"uv":[12,3.5,12.75,5],"rotation":270,"texture":"#0"},"west":{"uv":[12,2.75,12.75,3.5],"rotation":90,"texture":"#0"},"up":{"uv":[9.75,3,11.25,3.75],"texture":"#0"},"down":{"uv":[11.25,3,12,4.5],"rotation":90,"texture":"#0"}}},{"from":[14.18457,-2.11005,7.5],"to":[17.18457,-1.11005,8.5],"rotation":{"angle":45,"axis":"z","origin":[14.2,-2.1,8]},"faces":{"north":{"uv":[15.5,4.5,16,3],"rotation":270,"texture":"#0"},"east":{"uv":[10.75,4.25,11.25,3.75],"rotation":90,"texture":"#0"},"south":{"uv":[15.5,3,16,4.5],"rotation":270,"texture":"#0"},"west":{"uv":[10.75,3.75,11.25,4.25],"rotation":90,"texture":"#0"},"up":{"uv":[15.5,4.5,16,6],"rotation":90,"texture":"#0"},"down":{"uv":[15.5,6,16,7.5],"rotation":90,"texture":"#0"}}},{"from":[15.58543,-0.27929,7.75],"to":[17.58543,0.72071,8.25],"rotation":{"angle":0,"axis":"y","origin":[15.6,0.6,8]},"faces":{"north":{"uv":[13.25,3,13.75,2],"rotation":270,"texture":"#0"},"east":{"uv":[13.75,3,14.25,2.75],"rotation":90,"texture":"#0"},"south":{"uv":[13.25,2,13.75,3],"rotation":270,"texture":"#0"},"west":{"uv":[13.75,2.75,14.25,3],"rotation":90,"texture":"#0"},"up":{"uv":[12.75,2,13,3],"rotation":90,"texture":"#0"},"down":{"uv":[13,2,13.25,3],"rotation":90,"texture":"#0"}}},{"from":[1,4,8],"to":[15,32,8],"faces":{"north":{"uv":[4.5,1.25,11.5,15.25],"texture":"#1"},"east":{"uv":[0,0,0,14],"texture":"#1"},"south":{"uv":[4.5,1.25,11.5,15.25],"texture":"#1"},"west":{"uv":[0,0,0,14],"texture":"#1"},"up":{"uv":[7,0,0,0],"texture":"#1"},"down":{"uv":[7,0,0,0],"texture":"#1"}}},{"from":[6,4,7.75],"to":[10,28,8.25],"faces":{"north":{"uv":[7,3.25,9,15.25],"texture":"#1"},"east":{"uv":[7,3.25,7.25,15.25],"texture":"#1"},"south":{"uv":[7,3.25,9,15.25],"texture":"#1"},"west":{"uv":[8.75,3.25,9,15.25],"texture":"#1"},"up":{"uv":[9,3.25,7,3.5],"texture":"#1"},"down":{"uv":[9,3.25,7,3.5],"texture":"#1"}}},{"from":[-3,-4.3,8],"to":[1,0.7,8],"faces":{"north":{"uv":[16,13.5,14,16],"texture":"#0"},"east":{"uv":[0,0,0,2.5],"texture":"#0"},"south":{"uv":[14,13.5,16,16],"texture":"#0"},"west":{"uv":[0,0,0,2.5],"texture":"#0"},"up":{"uv":[0,0,2,0],"texture":"#0"},"down":{"uv":[0,0,2,0],"texture":"#0"}}},{"from":[15,-4.3,8],"to":[19,0.7,8],"rotation":{"angle":0,"axis":"y","origin":[16,0,0]},"faces":{"north":{"uv":[14,13.5,16,16],"texture":"#0"},"east":{"uv":[0,0,0,2.5],"texture":"#0"},"south":{"uv":[16,13.5,14,16],"texture":"#0"},"west":{"uv":[0,0,0,2.5],"texture":"#0"},"up":{"uv":[2,0,0,0],"texture":"#0"},"down":{"uv":[2,0,0,0],"texture":"#0"}}}],"gui_light":"front","display":{"thirdperson_righthand":{"rotation":[0,110,0],"translation":[0,6.5,1.75],"scale":[0.5,0.5,0.5]},"thirdperson_lefthand":{"rotation":[180,-110,180],"translation":[0,9,1.75],"scale":[0.7,0.7,0.7]},"firstperson_righthand":{"rotation":[-175.56,80,170],"translation":[0.5,3.75,0.5],"scale":[0.47266,0.47266,0.47266]},"firstperson_lefthand":{"rotation":[-175.56,80,170],"translation":[0.5,3.75,0.5],"scale":[0.47266,0.47266,0.47266]},"ground":{"rotation":[82,0,0],"translation":[0,-1.25,0],"scale":[0.5,0.5,0.5]},"gui":{"rotation":[0,0,-45],"translation":[-0.5,-0.5,-2],"scale":[0.42398,0.42398,0.42398]},"head":{"rotation":[0,-18,105],"translation":[2.5,8.75,2.25],"scale":[0.73516,0.73516,0.73516]},"fixed":{"rotation":[0,0,45],"translation":[1.25,-0.5,-1.25],"scale":[0.96484,0.96484,0.96484]}}}