{"credit":"Made with Blockbench","texture_size":[32,32],"textures":{"0":"elitecreatures:fantasy_swords_v1/sword201tex","particle":"elitecreatures:fantasy_swords_v1/sword201tex"},"elements":[{"from":[7.25,-10,7.25],"to":[8.75,-6,8.75],"faces":{"north":{"uv":[12,11.25,14,12],"rotation":90,"texture":"#0"},"east":{"uv":[12,13.25,14,14],"rotation":90,"texture":"#0"},"south":{"uv":[12,11.25,14,12],"rotation":90,"texture":"#0"},"west":{"uv":[12,13.25,14,14],"rotation":90,"texture":"#0"},"up":{"uv":[13.25,12,14,12.75],"rotation":90,"texture":"#0"},"down":{"uv":[13.25,12,14,12.75],"rotation":270,"texture":"#0"}}},{"from":[7,-16,7],"to":[9,-15,9],"faces":{"north":{"uv":[8.5,12,9,13],"rotation":90,"texture":"#0"},"east":{"uv":[8,12,8.5,13],"rotation":90,"texture":"#0"},"south":{"uv":[8.5,12,9,13],"rotation":90,"texture":"#0"},"west":{"uv":[8,12,8.5,13],"rotation":90,"texture":"#0"},"up":{"uv":[8,13,9,14],"rotation":90,"texture":"#0"},"down":{"uv":[8,13,9,14],"rotation":270,"texture":"#0"}}},{"from":[2.25,-2.25,6.5],"to":[6.25,1.75,9.5],"rotation":{"angle":-45,"axis":"z","origin":[8,-4,8]},"faces":{"north":{"uv":[12,14,14,16],"texture":"#0"},"east":{"uv":[14,14.5,16,16],"rotation":90,"texture":"#0"},"south":{"uv":[12,14,14,16],"rotation":270,"texture":"#0"},"west":{"uv":[14.5,12.5,16,14.5],"rotation":180,"texture":"#0"},"up":{"uv":[14.5,12.5,16,14.5],"rotation":90,"texture":"#0"},"down":{"uv":[14,14.5,16,16],"rotation":180,"texture":"#0"}}},{"from":[6.5,-15,6.5],"to":[9.5,-10,9.5],"faces":{"north":{"uv":[9,12,10.5,14.5],"texture":"#0"},"east":{"uv":[10.5,12,12,14.5],"texture":"#0"},"south":{"uv":[9,12,10.5,14.5],"texture":"#0"},"west":{"uv":[10.5,12,12,14.5],"texture":"#0"},"up":{"uv":[10.5,14.5,12,16],"rotation":90,"texture":"#0"},"down":{"uv":[10.5,14.5,12,16],"rotation":270,"texture":"#0"}}},{"from":[6.75,-6,6.75],"to":[9.25,0,6.75],"faces":{"north":{"uv":[0,6.25,1.25,9.25],"texture":"#0"},"east":{"uv":[1.25,5,1.25,8],"texture":"#0"},"south":{"uv":[1.25,6.25,0,9.25],"texture":"#0"},"west":{"uv":[1.25,5,1.25,8],"texture":"#0"},"up":{"uv":[0,5,0,6.25],"rotation":90,"texture":"#0"},"down":{"uv":[0,5,0,6.25],"rotation":270,"texture":"#0"}}},{"from":[6.75,-6,9.25],"to":[9.25,0,9.25],"rotation":{"angle":0,"axis":"y","origin":[16,0,16]},"faces":{"north":{"uv":[1.25,6.25,0,9.25],"texture":"#0"},"east":{"uv":[1.25,5,1.25,8],"texture":"#0"},"south":{"uv":[0,6.25,1.25,9.25],"texture":"#0"},"west":{"uv":[1.25,5,1.25,8],"texture":"#0"},"up":{"uv":[0,6.25,0,5],"rotation":90,"texture":"#0"},"down":{"uv":[0,6.25,0,5],"rotation":270,"texture":"#0"}}},{"from":[6.75,-6,6.75],"to":[9.25,-6,9.75],"faces":{"north":{"uv":[0,6.25,1.25,6.25],"texture":"#0"},"east":{"uv":[1.25,5,2.75,5],"texture":"#0"},"south":{"uv":[1.25,6.25,0,6.25],"texture":"#0"},"west":{"uv":[1.25,5,2.75,5],"texture":"#0"},"up":{"uv":[0,6.25,1.5,5],"rotation":90,"texture":"#0"},"down":{"uv":[0,5,1.5,6.25],"rotation":270,"texture":"#0"}}},{"from":[1.9,2.5,7.25],"to":[6.9,4.5,8.75],"rotation":{"angle":-22.5,"axis":"z","origin":[2.5,4,8]},"faces":{"north":{"uv":[0,2.25,2.5,3.25],"texture":"#0"},"east":{"uv":[2.5,2.25,3.25,3.25],"texture":"#0"},"south":{"uv":[2.5,2.25,0,3.25],"texture":"#0"},"west":{"uv":[2.5,2.25,3.25,3.25],"texture":"#0"},"up":{"uv":[1,1.5,3.5,2.25],"texture":"#0"},"down":{"uv":[0,3.25,2.5,4],"texture":"#0"}}},{"from":[9.1,2.5,7.25],"to":[14.1,4.5,8.75],"rotation":{"angle":22.5,"axis":"z","origin":[13.5,4,8]},"faces":{"north":{"uv":[2.5,2.25,0,3.25],"texture":"#0"},"east":{"uv":[3.25,2.25,2.5,3.25],"texture":"#0"},"south":{"uv":[0,2.25,2.5,3.25],"texture":"#0"},"west":{"uv":[3.25,2.25,2.5,3.25],"texture":"#0"},"up":{"uv":[3.5,1.5,1,2.25],"texture":"#0"},"down":{"uv":[2.5,3.25,0,4],"texture":"#0"}}},{"from":[6.75,2.81502,5.65263],"to":[9.25,5.81502,6.15263],"rotation":{"angle":-22.5,"axis":"x","origin":[8,4.4098,8]},"faces":{"north":{"uv":[14.5,12.5,16,11.25],"rotation":90,"texture":"#0"},"east":{"uv":[14.5,10.75,16,11],"rotation":270,"texture":"#0"},"south":{"uv":[14.5,11.25,16,12.5],"rotation":90,"texture":"#0"},"west":{"uv":[14.5,11,16,10.75],"rotation":270,"texture":"#0"},"up":{"uv":[14.25,12.5,14.5,11.25],"rotation":90,"texture":"#0"},"down":{"uv":[14.25,12.5,14.5,11.25],"rotation":90,"texture":"#0"}}},{"from":[7,4.8,5.3],"to":[9,5.8,5.8],"rotation":{"angle":0,"axis":"y","origin":[8,4.4098,8]},"faces":{"north":{"uv":[15.5,10.75,16,9.75],"rotation":90,"texture":"#0"},"east":{"uv":[15.5,9.5,16,9.75],"rotation":270,"texture":"#0"},"south":{"uv":[15.5,9.75,16,10.75],"rotation":90,"texture":"#0"},"west":{"uv":[15.5,9.25,16,9.5],"rotation":270,"texture":"#0"},"up":{"uv":[15.25,10.75,15.5,9.75],"rotation":90,"texture":"#0"},"down":{"uv":[15.25,10.75,15.5,9.75],"rotation":90,"texture":"#0"}}},{"from":[7,4.8,10.2],"to":[9,5.8,10.7],"rotation":{"angle":0,"axis":"y","origin":[8,4.4098,8]},"faces":{"north":{"uv":[15.5,10.75,16,9.75],"rotation":90,"texture":"#0"},"east":{"uv":[15.5,9.75,16,9.5],"rotation":270,"texture":"#0"},"south":{"uv":[15.5,9.75,16,10.75],"rotation":90,"texture":"#0"},"west":{"uv":[15.5,9.5,16,9.25],"rotation":270,"texture":"#0"},"up":{"uv":[15.5,10.75,15.25,9.75],"rotation":90,"texture":"#0"},"down":{"uv":[15.5,10.75,15.25,9.75],"rotation":90,"texture":"#0"}}},{"from":[6.75,2.81502,9.84737],"to":[9.25,5.81502,10.34737],"rotation":{"angle":22.5,"axis":"x","origin":[8,4.4098,8]},"faces":{"north":{"uv":[14.5,12.5,16,11.25],"rotation":90,"texture":"#0"},"east":{"uv":[14.5,11,16,10.75],"rotation":270,"texture":"#0"},"south":{"uv":[14.5,11.25,16,12.5],"rotation":90,"texture":"#0"},"west":{"uv":[14.5,11,16,10.75],"rotation":270,"texture":"#0"},"up":{"uv":[14.5,12.5,14.25,11.25],"rotation":90,"texture":"#0"},"down":{"uv":[14.5,12.5,14.25,11.25],"rotation":90,"texture":"#0"}}},{"from":[5.65263,1.81502,6.75],"to":[6.15263,4.81502,9.25],"rotation":{"angle":22.5,"axis":"z","origin":[8,3.4098,8]},"faces":{"north":{"uv":[14.5,11,16,10.75],"rotation":270,"texture":"#0"},"east":{"uv":[14.5,12.5,16,11.25],"rotation":90,"texture":"#0"},"south":{"uv":[14.5,11,16,10.75],"rotation":270,"texture":"#0"},"west":{"uv":[14.5,11.25,16,12.5],"rotation":90,"texture":"#0"},"up":{"uv":[14.5,12.5,14.25,11.25],"rotation":180,"texture":"#0"},"down":{"uv":[14.5,12.5,14.25,11.25],"texture":"#0"}}},{"from":[5.3,3.8,7],"to":[5.8,4.8,9],"rotation":{"angle":0,"axis":"y","origin":[8,3.4098,8]},"faces":{"north":{"uv":[15.5,9.5,16,9.25],"rotation":270,"texture":"#0"},"east":{"uv":[15.5,10.75,16,9.75],"rotation":90,"texture":"#0"},"south":{"uv":[15.5,9.75,16,9.5],"rotation":270,"texture":"#0"},"west":{"uv":[15.5,9.75,16,10.75],"rotation":90,"texture":"#0"},"up":{"uv":[15.5,10.75,15.25,9.75],"rotation":180,"texture":"#0"},"down":{"uv":[15.5,10.75,15.25,9.75],"texture":"#0"}}},{"from":[10.2,3.8,7],"to":[10.7,4.8,9],"rotation":{"angle":0,"axis":"y","origin":[8,3.4098,8]},"faces":{"north":{"uv":[15.5,9.25,16,9.5],"rotation":270,"texture":"#0"},"east":{"uv":[15.5,10.75,16,9.75],"rotation":90,"texture":"#0"},"south":{"uv":[15.5,9.5,16,9.75],"rotation":270,"texture":"#0"},"west":{"uv":[15.5,9.75,16,10.75],"rotation":90,"texture":"#0"},"up":{"uv":[15.25,10.75,15.5,9.75],"rotation":180,"texture":"#0"},"down":{"uv":[15.25,10.75,15.5,9.75],"texture":"#0"}}},{"from":[9.84737,1.81502,6.75],"to":[10.34737,4.81502,9.25],"rotation":{"angle":-22.5,"axis":"z","origin":[8,3.4098,8]},"faces":{"north":{"uv":[14.5,11,16,10.75],"rotation":270,"texture":"#0"},"east":{"uv":[14.5,12.5,16,11.25],"rotation":90,"texture":"#0"},"south":{"uv":[14.5,10.75,16,11],"rotation":270,"texture":"#0"},"west":{"uv":[14.5,11.25,16,12.5],"rotation":90,"texture":"#0"},"up":{"uv":[14.25,12.5,14.5,11.25],"rotation":180,"texture":"#0"},"down":{"uv":[14.25,12.5,14.5,11.25],"texture":"#0"}}},{"from":[6.45,-10.6,7],"to":[8.95,-9.6,9],"rotation":{"angle":-22.5,"axis":"z","origin":[8,-10.8,8]},"faces":{"north":{"uv":[13.25,10.75,14.5,11.25],"texture":"#0"},"east":{"uv":[13,10.25,14,10.75],"texture":"#0"},"south":{"uv":[13.25,10.75,14.5,11.25],"texture":"#0"},"west":{"uv":[14,10.25,15,10.75],"texture":"#0"},"up":{"uv":[13.75,9.25,15,10.25],"texture":"#0"},"down":{"uv":[13.75,8.25,15,9.25],"texture":"#0"}}},{"from":[7.05,-10.6,7.1],"to":[9.55,-9.6,8.9],"rotation":{"angle":22.5,"axis":"z","origin":[8,-10.8,8]},"faces":{"north":{"uv":[14.5,10.75,13.25,11.25],"texture":"#0"},"east":{"uv":[15,10.25,14,10.75],"texture":"#0"},"south":{"uv":[14.5,10.75,13.25,11.25],"texture":"#0"},"west":{"uv":[14,10.25,13,10.75],"texture":"#0"},"up":{"uv":[15,9.25,13.75,10.25],"texture":"#0"},"down":{"uv":[15,8.25,13.75,9.25],"texture":"#0"}}},{"from":[7.25,3.5,7.25],"to":[8.75,5.5,8.75],"rotation":{"angle":-22.5,"axis":"z","origin":[7,3.5,8]},"faces":{"north":{"uv":[11,11.25,12,10.5],"rotation":90,"texture":"#0"},"east":{"uv":[12,12.75,13,12],"rotation":270,"texture":"#0"},"south":{"uv":[11,10.5,12,11.25],"rotation":90,"texture":"#0"},"west":{"uv":[11,11.25,12,12],"rotation":270,"texture":"#0"},"up":{"uv":[10.25,11.25,11,12],"rotation":270,"texture":"#0"},"down":{"uv":[10.25,11.25,11,12],"rotation":270,"texture":"#0"}}},{"from":[7.86886,4.68876,7.5],"to":[9.36886,6.68876,8.5],"rotation":{"angle":0,"axis":"y","origin":[9.6,4.6,8]},"faces":{"north":{"uv":[9,15,8.25,16],"texture":"#0"},"east":{"uv":[9,15,9.5,16],"texture":"#0"},"south":{"uv":[8.25,15,9,16],"texture":"#0"},"west":{"uv":[9.75,15,10.25,16],"texture":"#0"},"up":{"uv":[10,11.25,9.25,11.75],"texture":"#0"},"down":{"uv":[10,11.25,9.25,11.75],"texture":"#0"}}},{"from":[7.86886,6.68876,7.75],"to":[9.36886,11.68876,8.25],"rotation":{"angle":22.5,"axis":"z","origin":[9.35,6.7,8]},"faces":{"north":{"uv":[8.25,11.25,10.75,10.5],"rotation":90,"texture":"#0"},"east":{"uv":[9,9.25,11.5,9],"rotation":270,"texture":"#0"},"south":{"uv":[8.25,10.5,10.75,11.25],"rotation":90,"texture":"#0"},"west":{"uv":[8.25,9.75,10.75,10],"rotation":270,"texture":"#0"},"up":{"uv":[10.75,9.75,11,10.5],"rotation":270,"texture":"#0"},"down":{"uv":[8.5,11.25,8.75,12],"rotation":270,"texture":"#0"}}},{"from":[4,2,8],"to":[12,32,8],"faces":{"north":{"uv":[7.5,0,3.5,15],"texture":"#0"},"east":{"uv":[0,0,0,13],"texture":"#0"},"south":{"uv":[3.5,0,7.5,15],"texture":"#0"},"west":{"uv":[0,0,0,13],"texture":"#0"},"up":{"uv":[0,0,4,0],"texture":"#0"},"down":{"uv":[0,0,4,0],"texture":"#0"}}}],"gui_light":"front","display":{"thirdperson_righthand":{"rotation":[0,110,0],"translation":[0,6.75,1.75],"scale":[0.7,0.7,0.7]},"thirdperson_lefthand":{"rotation":[0,110,0],"translation":[0,6.75,1.75],"scale":[0.7,0.7,0.7]},"firstperson_righthand":{"rotation":[-175.56,80,170],"translation":[0.5,5,0.5],"scale":[0.5,0.5,0.5]},"firstperson_lefthand":{"rotation":[-175.56,-88,-170],"translation":[0.5,5,0.5],"scale":[0.5,0.5,0.5]},"ground":{"rotation":[82,0,0],"translation":[0,-1.25,0],"scale":[0.5,0.5,0.5]},"gui":{"rotation":[-3,0,-45],"translation":[0,0,-2],"scale":[0.43375,0.43375,0.43375]},"head":{"rotation":[0,-18,105],"translation":[2.5,8.75,2.25],"scale":[0.73516,0.73516,0.73516]},"fixed":{"rotation":[0,0,45],"translation":[1.25,-0.5,-1.25],"scale":[0.96484,0.96484,0.96484]}}}