{
	"parent": "item/handheld",
	"textures": {
		"layer0": "items/diamond_hoe"
	},
	"overrides": [
		{ "predicate": { "damage": 0 }, "model": "item/diamond_hoe" },
		{ "predicate": { "damaged": 0, "damage": 0.037131882202305 }, "model": "custom/items/jerrycan_full" },
		{ "predicate": { "damaged": 0, "damage": 0.037772087067862 }, "model": "custom/items/jerrycan_empty" },
		{ "predicate": { "damaged": 0, "damage": 0.645326504481434 }, "model": "custom/vehicles/fiets_man_gray" },
		{ "predicate": { "damaged": 0, "damage": 0.645966709346991 }, "model": "custom/vehicles/hoverboard_white" },
		{ "predicate": { "damaged": 0, "damage": 0.658770806658131 }, "model": "custom/vehicles/hoverboard_gold" },
		{ "predicate": { "damaged": 0, "damage": 0.659411011523688 }, "model": "custom/vehicles/hoverboard_orange" },
		{ "predicate": { "damaged": 0, "damage": 0.660051216389245 }, "model": "custom/vehicles/hoverboard_green" },
		{ "predicate": { "damaged": 0, "damage": 0.660691421254802 }, "model": "custom/vehicles/hoverboard_blue" },
		{ "predicate": { "damaged": 0, "damage": 0.661331626120359 }, "model": "custom/vehicles/hoverboard_red" },
		{ "predicate": { "damaged": 0, "damage": 0.661971830985916 }, "model": "custom/vehicles/hoverboard_yellow" },
		{ "predicate": { "damaged": 0, "damage": 0.662612035851472 }, "model": "custom/vehicles/hoverboard_purple" },
		{ "predicate": { "damaged": 0, "damage": 0.667733674775928 }, "model": "custom/vehicles/fiets_man_green" },
		{ "predicate": { "damaged": 0, "damage": 0.668373879641485 }, "model": "custom/vehicles/fiets_man_brown" },
		{ "predicate": { "damaged": 0, "damage": 0.669014084507042 }, "model": "custom/vehicles/fiets_man_blueblack" },
		{ "predicate": { "damaged": 0, "damage": 0.669654289372599 }, "model": "custom/vehicles/fiets_vrouw_gray" },
		{ "predicate": { "damaged": 0, "damage": 0.670294494238156 }, "model": "custom/vehicles/fiets_vrouw_green" },
		{ "predicate": { "damaged": 0, "damage": 0.670934699103713 }, "model": "custom/vehicles/fiets_vrouw_brown" },
		{ "predicate": { "damaged": 0, "damage": 0.67157490396927 }, "model": "custom/vehicles/fiets_vrouw_blueblack" },
		{ "predicate": { "damaged": 0, "damage": 0.731754161331626 }, "model": "custom/vehicles/fiets_man_bluediamond" },
		{ "predicate": { "damaged": 0, "damage": 0.732394366197183 }, "model": "custom/vehicles/fiets_man_gold" },
		{ "predicate": { "damaged": 0, "damage": 0.73303457106274 }, "model": "custom/vehicles/fiets_man_pink" },
		{ "predicate": { "damaged": 0, "damage": 0.733674775928297 }, "model": "custom/vehicles/fiets_man_red" },
		{ "predicate": { "damaged": 0, "damage": 0.734314980793854 }, "model": "custom/vehicles/fiets_vrouw_bluediamond" },
		{ "predicate": { "damaged": 0, "damage": 0.734955185659411 }, "model": "custom/vehicles/fiets_vrouw_gold" },
		{ "predicate": { "damaged": 0, "damage": 0.735595390524968 }, "model": "custom/vehicles/fiets_vrouw_pink" },
		{ "predicate": { "damaged": 0, "damage": 0.736235595390525 }, "model": "custom/vehicles/fiets_vrouw_red" },
		{ "predicate": { "damaged": 0, "damage": 0.737516005121639 }, "model": "custom/vehicles/hoverboard_babyblue" },
		{ "predicate": { "damaged": 0, "damage": 0.738156209987196 }, "model": "custom/vehicles/hoverboard_goldenglass" },
		{ "predicate": { "damaged": 0, "damage": 0.738796414852753 }, "model": "custom/vehicles/hoverboard_champagne" },
		{ "predicate": { "damaged": 0, "damage": 0.73943661971831 }, "model": "custom/vehicles/hoverboard_desert" },
		{ "predicate": { "damaged": 0, "damage": 0.740076824583867 }, "model": "custom/vehicles/hoverboard_ender" },
		{ "predicate": { "damaged": 0, "damage": 0.740717029449424 }, "model": "custom/vehicles/hoverboard_lemonyellow" },
		{ "predicate": { "damaged": 0, "damage": 0.74583866837388 }, "model": "custom/vehicles/racecar_black" },
		{ "predicate": { "damaged": 0, "damage": 0.746478873239437 }, "model": "custom/vehicles/racecar_red" },
		{ "predicate": { "damaged": 0, "damage": 0.747119078104994 }, "model": "custom/vehicles/racecar_emerald" },
		{ "predicate": { "damaged": 0, "damage": 0.747759282970551 }, "model": "custom/vehicles/racecar_gold" },
		{ "predicate": { "damaged": 0, "damage": 0.748399487836108 }, "model": "custom/vehicles/racecar_pink" },
		{ "predicate": { "damaged": 0, "damage": 0.749039692701665 }, "model": "custom/vehicles/racecar_diamond" },
		{ "predicate": { "damaged": 0, "damage": 0.749679897567222 }, "model": "custom/vehicles/racecar_orange" },
		{ "predicate": { "damaged": 0, "damage": 0.750320102432779 }, "model": "custom/vehicles/racecar_orangeblack" },
		{ "predicate": { "damaged": 0, "damage": 0.759282970550576 }, "model": "custom/vehicles/racecar_ender" },
		{ "predicate": { "damaged": 0, "damage": 0.759923175416133 }, "model": "custom/vehicles/fiets_vrouw_rainbow" },
		{ "predicate": { "damaged": 0, "damage": 0.763764404609475 }, "model": "custom/vehicles/racecar_purplefade" },
		{ "predicate": { "damaged": 0, "damage": 0.767605633802817 }, "model": "custom/vehicles/fiets_vrouw_king" },
		{ "predicate": { "damaged": 0, "damage": 0.768245838668374 }, "model": "custom/vehicles/fiets_man_king" },
		{ "predicate": { "damaged": 0, "damage": 0.774647887323944 }, "model": "custom/vehicles/racecar_animatedrainbow" },
		{ "predicate": { "damaged": 0, "damage": 0.784250960307298 }, "model": "custom/vehicles/fiets_man_babyblue" },
		{ "predicate": { "damaged": 0, "damage": 0.784891165172855 }, "model": "custom/vehicles/fiets_vrouw_babygirl" },
		{ "predicate": { "damaged": 1 }, "model": "item/diamond_hoe" }
	]
}
