{"credit":"MadewithBlockbench","texture_size":[64,64],"textures":{"1":"ec_forgenfire:forgenfire_default_weapons/amethyst_hammer"},"elements":[{"from":[7.35,1.5,7.35],"to":[8.65,16,8.65],"rotation":{"angle":0,"axis":"y","origin":[7,0,7]},"faces":{"north":{"uv":[7.75,9.25,8.125,12.875],"texture":"#1"},"east":{"uv":[4.25,10,4.625,13.625],"texture":"#1"},"south":{"uv":[4.75,10,5.125,13.625],"texture":"#1"},"west":{"uv":[5.25,10,5.625,13.625],"texture":"#1"},"up":{"uv":[2.375,10.875,2,10.5],"texture":"#1"},"down":{"uv":[2.875,10.5,2.5,10.875],"texture":"#1"}}},{"from":[7.1,0,7.1],"to":[8.9,1.5,8.9],"rotation":{"angle":0,"axis":"y","origin":[7,0,7]},"faces":{"north":{"uv":[6.5,8,7,8.375],"texture":"#1"},"east":{"uv":[0.5,10.5,1,10.875],"texture":"#1"},"south":{"uv":[1,10.5,1.5,10.875],"texture":"#1"},"west":{"uv":[1.5,10.5,2,10.875],"texture":"#1"},"up":{"uv":[5,8.5,4.5,8],"texture":"#1"},"down":{"uv":[5.5,8,5,8.5],"texture":"#1"}}},{"from":[6.1,-5,8],"to":[9.9,1,8],"rotation":{"angle":45,"axis":"y","origin":[8,-2,8]},"faces":{"north":{"uv":[6.75,9.25,7.75,10.75],"texture":"#1"},"east":{"uv":[0,0,0,1.5],"texture":"#1"},"south":{"uv":[3.25,9.75,4.25,11.25],"texture":"#1"},"west":{"uv":[0,0,0,1.5],"texture":"#1"},"up":{"uv":[1,0,0,0],"texture":"#1"},"down":{"uv":[1,0,0,0],"texture":"#1"}}},{"from":[6.1,-5,8],"to":[9.9,1,8],"rotation":{"angle":-45,"axis":"y","origin":[8,-2,8]},"faces":{"north":{"uv":[6.75,9.25,7.75,10.75],"texture":"#1"},"east":{"uv":[0,0,0,1.5],"texture":"#1"},"south":{"uv":[3.25,9.75,4.25,11.25],"texture":"#1"},"west":{"uv":[0,0,0,1.5],"texture":"#1"},"up":{"uv":[1,0,0,0],"texture":"#1"},"down":{"uv":[1,0,0,0],"texture":"#1"}}},{"from":[1,15.5,6],"to":[15,22.5,10],"rotation":{"angle":0,"axis":"y","origin":[7,0,7]},"faces":{"north":{"uv":[0,4.5,3.5,6.25],"texture":"#1"},"east":{"uv":[8.5,8.5,9.5,10.25],"texture":"#1"},"south":{"uv":[3.5,4.5,7,6.25],"texture":"#1"},"west":{"uv":[0,8.75,1,10.5],"texture":"#1"},"up":{"uv":[10.5,5.5,7,4.5],"texture":"#1"},"down":{"uv":[10.5,5.5,7,6.5],"texture":"#1"}}},{"from":[1,17,4.5],"to":[15,21,11.5],"rotation":{"angle":0,"axis":"y","origin":[7,0,7]},"faces":{"north":{"uv":[7,6.5,10.5,7.5],"texture":"#1"},"east":{"uv":[1,8.75,2.75,9.75],"texture":"#1"},"south":{"uv":[7,7.5,10.5,8.5],"texture":"#1"},"west":{"uv":[2.75,8.75,4.5,9.75],"texture":"#1"},"up":{"uv":[3.5,8,0,6.25],"texture":"#1"},"down":{"uv":[7,6.25,3.5,8],"texture":"#1"}}},{"from":[0,17.575,3.775],"to":[16,20.425,12.225],"rotation":{"angle":45,"axis":"x","origin":[8,19,8]},"faces":{"north":{"uv":[8,2.25,12,3],"texture":"#1"},"east":{"uv":[4.5,9.25,6.625,10],"texture":"#1"},"south":{"uv":[8,3,12,3.75],"texture":"#1"},"west":{"uv":[9.5,8.5,11.625,9.25],"texture":"#1"},"up":{"uv":[4,2.125,0,0],"texture":"#1"},"down":{"uv":[4,2.25,0,4.375],"texture":"#1"}}},{"from":[0,17.575,3.775],"to":[16,20.425,12.225],"rotation":{"angle":-45,"axis":"x","origin":[8,19,8]},"faces":{"north":{"uv":[8,3.75,12,4.5],"texture":"#1"},"east":{"uv":[9.5,9.25,11.625,10],"texture":"#1"},"south":{"uv":[4.5,8.5,8.5,9.25],"texture":"#1"},"west":{"uv":[1,9.75,3.125,10.5],"texture":"#1"},"up":{"uv":[8,2.125,4,0],"texture":"#1"},"down":{"uv":[8,2.25,4,4.375],"texture":"#1"}}},{"from":[-0.75,17.525,6.525],"to":[16.75,20.475,9.475],"rotation":{"angle":-45,"axis":"x","origin":[8,19,8]},"faces":{"north":{"uv":[0,8,4.375,8.75],"texture":"#1"},"east":{"uv":[5.75,10,6.5,10.75],"texture":"#1"},"south":{"uv":[8,0,12.375,0.75],"texture":"#1"},"west":{"uv":[9.5,10,10.25,10.75],"texture":"#1"},"up":{"uv":[12.375,1.5,8,0.75],"texture":"#1"},"down":{"uv":[12.375,1.5,8,2.25],"texture":"#1"}}},{"from":[7,9.75,7],"to":[9,13.75,9],"rotation":{"angle":0,"axis":"z","origin":[8,10,8]},"faces":{"north":{"uv":[8.25,10.25,8.75,11.25],"texture":"#1"},"east":{"uv":[8.75,10.25,9.25,11.25],"texture":"#1"},"south":{"uv":[10.25,10,10.75,11],"texture":"#1"},"west":{"uv":[0,10.5,0.5,11.5],"texture":"#1"},"up":{"uv":[6,8.5,5.5,8],"texture":"#1"},"down":{"uv":[6.5,8,6,8.5],"texture":"#1"}}}],"gui_light":"front","display":{"thirdperson_righthand":{"rotation":[0,90,0],"translation":[0,2,1]},"thirdperson_lefthand":{"rotation":[0,90,0],"translation":[0,2,1]},"firstperson_righthand":{"rotation":[-90,-87,-90]},"firstperson_lefthand":{"rotation":[-90,-87,-90]},"ground":{"translation":[0,8,0],"scale":[0.74,0.74,0.74]},"gui":{"rotation":[180,0,-135],"translation":[-1.75,-2,0],"scale":[0.6,0.6,0.6]},"head":{"scale":[0,0,0]},"fixed":{"translation":[0,-0.5,-2.75],"scale":[0.63,0.63,0.63]}}}