{
	"credit": "Made with Blockbench",
	"texture_size": [64, 64],
	"textures": {
		"0": "ec_forgenfire:forgenfire_default_weapons/amethyst_crossbow",
		"particle": "ec_forgenfire:forgenfire_default_weapons/amethyst_crossbow"
	},
	"elements": [
		{
			"from": [7, 0, 12],
			"to": [9, 4.5, 14],
			"rotation": {"angle": -22.5, "axis": "x", "origin": [8, 1, 13]},
			"faces": {
				"north": {"uv": [3, 6.75, 3.5, 7.875], "texture": "#0"},
				"east": {"uv": [3.5, 6.75, 4, 7.875], "texture": "#0"},
				"south": {"uv": [0, 7, 0.5, 8.125], "texture": "#0"},
				"west": {"uv": [0.5, 7, 1, 8.125], "texture": "#0"},
				"up": {"uv": [5.25, 4, 4.75, 3.5], "texture": "#0"},
				"down": {"uv": [5.75, 3.5, 5.25, 4], "texture": "#0"}
			}
		},
		{
			"from": [7.25, -1.34965, 2.19346],
			"to": [8.75, 3.15035, 3.69346],
			"rotation": {"angle": -22.5, "axis": "x", "origin": [8, 1.40035, 1.94346]},
			"faces": {
				"north": {"uv": [4, 7.75, 4.375, 8.875], "texture": "#0"},
				"east": {"uv": [4.5, 7.75, 4.875, 8.875], "texture": "#0"},
				"south": {"uv": [5, 7.75, 5.375, 8.875], "texture": "#0"},
				"west": {"uv": [5.5, 7.75, 5.875, 8.875], "texture": "#0"},
				"up": {"uv": [7.375, 8.625, 7, 8.25], "texture": "#0"},
				"down": {"uv": [8.625, 7, 8.25, 7.375], "texture": "#0"}
			}
		},
		{
			"from": [6.998, 2.86426, -1.66751],
			"to": [9.002, 4.61826, 12.58649],
			"rotation": {"angle": 0, "axis": "x", "origin": [8, 1.61626, 12.33449]},
			"faces": {
				"north": {"uv": [8.25, 1.75, 8.75, 2.125], "texture": "#0"},
				"east": {"uv": [2, 4, 5.625, 4.375], "texture": "#0"},
				"south": {"uv": [2, 8.25, 2.5, 8.625], "texture": "#0"},
				"west": {"uv": [0, 4.5, 3.625, 4.875], "texture": "#0"},
				"up": {"uv": [2.5, 3.625, 2, 0], "texture": "#0"},
				"down": {"uv": [3, 0, 2.5, 3.625], "texture": "#0"}
			}
		},
		{
			"name": "arrow",
			"from": [7.25, 4.2909, 13.04532],
			"to": [8.75, 8.0409, 14.79532],
			"rotation": {"angle": 45, "axis": "x", "origin": [8, 6.1659, 12.67032]},
			"faces": {
				"north": {"uv": [6, 7.75, 6.375, 8.75], "texture": "#0"},
				"east": {"uv": [2.5, 7.25, 3, 8.25], "texture": "#0"},
				"south": {"uv": [6.5, 7.75, 6.875, 8.75], "texture": "#0"},
				"west": {"uv": [7.75, 3.5, 8.25, 4.5], "texture": "#0"},
				"up": {"uv": [8.625, 4.5, 8.25, 4], "texture": "#0"},
				"down": {"uv": [8.625, 6.5, 8.25, 7], "texture": "#0"}
			}
		},
		{
			"from": [8, -2.66405, 2.64036],
			"to": [8, 4.08595, 6.39036],
			"rotation": {"angle": -22.5, "axis": "x", "origin": [8, -2.78905, 5.46536]},
			"faces": {
				"north": {"uv": [0, 0, 0, 1.75], "rotation": 180, "texture": "#0"},
				"east": {"uv": [3, 0, 4.75, 1], "rotation": 270, "texture": "#0"},
				"south": {"uv": [0, 1.75, 0, 0], "texture": "#0"},
				"west": {"uv": [3, 1, 4.75, 2], "rotation": 90, "texture": "#0"},
				"up": {"uv": [0, 0, 0, 1], "rotation": 180, "texture": "#0"},
				"down": {"uv": [0, 0, 0, 1], "texture": "#0"}
			}
		},
		{
			"from": [8, 3.2909, 10.79532],
			"to": [8, 7.0409, 17.54532],
			"rotation": {"angle": -45, "axis": "x", "origin": [8, 5.1659, 13.42032]},
			"faces": {
				"north": {"uv": [0, 0, 0, 1], "texture": "#0"},
				"east": {"uv": [3, 0, 4.75, 1], "texture": "#0"},
				"south": {"uv": [0, 0, 0, 1], "texture": "#0"},
				"west": {"uv": [3, 1, 4.75, 2], "texture": "#0"},
				"up": {"uv": [0, 1.75, 0, 0], "texture": "#0"},
				"down": {"uv": [0, 0, 0, 1.75], "texture": "#0"}
			}
		},
		{
			"from": [8, -5.53307, 14.0702],
			"to": [8, -1.78307, 20.8202],
			"rotation": {"angle": 45, "axis": "x", "origin": [8, -0.65807, 17.4452]},
			"faces": {
				"north": {"uv": [0, 0, 0, 1], "texture": "#0"},
				"east": {"uv": [3, 2, 4.75, 3], "texture": "#0"},
				"south": {"uv": [0, 0, 0, 1], "texture": "#0"},
				"west": {"uv": [3, 3, 4.75, 4], "texture": "#0"},
				"up": {"uv": [0, 1.75, 0, 0], "texture": "#0"},
				"down": {"uv": [0, 0, 0, 1.75], "texture": "#0"}
			}
		},
		{
			"from": [3.75, 2.86626, -3.66551],
			"to": [12.25, 4.61626, -1.66551],
			"rotation": {"angle": 0, "axis": "y", "origin": [8, 3.74126, 5.33449]},
			"faces": {
				"north": {"uv": [6, 1.25, 8.125, 1.625], "texture": "#0"},
				"east": {"uv": [2.5, 8.25, 3, 8.625], "texture": "#0"},
				"south": {"uv": [6, 1.75, 8.125, 2.125], "texture": "#0"},
				"west": {"uv": [8.25, 3.5, 8.75, 3.875], "texture": "#0"},
				"up": {"uv": [5.875, 5, 3.75, 4.5], "texture": "#0"},
				"down": {"uv": [6.875, 0, 4.75, 0.5], "texture": "#0"}
			}
		},
		{
			"from": [-0.00714, 2.36226, -4.66742],
			"to": [4.25086, 5.12026, -1.65942],
			"rotation": {"angle": -22.5, "axis": "y", "origin": [2.74686, 3.74126, -3.16342]},
			"faces": {
				"north": {"uv": [4.75, 0.5, 5.875, 1.25], "texture": "#0"},
				"east": {"uv": [7, 2.25, 7.75, 3], "texture": "#0"},
				"south": {"uv": [4.75, 1.25, 5.875, 2], "texture": "#0"},
				"west": {"uv": [7, 3.5, 7.75, 4.25], "texture": "#0"},
				"up": {"uv": [5.875, 2.75, 4.75, 2], "texture": "#0"},
				"down": {"uv": [5.875, 2.75, 4.75, 3.5], "texture": "#0"}
			}
		},
		{
			"from": [-1.29521, 2.36626, -5.34225],
			"to": [0.85479, 5.11626, -3.24225],
			"rotation": {"angle": 22.5, "axis": "y", "origin": [0.20479, 3.74126, -5.36725]},
			"faces": {
				"north": {"uv": [7, 3.5, 7.75, 4.25], "texture": "#0"},
				"east": {"uv": [4.75, 0.5, 5.875, 1.25], "texture": "#0"},
				"south": {"uv": [7, 2.25, 7.75, 3], "texture": "#0"},
				"west": {"uv": [4.75, 1.25, 5.875, 2], "texture": "#0"},
				"up": {"uv": [5.875, 2, 5.25, 2.75], "rotation": 90, "texture": "#0"},
				"down": {"uv": [5.25, 2, 5.875, 2.75], "rotation": 90, "texture": "#0"}
			}
		},
		{
			"from": [15.14521, 2.36626, -5.34225],
			"to": [17.29521, 5.11626, -3.24225],
			"rotation": {"angle": -22.5, "axis": "y", "origin": [15.79521, 3.74126, -5.36725]},
			"faces": {
				"north": {"uv": [7.75, 3.5, 7, 4.25], "texture": "#0"},
				"east": {"uv": [5.875, 1.25, 4.75, 2], "texture": "#0"},
				"south": {"uv": [7.75, 2.25, 7, 3], "texture": "#0"},
				"west": {"uv": [5.875, 0.5, 4.75, 1.25], "texture": "#0"},
				"up": {"uv": [5.875, 2.75, 5.25, 2], "rotation": 90, "texture": "#0"},
				"down": {"uv": [5.25, 2.75, 5.875, 2], "rotation": 90, "texture": "#0"}
			}
		},
		{
			"from": [-2.64027, 2.86626, -3.6848],
			"to": [2.60973, 4.61626, -1.6848],
			"rotation": {"angle": 45, "axis": "y", "origin": [-0.01527, 3.74126, -2.6848]},
			"faces": {
				"north": {"uv": [6, 4.25, 7.375, 4.75], "texture": "#0"},
				"east": {"uv": [7.25, 0.75, 7.75, 1.25], "texture": "#0"},
				"south": {"uv": [2.5, 6.25, 3.875, 6.75], "texture": "#0"},
				"west": {"uv": [7.75, 0.75, 8.25, 1.25], "texture": "#0"},
				"up": {"uv": [5.375, 7, 4, 6.5], "texture": "#0"},
				"down": {"uv": [7.875, 4.75, 6.5, 5.25], "texture": "#0"}
			}
		},
		{
			"from": [13.39027, 2.86626, -3.6848],
			"to": [18.64027, 4.61626, -1.6848],
			"rotation": {"angle": -45, "axis": "y", "origin": [16.01527, 3.74126, -2.6848]},
			"faces": {
				"north": {"uv": [7.375, 4.25, 6, 4.75], "texture": "#0"},
				"east": {"uv": [8.25, 0.75, 7.75, 1.25], "texture": "#0"},
				"south": {"uv": [3.875, 6.25, 2.5, 6.75], "texture": "#0"},
				"west": {"uv": [7.75, 0.75, 7.25, 1.25], "texture": "#0"},
				"up": {"uv": [4, 7, 5.375, 6.5], "texture": "#0"},
				"down": {"uv": [6.5, 4.75, 7.875, 5.25], "texture": "#0"}
			}
		},
		{
			"from": [-4.05281, 2.36426, -1.5171],
			"to": [-1.04881, 5.11826, 2.7369],
			"rotation": {"angle": -22.5, "axis": "y", "origin": [-2.55081, 3.74126, 1.1099]},
			"faces": {
				"north": {"uv": [4, 7, 4.75, 7.75], "texture": "#0"},
				"east": {"uv": [0, 5, 1.125, 5.75], "texture": "#0"},
				"south": {"uv": [4.75, 7, 5.5, 7.75], "texture": "#0"},
				"west": {"uv": [1.25, 5, 2.375, 5.75], "texture": "#0"},
				"up": {"uv": [3.25, 6.125, 2.5, 5], "texture": "#0"},
				"down": {"uv": [4, 5, 3.25, 6.125], "texture": "#0"}
			}
		},
		{
			"from": [8, 4.81626, 1.1704],
			"to": [19, 4.81626, 2.0704],
			"rotation": {"angle": 0, "axis": "y", "origin": [18.25, 4.81626, 1.6204]},
			"faces": {
				"north": {"uv": [0, 0, 2.75, 0], "texture": "#0"},
				"east": {"uv": [0, 0, 0.25, 0], "texture": "#0"},
				"south": {"uv": [0, 0, 2.75, 0], "texture": "#0"},
				"west": {"uv": [0, 0, 0.25, 0], "texture": "#0"},
				"up": {"uv": [8.75, 3.5, 6, 3.25], "texture": "#0"},
				"down": {"uv": [8.75, 3.5, 6, 3.25], "texture": "#0"}
			}
		},
		{
			"from": [-3, 4.81626, 1.1704],
			"to": [8, 4.81626, 2.0704],
			"rotation": {"angle": 0, "axis": "y", "origin": [-2.25, 4.81626, 1.6204]},
			"faces": {
				"north": {"uv": [2.75, 0, 0, 0], "texture": "#0"},
				"east": {"uv": [0.25, 0, 0, 0], "texture": "#0"},
				"south": {"uv": [2.75, 0, 0, 0], "texture": "#0"},
				"west": {"uv": [0.25, 0, 0, 0], "texture": "#0"},
				"up": {"uv": [6, 3.5, 8.75, 3.25], "texture": "#0"},
				"down": {"uv": [6, 3.5, 8.75, 3.25], "texture": "#0"}
			}
		},
		{
			"from": [-4.17084, 2.36626, 1.75821],
			"to": [-2.04584, 5.11626, 3.88321],
			"rotation": {"angle": 22.5, "axis": "y", "origin": [-3.67084, 3.74126, 2.88321]},
			"faces": {
				"north": {"uv": [7.75, 6.5, 8.25, 7.25], "texture": "#0"},
				"east": {"uv": [7.75, 7.25, 8.25, 8], "texture": "#0"},
				"south": {"uv": [8, 0, 8.5, 0.75], "texture": "#0"},
				"west": {"uv": [3, 8, 3.5, 8.75], "texture": "#0"},
				"up": {"uv": [0.5, 8.75, 0, 8.25], "texture": "#0"},
				"down": {"uv": [1, 8.25, 0.5, 8.75], "texture": "#0"}
			}
		},
		{
			"from": [11.74914, 2.36226, -4.66742],
			"to": [16.00714, 5.12026, -1.65942],
			"rotation": {"angle": 22.5, "axis": "y", "origin": [13.25314, 3.74126, -3.16342]},
			"faces": {
				"north": {"uv": [5.75, 3.5, 6.875, 4.25], "texture": "#0"},
				"east": {"uv": [7, 6.5, 7.75, 7.25], "texture": "#0"},
				"south": {"uv": [4, 5.75, 5.125, 6.5], "texture": "#0"},
				"west": {"uv": [7.25, 0, 8, 0.75], "texture": "#0"},
				"up": {"uv": [6.375, 6.5, 5.25, 5.75], "texture": "#0"},
				"down": {"uv": [7.125, 0.5, 6, 1.25], "texture": "#0"}
			}
		},
		{
			"from": [17.04881, 2.36426, -1.5171],
			"to": [20.05281, 5.11826, 2.7369],
			"rotation": {"angle": 22.5, "axis": "y", "origin": [18.55081, 3.74126, 1.1099]},
			"faces": {
				"north": {"uv": [5.5, 7, 6.25, 7.75], "texture": "#0"},
				"east": {"uv": [4, 5, 5.125, 5.75], "texture": "#0"},
				"south": {"uv": [6.25, 7, 7, 7.75], "texture": "#0"},
				"west": {"uv": [5.25, 5, 6.375, 5.75], "texture": "#0"},
				"up": {"uv": [0.75, 6.875, 0, 5.75], "texture": "#0"},
				"down": {"uv": [1.5, 5.75, 0.75, 6.875], "texture": "#0"}
			}
		},
		{
			"from": [18.04584, 2.36626, 1.75821],
			"to": [20.17084, 5.11626, 3.88321],
			"rotation": {"angle": -22.5, "axis": "y", "origin": [19.67084, 3.74126, 2.88321]},
			"faces": {
				"north": {"uv": [3.5, 8, 4, 8.75], "texture": "#0"},
				"east": {"uv": [8, 4.5, 8.5, 5.25], "texture": "#0"},
				"south": {"uv": [8, 5.25, 8.5, 6], "texture": "#0"},
				"west": {"uv": [7.75, 8, 8.25, 8.75], "texture": "#0"},
				"up": {"uv": [8.75, 1.25, 8.25, 0.75], "texture": "#0"},
				"down": {"uv": [1.5, 8.25, 1, 8.75], "texture": "#0"}
			}
		},
		{
			"from": [7.67157, 2.61626, -1.70357],
			"to": [11.17157, 5.11626, 1.79643],
			"rotation": {"angle": 45, "axis": "y", "origin": [5.17157, 3.86626, 0.54643]},
			"faces": {
				"north": {"uv": [1.75, 7.25, 2.375, 8.125], "rotation": 90, "texture": "#0"},
				"east": {"uv": [1.75, 7.25, 2.375, 8.125], "rotation": 90, "texture": "#0"},
				"south": {"uv": [7.625, 8.125, 7, 7.25], "rotation": 90, "texture": "#0"},
				"west": {"uv": [1.75, 7.25, 2.375, 8.125], "rotation": 90, "texture": "#0"},
				"up": {"uv": [6, 2.25, 6.875, 3.125], "rotation": 180, "texture": "#0"},
				"down": {"uv": [1.5, 5.75, 2.375, 6.625], "texture": "#0"}
			}
		},
		{
			"from": [6.75, -2.52164, 12.14805],
			"to": [9.25, 0.97836, 15.64805],
			"rotation": {"angle": 22.5, "axis": "x", "origin": [8, -0.77164, 13.89805]},
			"faces": {
				"north": {"uv": [1, 7.25, 1.625, 8.125], "texture": "#0"},
				"east": {"uv": [1.5, 5.75, 2.375, 6.625], "texture": "#0"},
				"south": {"uv": [1.75, 7.25, 2.375, 8.125], "texture": "#0"},
				"west": {"uv": [6, 2.25, 6.875, 3.125], "texture": "#0"},
				"up": {"uv": [7.625, 8.125, 7, 7.25], "texture": "#0"},
				"down": {"uv": [8.375, 2.25, 7.75, 3.125], "texture": "#0"}
			}
		}
	],"gui_light": "front",
	"display": {
		"thirdperson_righthand": {
			"translation": [0, 4.25, 2.75],
			"scale": [0.8, 0.8, 0.8]
		},
		"thirdperson_lefthand": {
			"translation": [0, 4.25, 2.75],
			"scale": [0.8, 0.8, 0.8]
		},
		"firstperson_righthand": {
			"translation": [0, 5.5, 0],
			"scale": [1.56, 1.56, 1.56]
		},
		"firstperson_lefthand": {
			"translation": [0, 5.5, 0],
			"scale": [1.56, 1.56, 1.56]
		},
		"ground": {
			"translation": [0, 11.5, 0]
		},
		"gui": {
			"rotation": [90, 45, 0],
			"translation": [3.25, -2.75, 0],
			"scale": [0.63, 0.63, 0.63]
		},
		"head": {
			"scale": [0, 0, 0]
		},
		"fixed": {
			"rotation": [-90, 0, 0],
			"translation": [0, 3, -9.5],
			"scale": [0.75, 0.75, 0.75]
		}
	}
}