{"credit":"MadewithBlockbench","texture_size":[64,64],"textures":{"2":"ec_forgenfire:forgenfire_default_weapons/amethyst_pickaxe","particle":"ec_forgenfire:forgenfire_default_weapons/amethyst_pickaxe"},"elements":[{"from":[7.35,1.5,7.35],"to":[8.65,16,8.65],"rotation":{"angle":0,"axis":"y","origin":[7,0,7]},"faces":{"north":{"uv":[1,6.5,1.375,10.125],"texture":"#2"},"east":{"uv":[1.5,6.5,1.875,10.125],"texture":"#2"},"south":{"uv":[6.5,1.5,6.875,5.125],"texture":"#2"},"west":{"uv":[2,6.5,2.375,10.125],"texture":"#2"},"up":{"uv":[2.875,8.625,2.5,8.25],"texture":"#2"},"down":{"uv":[3.375,8.25,3,8.625],"texture":"#2"}}},{"from":[7.1,0,7.1],"to":[8.9,1.5,8.9],"rotation":{"angle":0,"axis":"y","origin":[7,0,7]},"faces":{"north":{"uv":[8.25,0,8.75,0.375],"texture":"#2"},"east":{"uv":[8.25,0.5,8.75,0.875],"texture":"#2"},"south":{"uv":[8.25,1,8.75,1.375],"texture":"#2"},"west":{"uv":[8.25,1.5,8.75,1.875],"texture":"#2"},"up":{"uv":[8.5,6.75,8,6.25],"texture":"#2"},"down":{"uv":[8.5,6.75,8,7.25],"texture":"#2"}}},{"from":[6.1,-5,8],"to":[9.9,1,8],"rotation":{"angle":45,"axis":"y","origin":[8,-2,8]},"faces":{"north":{"uv":[0,6.5,1,8],"texture":"#2"},"east":{"uv":[0,0,0,1.5],"texture":"#2"},"south":{"uv":[6.5,0,7.5,1.5],"texture":"#2"},"west":{"uv":[0,0,0,1.5],"texture":"#2"},"up":{"uv":[1,0,0,0],"texture":"#2"},"down":{"uv":[1,0,0,0],"texture":"#2"}}},{"from":[6.1,-5,8],"to":[9.9,1,8],"rotation":{"angle":-45,"axis":"y","origin":[8,-2,8]},"faces":{"north":{"uv":[0,6.5,1,8],"texture":"#2"},"east":{"uv":[0,0,0,1.5],"texture":"#2"},"south":{"uv":[6.5,0,7.5,1.5],"texture":"#2"},"west":{"uv":[0,0,0,1.5],"texture":"#2"},"up":{"uv":[1,0,0,0],"texture":"#2"},"down":{"uv":[1,0,0,0],"texture":"#2"}}},{"from":[7,9.75,7],"to":[9,13.75,9],"rotation":{"angle":0,"axis":"y","origin":[8,10,8]},"faces":{"north":{"uv":[7.5,5.5,8,6.5],"texture":"#2"},"east":{"uv":[7.5,6.5,8,7.5],"texture":"#2"},"south":{"uv":[7.5,7.5,8,8.5],"texture":"#2"},"west":{"uv":[6.5,7.75,7,8.75],"texture":"#2"},"up":{"uv":[8.5,7.75,8,7.25],"texture":"#2"},"down":{"uv":[8.5,7.75,8,8.25],"texture":"#2"}}},{"from":[6,16,6.85],"to":[10,20,9.15],"rotation":{"angle":45,"axis":"z","origin":[8,18,8]},"faces":{"north":{"uv":[2.5,6.5,3.5,7.5],"texture":"#2"},"east":{"uv":[7.5,0,8.125,1],"texture":"#2"},"south":{"uv":[3.5,6.5,4.5,7.5],"texture":"#2"},"west":{"uv":[7.5,1,8.125,2],"texture":"#2"},"up":{"uv":[8.5,2.625,7.5,2],"texture":"#2"},"down":{"uv":[3.5,7.5,2.5,8.125],"texture":"#2"}}},{"from":[7.25,13,7.25],"to":[8.75,23,8.75],"rotation":{"angle":-45,"axis":"z","origin":[8,18,8]},"faces":{"north":{"uv":[4.5,6.5,4.875,9],"texture":"#2"},"east":{"uv":[5,6.5,5.375,9],"texture":"#2"},"south":{"uv":[6.5,5.25,6.875,7.75],"texture":"#2"},"west":{"uv":[5.5,6.5,5.875,9],"texture":"#2"},"up":{"uv":[3.875,8.625,3.5,8.25],"texture":"#2"},"down":{"uv":[8.625,3.5,8.25,3.875],"texture":"#2"}}},{"from":[6.75,16.75,6.35],"to":[9.25,19.25,9.65],"rotation":{"angle":45,"axis":"z","origin":[8,18,8]},"faces":{"north":{"uv":[0,8,0.625,8.625],"texture":"#2"},"east":{"uv":[7.5,2.75,8.375,3.375],"texture":"#2"},"south":{"uv":[8,5.5,8.625,6.125],"texture":"#2"},"west":{"uv":[3.5,7.5,4.375,8.125],"texture":"#2"},"up":{"uv":[8.125,4.375,7.5,3.5],"texture":"#2"},"down":{"uv":[8.125,4.5,7.5,5.375],"texture":"#2"}}},{"from":[7.25,13,7.25],"to":[8.75,23,8.75],"rotation":{"angle":45,"axis":"z","origin":[8,18,8]},"faces":{"north":{"uv":[6,6.5,6.375,9],"texture":"#2"},"east":{"uv":[7,1.5,7.375,4],"texture":"#2"},"south":{"uv":[7,4,7.375,6.5],"texture":"#2"},"west":{"uv":[7,6.5,7.375,9],"texture":"#2"},"up":{"uv":[4.375,8.625,4,8.25],"texture":"#2"},"down":{"uv":[8.625,4,8.25,4.375],"texture":"#2"}}},{"from":[-5,8.75,8],"to":[21,21,8],"rotation":{"angle":0,"axis":"y","origin":[7,0,8]},"faces":{"north":{"uv":[0,0,6.5,3.125],"texture":"#2"},"east":{"uv":[0,0,0,3.125],"texture":"#2"},"south":{"uv":[0,3.25,6.5,6.375],"texture":"#2"},"west":{"uv":[0,0,0,3.125],"texture":"#2"},"up":{"uv":[6.5,0,0,0],"texture":"#2"},"down":{"uv":[6.5,0,0,0],"texture":"#2"}}}],"gui_light":"front","display":{"thirdperson_righthand":{"rotation":[0,90,0],"translation":[0,2,1]},"thirdperson_lefthand":{"rotation":[0,90,0],"translation":[0,2,1]},"firstperson_righthand":{"rotation":[-90,-87,-90]},"firstperson_lefthand":{"rotation":[-90,-87,-90]},"ground":{"translation":[0,8,0],"scale":[0.74,0.74,0.74]},"gui":{"rotation":[180,0,-135],"translation":[-1.25,-1.25,0],"scale":[0.64,0.64,0.64]},"head":{"scale":[0,0,0]},"fixed":{"translation":[0,-0.5,-2.75],"scale":[0.63,0.63,0.63]}}}