{"credit":"MadewithBlockbench","texture_size":[32,32],"textures":{"0":"ec_forgenfire:forgenfire_default_weapons/amethyst_sword","particle":"ec_forgenfire:forgenfire_default_weapons/amethyst_sword"},"elements":[{"from":[7.35,1.5,7.35],"to":[8.65,8,8.65],"rotation":{"angle":0,"axis":"y","origin":[7,0,7]},"faces":{"north":{"uv":[5,10,5.75,13.25],"texture":"#0"},"east":{"uv":[11,0,11.75,3.25],"texture":"#0"},"south":{"uv":[11.5,3.5,12.25,6.75],"texture":"#0"},"west":{"uv":[12,0,12.75,3.25],"texture":"#0"},"up":{"uv":[14.25,0.75,13.5,0],"texture":"#0"},"down":{"uv":[14.25,1,13.5,1.75],"texture":"#0"}}},{"from":[6,8,6.85],"to":[10,12,9.15],"rotation":{"angle":45,"axis":"z","origin":[8,10,8]},"faces":{"north":{"uv":[6,6,8,8],"texture":"#0"},"east":{"uv":[10,5,11.25,7],"texture":"#0"},"south":{"uv":[8,0,10,2],"texture":"#0"},"west":{"uv":[10,7,11.25,9],"texture":"#0"},"up":{"uv":[12,10.25,10,9],"texture":"#0"},"down":{"uv":[12,10.5,10,11.75],"texture":"#0"}}},{"from":[5,11.9,8],"to":[11,32,8],"rotation":{"angle":0,"axis":"y","origin":[8,10,8]},"faces":{"north":{"uv":[0,0,3,10],"texture":"#0"},"east":{"uv":[0,0,0,10],"texture":"#0"},"south":{"uv":[3,0,6,10],"texture":"#0"},"west":{"uv":[0,0,0,10],"texture":"#0"},"up":{"uv":[3,0,0,0],"texture":"#0"},"down":{"uv":[3,0,0,0],"texture":"#0"}}},{"from":[6.75,8.75,6.35],"to":[9.25,11.25,9.65],"rotation":{"angle":45,"axis":"z","origin":[8,10,8]},"faces":{"north":{"uv":[12,10.5,13.25,11.75],"texture":"#0"},"east":{"uv":[11.5,7,13.25,8.25],"texture":"#0"},"south":{"uv":[11.5,12,12.75,13.25],"texture":"#0"},"west":{"uv":[8,12,9.75,13.25],"texture":"#0"},"up":{"uv":[13.25,10.25,12,8.5],"texture":"#0"},"down":{"uv":[11.25,12,10,13.75],"texture":"#0"}}},{"from":[7.25,5,7.25],"to":[8.75,15,8.75],"rotation":{"angle":45,"axis":"z","origin":[8,10,8]},"faces":{"north":{"uv":[8,2,8.75,7],"texture":"#0"},"east":{"uv":[6,8,6.75,13],"texture":"#0"},"south":{"uv":[7,8,7.75,13],"texture":"#0"},"west":{"uv":[8,7,8.75,12],"texture":"#0"},"up":{"uv":[14.25,3.75,13.5,3],"texture":"#0"},"down":{"uv":[14.25,4,13.5,4.75],"texture":"#0"}}},{"from":[7.25,11,7.25],"to":[8.75,20,8.75],"rotation":{"angle":0,"axis":"y","origin":[8,10,8]},"faces":{"north":{"uv":[1,10,1.75,14.5],"texture":"#0"},"east":{"uv":[2,10,2.75,14.5],"texture":"#0"},"south":{"uv":[3,10,3.75,14.5],"texture":"#0"},"west":{"uv":[4,10,4.75,14.5],"texture":"#0"},"up":{"uv":[14.25,6.75,13.5,6],"texture":"#0"},"down":{"uv":[14.25,7,13.5,7.75],"texture":"#0"}}},{"from":[4.75,13.25,7.5],"to":[5.75,17.25,8.5],"rotation":{"angle":45,"axis":"y","origin":[5.25,15.25,8]},"faces":{"north":{"uv":[13,0,13.5,2],"texture":"#0"},"east":{"uv":[6,13,6.5,15],"texture":"#0"},"south":{"uv":[6.5,13,7,15],"texture":"#0"},"west":{"uv":[7,13,7.5,15],"texture":"#0"},"up":{"uv":[11.5,4,11,3.5],"texture":"#0"},"down":{"uv":[11.5,4,11,4.5],"texture":"#0"}}},{"from":[10.25,13.25,7.5],"to":[11.25,17.25,8.5],"rotation":{"angle":-45,"axis":"y","origin":[10.75,15.25,8]},"faces":{"north":{"uv":[13.5,0,13,2],"texture":"#0"},"east":{"uv":[7.5,13,7,15],"texture":"#0"},"south":{"uv":[7,13,6.5,15],"texture":"#0"},"west":{"uv":[6.5,13,6,15],"texture":"#0"},"up":{"uv":[11,4,11.5,3.5],"texture":"#0"},"down":{"uv":[11,4,11.5,4.5],"texture":"#0"}}},{"from":[7.25,5,7.25],"to":[8.75,15,8.75],"rotation":{"angle":-45,"axis":"z","origin":[8,10,8]},"faces":{"north":{"uv":[9,2,9.75,7],"texture":"#0"},"east":{"uv":[9,7,9.75,12],"texture":"#0"},"south":{"uv":[0,10,0.75,15],"texture":"#0"},"west":{"uv":[10,0,10.75,5],"texture":"#0"},"up":{"uv":[5.75,14.25,5,13.5],"texture":"#0"},"down":{"uv":[14.25,5,13.5,5.75],"texture":"#0"}}},{"from":[7.1,0,7.1],"to":[8.9,1.5,8.9],"rotation":{"angle":0,"axis":"y","origin":[7,0,7]},"faces":{"north":{"uv":[12.5,5.5,13.5,6.25],"texture":"#0"},"east":{"uv":[13,2,14,2.75],"texture":"#0"},"south":{"uv":[13,12,14,12.75],"texture":"#0"},"west":{"uv":[13,13,14,13.75],"texture":"#0"},"up":{"uv":[13.5,4.5,12.5,3.5],"texture":"#0"},"down":{"uv":[13.5,4.5,12.5,5.5],"texture":"#0"}}},{"from":[6.1,-5,8],"to":[9.9,1,8],"rotation":{"angle":45,"axis":"y","origin":[8,-2,8]},"faces":{"north":{"uv":[6,0,8,3],"texture":"#0"},"east":{"uv":[0,0,0,3],"texture":"#0"},"south":{"uv":[6,3,8,6],"texture":"#0"},"west":{"uv":[0,0,0,3],"texture":"#0"},"up":{"uv":[2,0,0,0],"texture":"#0"},"down":{"uv":[2,0,0,0],"texture":"#0"}}},{"from":[6.1,-5,8],"to":[9.9,1,8],"rotation":{"angle":-45,"axis":"y","origin":[8,-2,8]},"faces":{"north":{"uv":[6,0,8,3],"texture":"#0"},"east":{"uv":[0,0,0,3],"texture":"#0"},"south":{"uv":[6,3,8,6],"texture":"#0"},"west":{"uv":[0,0,0,3],"texture":"#0"},"up":{"uv":[2,0,0,0],"texture":"#0"},"down":{"uv":[2,0,0,0],"texture":"#0"}}}],"gui_light":"front","display":{"thirdperson_righthand":{"rotation":[0,90,0],"translation":[0,2,1]},"thirdperson_lefthand":{"rotation":[0,90,0],"translation":[0,2,1]},"firstperson_righthand":{"rotation":[-90,-87,-90]},"firstperson_lefthand":{"rotation":[-90,-87,-90]},"ground":{"translation":[0,8,0],"scale":[0.74,0.74,0.74]},"gui":{"rotation":[180,0,-135],"translation":[-2,-2.25,0],"scale":[0.52,0.52,0.52]},"head":{"scale":[0,0,0]},"fixed":{"translation":[0,-3.75,-2.75],"scale":[0.63,0.63,0.63]}}}