{"credit":"MadewithBlockbench","texture_size":[64,64],"textures":{"1":"ec_forgenfire:forgenfire_default_weapons/amethyst_hoe"},"elements":[{"from":[7.35,1.5,7.35],"to":[8.65,16,8.65],"rotation":{"angle":0,"axis":"y","origin":[7,0,7]},"faces":{"north":{"uv":[4,4.5,4.375,8.125],"texture":"#1"},"east":{"uv":[4.5,4.5,4.875,8.125],"texture":"#1"},"south":{"uv":[5,4.5,5.375,8.125],"texture":"#1"},"west":{"uv":[5.5,0,5.875,3.625],"texture":"#1"},"up":{"uv":[7.875,0.375,7.5,0],"texture":"#1"},"down":{"uv":[7.875,0.5,7.5,0.875],"texture":"#1"}}},{"from":[7.1,0,7.1],"to":[8.9,1.5,8.9],"rotation":{"angle":0,"axis":"y","origin":[7,0,7]},"faces":{"north":{"uv":[7.25,3.25,7.75,3.625],"texture":"#1"},"east":{"uv":[7.25,3.75,7.75,4.125],"texture":"#1"},"south":{"uv":[7.25,4.25,7.75,4.625],"texture":"#1"},"west":{"uv":[7.25,4.75,7.75,5.125],"texture":"#1"},"up":{"uv":[4,7.5,3.5,7],"texture":"#1"},"down":{"uv":[7.5,7,7,7.5],"texture":"#1"}}},{"from":[6.1,-5,8],"to":[9.9,1,8],"rotation":{"angle":45,"axis":"y","origin":[8,-2,8]},"faces":{"north":{"uv":[0,4.5,1,6],"texture":"#1"},"east":{"uv":[0,0,0,1.5],"texture":"#1"},"south":{"uv":[1,4.5,2,6],"texture":"#1"},"west":{"uv":[0,0,0,1.5],"texture":"#1"},"up":{"uv":[1,0,0,0],"texture":"#1"},"down":{"uv":[1,0,0,0],"texture":"#1"}}},{"from":[6.1,-5,8],"to":[9.9,1,8],"rotation":{"angle":-45,"axis":"y","origin":[8,-2,8]},"faces":{"north":{"uv":[2,4.5,3,6],"texture":"#1"},"east":{"uv":[0,0,0,1.5],"texture":"#1"},"south":{"uv":[3,4.5,4,6],"texture":"#1"},"west":{"uv":[0,0,0,1.5],"texture":"#1"},"up":{"uv":[1,0,0,0],"texture":"#1"},"down":{"uv":[1,0,0,0],"texture":"#1"}}},{"from":[7,9.75,7],"to":[9,13.75,9],"rotation":{"angle":0,"axis":"y","origin":[8,10,8]},"faces":{"north":{"uv":[6,6.5,6.5,7.5],"texture":"#1"},"east":{"uv":[6.5,6.5,7,7.5],"texture":"#1"},"south":{"uv":[6.75,2.25,7.25,3.25],"texture":"#1"},"west":{"uv":[3,7,3.5,8],"texture":"#1"},"up":{"uv":[7.75,2.75,7.25,2.25],"texture":"#1"},"down":{"uv":[7.75,2.75,7.25,3.25],"texture":"#1"}}},{"from":[6,16,6.85],"to":[10,20,9.15],"rotation":{"angle":45,"axis":"z","origin":[8,18,8]},"faces":{"north":{"uv":[5.5,3.75,6.5,4.75],"texture":"#1"},"east":{"uv":[6,2.5,6.625,3.5],"texture":"#1"},"south":{"uv":[5.5,4.75,6.5,5.75],"texture":"#1"},"west":{"uv":[3,6,3.625,7],"texture":"#1"},"up":{"uv":[7,6.375,6,5.75],"texture":"#1"},"down":{"uv":[7.5,0,6.5,0.625],"texture":"#1"}}},{"from":[7.25,13,7.25],"to":[8.75,23,8.75],"rotation":{"angle":-45,"axis":"z","origin":[8,18,8]},"faces":{"north":{"uv":[5.5,5.75,5.875,8.25],"texture":"#1"},"east":{"uv":[0,6,0.375,8.5],"texture":"#1"},"south":{"uv":[6,0,6.375,2.5],"texture":"#1"},"west":{"uv":[0.5,6,0.875,8.5],"texture":"#1"},"up":{"uv":[7.875,1.375,7.5,1],"texture":"#1"},"down":{"uv":[7.875,1.5,7.5,1.875],"texture":"#1"}}},{"from":[6.75,16.75,6.35],"to":[9.25,19.25,9.65],"rotation":{"angle":45,"axis":"z","origin":[8,18,8]},"faces":{"north":{"uv":[7,5.5,7.625,6.125],"texture":"#1"},"east":{"uv":[6.5,0.75,7.375,1.375],"texture":"#1"},"south":{"uv":[7,6.25,7.625,6.875],"texture":"#1"},"west":{"uv":[6.5,1.5,7.375,2.125],"texture":"#1"},"up":{"uv":[7.125,4.375,6.5,3.5],"texture":"#1"},"down":{"uv":[7.125,4.5,6.5,5.375],"texture":"#1"}}},{"from":[7.25,13,7.25],"to":[8.75,23,8.75],"rotation":{"angle":45,"axis":"z","origin":[8,18,8]},"faces":{"north":{"uv":[1,6,1.375,8.5],"texture":"#1"},"east":{"uv":[1.5,6,1.875,8.5],"texture":"#1"},"south":{"uv":[2,6,2.375,8.5],"texture":"#1"},"west":{"uv":[2.5,6,2.875,8.5],"texture":"#1"},"up":{"uv":[3.875,7.875,3.5,7.5],"texture":"#1"},"down":{"uv":[6.375,7.5,6,7.875],"texture":"#1"}}},{"from":[-6,13,8],"to":[16,22,8],"rotation":{"angle":0,"axis":"y","origin":[7,0,8]},"faces":{"north":{"uv":[0,0,5.5,2.25],"texture":"#1"},"east":{"uv":[0,0,0,2.25],"texture":"#1"},"south":{"uv":[0,2.25,5.5,4.5],"texture":"#1"},"west":{"uv":[0,0,0,2.25],"texture":"#1"},"up":{"uv":[5.5,0,0,0],"texture":"#1"},"down":{"uv":[5.5,0,0,0],"texture":"#1"}}}],"gui_light":"front","display":{"thirdperson_righthand":{"rotation":[0,-90,0],"translation":[0,2,1]},"thirdperson_lefthand":{"rotation":[0,90,0],"translation":[0,2,1]},"firstperson_righthand":{"rotation":[-90,-87,-90]},"firstperson_lefthand":{"rotation":[-90,-87,-90]},"ground":{"translation":[0,8,0],"scale":[0.74,0.74,0.74]},"gui":{"rotation":[180,0,-135],"translation":[-1.25,-1.25,0],"scale":[0.64,0.64,0.64]},"head":{"scale":[0,0,0]},"fixed":{"translation":[0,-0.5,-2.75],"scale":[0.63,0.63,0.63]}}}