{"credit":"MadewithBlockbench","texture_size":[64,64],"textures":{"0":"ec_forgenfire:forgenfire_default_weapons/amethyst_helmet","particle":"ec_forgenfire:forgenfire_default_weapons/amethyst_helmet"},"elements":[{"from":[3.57307,11.499,1.88905],"to":[9.00207,15.003,3.89305],"rotation":{"angle":22.5,"axis":"y","origin":[6.07507,16.376,3.89105]},"faces":{"north":{"uv":[8,4,9.375,4.875],"texture":"#0"},"south":{"uv":[8.25,1.5,9.625,2.375],"texture":"#0"},"up":{"uv":[10.125,1.5,8.75,1],"texture":"#0"},"down":{"uv":[3.875,9.5,2.5,10],"texture":"#0"}}},{"from":[3.57307,4.499,1.88905],"to":[9.00207,8.003,3.89305],"rotation":{"angle":22.5,"axis":"y","origin":[6.07507,9.626,3.89105]},"faces":{"north":{"uv":[8.25,7,9.625,7.875],"texture":"#0"},"south":{"uv":[8.25,8,9.625,8.875],"texture":"#0"},"up":{"uv":[10.875,4.5,9.5,4],"texture":"#0"},"down":{"uv":[10.875,4.5,9.5,5],"texture":"#0"}}},{"from":[3,4.5,3],"to":[3,15,10.9],"rotation":{"angle":0,"axis":"y","origin":[7,0,7]},"faces":{"north":{"uv":[0,0,0,2.625],"texture":"#0"},"east":{"uv":[1.5,5,3.5,7.625],"texture":"#0"},"south":{"uv":[0,0,0,2.625],"texture":"#0"},"west":{"uv":[3.5,5,5.5,7.625],"texture":"#0"},"up":{"uv":[0,2,0,0],"texture":"#0"},"down":{"uv":[0,0,0,2],"texture":"#0"}}},{"from":[3,4.5,10.9],"to":[13,15,12.9],"rotation":{"angle":0,"axis":"y","origin":[7,4.5,-16.1]},"faces":{"north":{"uv":[0,0,2.5,2.625],"texture":"#0"},"east":{"uv":[4.5,7.75,5,10.375],"texture":"#0"},"south":{"uv":[2.5,0,5,2.625],"texture":"#0"},"west":{"uv":[5,7.75,5.5,10.375],"texture":"#0"},"up":{"uv":[10.25,7,7.75,6.5],"texture":"#0"},"down":{"uv":[10.5,3.5,8,4],"texture":"#0"}}},{"from":[3.75,9.50158,12.83745],"to":[12.25,15.25158,15.13745],"rotation":{"angle":-22.5,"axis":"x","origin":[8,10.00158,11.13745]},"faces":{"north":{"uv":[5.5,5.75,7.625,7.25],"texture":"#0"},"east":{"uv":[7.25,9,7.875,10.5],"texture":"#0"},"south":{"uv":[6.5,0,8.625,1.5],"texture":"#0"},"west":{"uv":[8,9,8.625,10.5],"texture":"#0"},"up":{"uv":[8.625,3.375,6.5,2.75],"texture":"#0"},"down":{"uv":[9.875,5.75,7.75,6.375],"texture":"#0"}}},{"from":[4.75,6.75158,11.63745],"to":[11.25,11.25158,13.88745],"rotation":{"angle":-22.5,"axis":"x","origin":[8,10.00158,11.13745]},"faces":{"north":{"uv":[6.5,1.5,8.125,2.625],"texture":"#0"},"east":{"uv":[1,9.5,1.625,10.625],"texture":"#0"},"south":{"uv":[5.5,7.25,7.125,8.375],"texture":"#0"},"west":{"uv":[1.75,9.5,2.375,10.625],"texture":"#0"},"up":{"uv":[9.625,5.625,8,5],"texture":"#0"},"down":{"uv":[7.125,8.5,5.5,9.125],"texture":"#0"}}},{"from":[6,5.00158,10.23745],"to":[10,8.25158,12.88745],"rotation":{"angle":-22.5,"axis":"x","origin":[8,10.00158,11.13745]},"faces":{"north":{"uv":[8.75,2.5,9.75,3.375],"texture":"#0"},"east":{"uv":[9.75,8.75,10.375,9.625],"texture":"#0"},"south":{"uv":[8.75,9,9.75,9.875],"texture":"#0"},"west":{"uv":[9.75,9.75,10.375,10.625],"texture":"#0"},"up":{"uv":[10.75,5.625,9.75,5],"texture":"#0"},"down":{"uv":[10.75,8,9.75,8.625],"texture":"#0"}}},{"from":[3,15,2.9],"to":[13,16,11.9],"rotation":{"angle":0,"axis":"y","origin":[7,4.5,-16.1]},"faces":{"north":{"uv":[9.75,0,12.25,0.25],"texture":"#0"},"east":{"uv":[9.75,0.5,12,0.75],"texture":"#0"},"south":{"uv":[9.75,0.25,12.25,0.5],"texture":"#0"},"west":{"uv":[9.75,0.75,12,1],"texture":"#0"},"up":{"uv":[2.5,5,0,2.75],"texture":"#0"},"down":{"uv":[5,2.75,2.5,5],"texture":"#0"}}},{"from":[6.5,11,0.9],"to":[9.5,15.5,2.9],"rotation":{"angle":0,"axis":"y","origin":[7,4.5,-16.1]},"faces":{"north":{"uv":[5.5,9.25,6.25,10.375],"texture":"#0"},"east":{"uv":[5,3.75,5.5,4.875],"texture":"#0"},"south":{"uv":[6.25,9.25,7,10.375],"texture":"#0"},"west":{"uv":[4,9.5,4.5,10.625],"texture":"#0"},"up":{"uv":[10.75,6.25,10,5.75],"texture":"#0"},"down":{"uv":[9.5,10,8.75,10.5],"texture":"#0"}}},{"from":[6.99793,4.499,1.88905],"to":[12.42693,8.003,3.89305],"rotation":{"angle":-22.5,"axis":"y","origin":[9.92493,9.626,3.89105]},"faces":{"north":{"uv":[9.625,7,8.25,7.875],"texture":"#0"},"south":{"uv":[9.625,8,8.25,8.875],"texture":"#0"},"up":{"uv":[9.5,4.5,10.875,4],"texture":"#0"},"down":{"uv":[9.5,4.5,10.875,5],"texture":"#0"}}},{"from":[6.99793,11.499,1.88905],"to":[12.42693,15.003,3.89305],"rotation":{"angle":-22.5,"axis":"y","origin":[9.92493,16.376,3.89105]},"faces":{"north":{"uv":[9.375,4,8,4.875],"texture":"#0"},"south":{"uv":[9.625,1.5,8.25,2.375],"texture":"#0"},"up":{"uv":[8.75,1.5,10.125,1],"texture":"#0"},"down":{"uv":[2.5,9.5,3.875,10],"texture":"#0"}}},{"from":[13,4.5,3],"to":[13,15,10.9],"rotation":{"angle":0,"axis":"y","origin":[9,0,7]},"faces":{"north":{"uv":[0,0,0,2.625],"texture":"#0"},"east":{"uv":[5.5,5,3.5,7.625],"texture":"#0"},"south":{"uv":[0,0,0,2.625],"texture":"#0"},"west":{"uv":[3.5,5,1.5,7.625],"texture":"#0"},"up":{"uv":[0,2,0,0],"texture":"#0"},"down":{"uv":[0,0,0,2],"texture":"#0"}}},{"from":[2.998,4.497,2.898],"to":[13.002,4.501,10.902],"rotation":{"angle":0,"axis":"y","origin":[7,-0.501,6.9]},"faces":{"north":{"uv":[0,0,2.5,0],"texture":"#0"},"east":{"uv":[0,0,2,0],"texture":"#0"},"south":{"uv":[0,0,2.5,0],"texture":"#0"},"west":{"uv":[0,0,2,0],"texture":"#0"},"up":{"uv":[0,0,0,0],"texture":"#0"},"down":{"uv":[8,3.75,5.5,5.75],"texture":"#0"}}}],"gui_light":"front","display":{"thirdperson_righthand":{"scale":[0.81,0.81,0.81]},"thirdperson_lefthand":{"scale":[0.81,0.81,0.81]},"firstperson_righthand":{"rotation":[-180,69.75,-180],"translation":[0,3.25,0],"scale":[0.67,0.67,0.67]},"firstperson_lefthand":{"rotation":[-180,69.75,-180],"translation":[0,3.25,0],"scale":[0.67,0.67,0.67]},"ground":{"translation":[0,2,0]},"gui":{"rotation":[-164,27.25,-180],"translation":[0,-2.25,0],"scale":[0.92773,0.92773,0.92773]},"head":{"translation":[0,-3.75,0.5],"scale":[1.47539,1.47539,1.47539]},"fixed":{"translation":[0,-5.25,-5.5]}}}