{"credit":"MadewithBlockbench","texture_size":[32,32],"textures":{"1":"ec_forgenfire:forgenfire_default_weapons/amethyst_spear"},"elements":[{"from":[7.35,-0.5,7.35],"to":[8.65,19,8.65],"rotation":{"angle":0,"axis":"y","origin":[7,0,7]},"faces":{"north":{"uv":[0,5,0.75,14.75],"texture":"#1"},"east":{"uv":[1,5,1.75,14.75],"texture":"#1"},"south":{"uv":[2,5,2.75,14.75],"texture":"#1"},"west":{"uv":[3,5,3.75,14.75],"texture":"#1"},"up":{"uv":[13.75,1.75,13,1],"texture":"#1"},"down":{"uv":[4.75,13,4,13.75],"texture":"#1"}}},{"from":[7.1,-2,7.1],"to":[8.9,-0.5,8.9],"rotation":{"angle":0,"axis":"y","origin":[7,-2,7]},"faces":{"north":{"uv":[12.5,10.5,13.5,11.25],"texture":"#1"},"east":{"uv":[12.5,11.5,13.5,12.25],"texture":"#1"},"south":{"uv":[12.5,12.5,13.5,13.25],"texture":"#1"},"west":{"uv":[13,0,14,0.75],"texture":"#1"},"up":{"uv":[12.5,13,11.5,12],"texture":"#1"},"down":{"uv":[13.5,2,12.5,3],"texture":"#1"}}},{"from":[6.1,-7,8],"to":[9.9,-1,8],"rotation":{"angle":45,"axis":"y","origin":[8,-4,8]},"faces":{"north":{"uv":[4,5,6,8],"texture":"#1"},"east":{"uv":[0,0,0,3],"texture":"#1"},"south":{"uv":[6,0,8,3],"texture":"#1"},"west":{"uv":[0,0,0,3],"texture":"#1"},"up":{"uv":[2,0,0,0],"texture":"#1"},"down":{"uv":[2,0,0,0],"texture":"#1"}}},{"from":[6.1,-7,8],"to":[9.9,-1,8],"rotation":{"angle":-45,"axis":"y","origin":[8,-4,8]},"faces":{"north":{"uv":[6,3,8,6],"texture":"#1"},"east":{"uv":[0,0,0,3],"texture":"#1"},"south":{"uv":[6,6,8,9],"texture":"#1"},"west":{"uv":[0,0,0,3],"texture":"#1"},"up":{"uv":[2,0,0,0],"texture":"#1"},"down":{"uv":[2,0,0,0],"texture":"#1"}}},{"from":[7,12,7],"to":[9,16,9],"rotation":{"angle":0,"axis":"y","origin":[8,10,8]},"faces":{"north":{"uv":[11.5,2,12.5,4],"texture":"#1"},"east":{"uv":[11.5,10,12.5,12],"texture":"#1"},"south":{"uv":[12,4,13,6],"texture":"#1"},"west":{"uv":[12,6,13,8],"texture":"#1"},"up":{"uv":[13.5,4,12.5,3],"texture":"#1"},"down":{"uv":[13.5,9.5,12.5,10.5],"texture":"#1"}}},{"from":[6,18,6.85],"to":[10,22,9.15],"rotation":{"angle":45,"axis":"z","origin":[8,20,8]},"faces":{"north":{"uv":[8,0,10,2],"texture":"#1"},"east":{"uv":[10,0,11.25,2],"texture":"#1"},"south":{"uv":[8,2,10,4],"texture":"#1"},"west":{"uv":[10,2,11.25,4],"texture":"#1"},"up":{"uv":[12,5.25,10,4],"texture":"#1"},"down":{"uv":[12,5.5,10,6.75],"texture":"#1"}}},{"from":[7.25,15,7.25],"to":[8.75,25,8.75],"rotation":{"angle":-45,"axis":"z","origin":[8,20,8]},"faces":{"north":{"uv":[4,8,4.75,13],"texture":"#1"},"east":{"uv":[8,4,8.75,9],"texture":"#1"},"south":{"uv":[5,8,5.75,13],"texture":"#1"},"west":{"uv":[9,4,9.75,9],"texture":"#1"},"up":{"uv":[13.75,4.75,13,4],"texture":"#1"},"down":{"uv":[5.75,13,5,13.75],"texture":"#1"}}},{"from":[6.75,18.75,6.35],"to":[9.25,21.25,9.65],"rotation":{"angle":45,"axis":"z","origin":[8,20,8]},"faces":{"north":{"uv":[12,8,13.25,9.25],"texture":"#1"},"east":{"uv":[10,7,11.75,8.25],"texture":"#1"},"south":{"uv":[10,12,11.25,13.25],"texture":"#1"},"west":{"uv":[10,8.5,11.75,9.75],"texture":"#1"},"up":{"uv":[11.25,11.75,10,10],"texture":"#1"},"down":{"uv":[12.75,0,11.5,1.75],"texture":"#1"}}},{"from":[7.25,15,7.25],"to":[8.75,25,8.75],"rotation":{"angle":45,"axis":"z","origin":[8,20,8]},"faces":{"north":{"uv":[6,9,6.75,14],"texture":"#1"},"east":{"uv":[7,9,7.75,14],"texture":"#1"},"south":{"uv":[8,9,8.75,14],"texture":"#1"},"west":{"uv":[9,9,9.75,14],"texture":"#1"},"up":{"uv":[13.75,5.75,13,5],"texture":"#1"},"down":{"uv":[13.75,6,13,6.75],"texture":"#1"}}},{"from":[5.75,21,8],"to":[10.25,32,8],"rotation":{"angle":0,"axis":"y","origin":[8,27,8]},"faces":{"north":{"uv":[0,0,3,5],"texture":"#1"},"east":{"uv":[0,0,0,5],"texture":"#1"},"south":{"uv":[3,0,6,5],"texture":"#1"},"west":{"uv":[0,0,0,5],"texture":"#1"},"up":{"uv":[3,0,0,0],"texture":"#1"},"down":{"uv":[3,0,0,0],"texture":"#1"}}}],"gui_light":"front","display":{"thirdperson_righthand":{"rotation":[0,90,0],"translation":[0,2,1]},"thirdperson_lefthand":{"rotation":[0,90,0],"translation":[0,2,1]},"firstperson_righthand":{"rotation":[85.19,-74.06,103.19],"translation":[3.25,2.25,0],"scale":[0.8,0.8,0.8]},"firstperson_lefthand":{"rotation":[85.19,-74.06,103.19],"translation":[3.25,2.25,0],"scale":[0.8,0.8,0.8]},"ground":{"translation":[0,8,0],"scale":[0.74,0.74,0.74]},"gui":{"rotation":[180,0,-135],"translation":[-1.75,-1.75,0],"scale":[0.51,0.51,0.51]},"head":{"scale":[0,0,0]},"fixed":{"translation":[0,-0.5,-2.75],"scale":[0.63,0.63,0.63]}}}