{
	"credit": "Made with Blockbench",
	"texture_size": [32, 32],
	"textures": {
		"0": "ec_forgenfire:forgenfire_default_weapons/amethyst_bow",
		"particle": "ec_forgenfire:forgenfire_default_weapons/amethyst_bow"
	},
	"elements": [
		{
			"from": [7.35, 11, 5.25705],
			"to": [8.65, 13, 6.55705],
			"rotation": {"angle": 0, "axis": "y", "origin": [8, 12, 5.90705]},
			"faces": {
				"north": {"uv": [7.5, 8.5, 8.25, 9.5], "texture": "#0"},
				"east": {"uv": [8.5, 8, 9.25, 9], "texture": "#0"},
				"south": {"uv": [2.5, 9, 3.25, 10], "texture": "#0"},
				"west": {"uv": [9, 4, 9.75, 5], "texture": "#0"},
				"up": {"uv": [0.75, 10.25, 0, 9.5], "texture": "#0"},
				"down": {"uv": [1.75, 9.5, 1, 10.25], "texture": "#0"}
			}
		},
		{
			"from": [7.35, 5.50503, 6.2905],
			"to": [8.65, 10.50503, 7.5905],
			"rotation": {"angle": 0, "axis": "y", "origin": [8, 12.50503, 6.9405]},
			"faces": {
				"north": {"uv": [4.5, 4, 5.25, 6.5], "texture": "#0"},
				"east": {"uv": [0, 5, 0.75, 7.5], "texture": "#0"},
				"south": {"uv": [1, 5, 1.75, 7.5], "texture": "#0"},
				"west": {"uv": [2, 5, 2.75, 7.5], "texture": "#0"},
				"up": {"uv": [10.75, 0.75, 10, 0], "texture": "#0"},
				"down": {"uv": [10.75, 1, 10, 1.75], "texture": "#0"}
			}
		},
		{
			"from": [7.348, 9.75051, 5.77178],
			"to": [8.652, 11.75451, 7.07578],
			"rotation": {"angle": -45, "axis": "x", "origin": [8, 10.75251, 6.42378]},
			"faces": {
				"north": {"uv": [9, 5, 9.75, 6], "texture": "#0"},
				"east": {"uv": [9, 6, 9.75, 7], "texture": "#0"},
				"south": {"uv": [6.5, 9, 7.25, 10], "texture": "#0"},
				"west": {"uv": [8.5, 9, 9.25, 10], "texture": "#0"},
				"up": {"uv": [10.25, 8.75, 9.5, 8], "texture": "#0"},
				"down": {"uv": [10.25, 9, 9.5, 9.75], "texture": "#0"}
			}
		},
		{
			"from": [7.1, 14.75, 6.00705],
			"to": [8.9, 18, 7.80705],
			"rotation": {"angle": 22.5, "axis": "x", "origin": [8, 17, 5.90705]},
			"faces": {
				"north": {"uv": [3, 5, 4, 6.75], "texture": "#0"},
				"east": {"uv": [5.5, 4, 6.5, 5.75], "texture": "#0"},
				"south": {"uv": [5.5, 6, 6.5, 7.75], "texture": "#0"},
				"west": {"uv": [4, 6.5, 5, 8.25], "texture": "#0"},
				"up": {"uv": [5, 9.5, 4, 8.5], "texture": "#0"},
				"down": {"uv": [9.5, 7, 8.5, 8], "texture": "#0"}
			}
		},
		{
			"from": [7.6, 16.68319, 6.92289],
			"to": [8.4, 17.98319, 8.32289],
			"rotation": {"angle": -22.5, "axis": "x", "origin": [8, 17.20819, 7.67289]},
			"faces": {
				"north": {"uv": [4, 5, 4.5, 5.75], "texture": "#0"},
				"east": {"uv": [3.5, 9.5, 4.25, 10.25], "texture": "#0"},
				"south": {"uv": [2.5, 7.5, 3, 8.25], "texture": "#0"},
				"west": {"uv": [5.5, 9.5, 6.25, 10.25], "texture": "#0"},
				"up": {"uv": [5, 10.25, 4.5, 9.5], "texture": "#0"},
				"down": {"uv": [10.5, 2, 10, 2.75], "texture": "#0"}
			}
		},
		{
			"from": [7.35, 17.20451, 7.24256],
			"to": [8.65, 21.20451, 8.54256],
			"rotation": {"angle": 45, "axis": "x", "origin": [8, 19.32951, 7.14256]},
			"faces": {
				"north": {"uv": [3, 7, 3.75, 9], "texture": "#0"},
				"east": {"uv": [6.5, 7, 7.25, 9], "texture": "#0"},
				"south": {"uv": [0, 7.5, 0.75, 9.5], "texture": "#0"},
				"west": {"uv": [1, 7.5, 1.75, 9.5], "texture": "#0"},
				"up": {"uv": [10.25, 7.75, 9.5, 7], "texture": "#0"},
				"down": {"uv": [8.25, 9.5, 7.5, 10.25], "texture": "#0"}
			}
		},
		{
			"from": [7.998, 17.5159, 7.65383],
			"to": [8.002, 22.0699, 16.20783],
			"rotation": {"angle": -22.5, "axis": "x", "origin": [8, 19.4179, 9.70583]},
			"faces": {
				"north": {"uv": [0, 0, 0, 2.25], "texture": "#0"},
				"east": {"uv": [0, 0, 4.25, 2.25], "texture": "#0"},
				"south": {"uv": [0, 0, 0, 2.25], "texture": "#0"},
				"west": {"uv": [0, 2.5, 4.25, 4.75], "texture": "#0"},
				"up": {"uv": [0, 4.25, 0, 0], "texture": "#0"},
				"down": {"uv": [0, 0, 0, 4.25], "texture": "#0"}
			}
		},
		{
			"from": [7.6, 16.2062, 5.81067],
			"to": [8.4, 17.7562, 6.46067],
			"rotation": {"angle": 0, "axis": "y", "origin": [8, 16.9812, 6.08567]},
			"faces": {
				"north": {"uv": [2.5, 10, 3, 10.75], "texture": "#0"},
				"east": {"uv": [10, 3, 10.25, 3.75], "texture": "#0"},
				"south": {"uv": [3, 10, 3.5, 10.75], "texture": "#0"},
				"west": {"uv": [10, 4, 10.25, 4.75], "texture": "#0"},
				"up": {"uv": [4.5, 6.25, 4, 6], "texture": "#0"},
				"down": {"uv": [3, 8.5, 2.5, 8.75], "texture": "#0"}
			}
		},
		{
			"from": [7, 12.75, 4.48205],
			"to": [9, 15, 6.98205],
			"rotation": {"angle": -22.5, "axis": "x", "origin": [8, 14, 5.73205]},
			"faces": {
				"north": {"uv": [7.5, 7, 8.5, 8.25], "texture": "#0"},
				"east": {"uv": [6.5, 4, 7.75, 5.25], "texture": "#0"},
				"south": {"uv": [8, 4, 9, 5.25], "texture": "#0"},
				"west": {"uv": [6.5, 5.5, 7.75, 6.75], "texture": "#0"},
				"up": {"uv": [6.5, 9.25, 5.5, 8], "texture": "#0"},
				"down": {"uv": [9, 5.5, 8, 6.75], "texture": "#0"}
			}
		},
		{
			"from": [8, 7.00917, 7.63205],
			"to": [8, 19.75917, 8.18205],
			"rotation": {"angle": -22.5, "axis": "x", "origin": [8, 18.88417, 8.90705]},
			"faces": {
				"north": {"uv": [0, 0, 0, 6], "texture": "#0"},
				"east": {"uv": [5, 6.5, 5.25, 12.5], "texture": "#0"},
				"south": {"uv": [0, 0, 0, 6], "texture": "#0"},
				"west": {"uv": [2, 7.5, 2.25, 13.5], "texture": "#0"},
				"up": {"uv": [0, 0.25, 0, 0], "texture": "#0"},
				"down": {"uv": [0, 0, 0, 0.25], "texture": "#0"}
			}
		},
		{
			"from": [7.6, -1.7562, 5.81067],
			"to": [8.4, -0.2062, 6.46067],
			"rotation": {"angle": 0, "axis": "y", "origin": [8, -0.9812, 6.08567]},
			"faces": {
				"north": {"uv": [2.5, 10.75, 3, 10], "texture": "#0"},
				"east": {"uv": [10, 3.75, 10.25, 3], "texture": "#0"},
				"south": {"uv": [3, 10.75, 3.5, 10], "texture": "#0"},
				"west": {"uv": [10, 4.75, 10.25, 4], "texture": "#0"},
				"up": {"uv": [3, 8.75, 2.5, 8.5], "texture": "#0"},
				"down": {"uv": [4.5, 6, 4, 6.25], "texture": "#0"}
			}
		},
		{
			"from": [7.998, -6.0699, 7.65383],
			"to": [8.002, -1.5159, 16.20783],
			"rotation": {"angle": 22.5, "axis": "x", "origin": [8, -3.4179, 9.70583]},
			"faces": {
				"north": {"uv": [0, 2.25, 0, 0], "texture": "#0"},
				"east": {"uv": [0, 2.25, 4.25, 0], "texture": "#0"},
				"south": {"uv": [0, 2.25, 0, 0], "texture": "#0"},
				"west": {"uv": [0, 4.75, 4.25, 2.5], "texture": "#0"},
				"up": {"uv": [0, 4.25, 0, 0], "texture": "#0"},
				"down": {"uv": [0, 0, 0, 4.25], "texture": "#0"}
			}
		},
		{
			"from": [7.35, -5.20451, 7.24256],
			"to": [8.65, -1.20451, 8.54256],
			"rotation": {"angle": -45, "axis": "x", "origin": [8, -3.32951, 7.14256]},
			"faces": {
				"north": {"uv": [3, 9, 3.75, 7], "texture": "#0"},
				"east": {"uv": [6.5, 9, 7.25, 7], "texture": "#0"},
				"south": {"uv": [0, 9.5, 0.75, 7.5], "texture": "#0"},
				"west": {"uv": [1, 9.5, 1.75, 7.5], "texture": "#0"},
				"up": {"uv": [8.25, 10.25, 7.5, 9.5], "texture": "#0"},
				"down": {"uv": [10.25, 7, 9.5, 7.75], "texture": "#0"}
			}
		},
		{
			"from": [7.6, -1.98319, 6.92289],
			"to": [8.4, -0.68319, 8.32289],
			"rotation": {"angle": 22.5, "axis": "x", "origin": [8, -1.20819, 7.67289]},
			"faces": {
				"north": {"uv": [4, 5.75, 4.5, 5], "texture": "#0"},
				"east": {"uv": [3.5, 10.25, 4.25, 9.5], "texture": "#0"},
				"south": {"uv": [2.5, 8.25, 3, 7.5], "texture": "#0"},
				"west": {"uv": [5.5, 10.25, 6.25, 9.5], "texture": "#0"},
				"up": {"uv": [10.5, 2.75, 10, 2], "texture": "#0"},
				"down": {"uv": [5, 9.5, 4.5, 10.25], "texture": "#0"}
			}
		},
		{
			"from": [7.1, -2, 6.00705],
			"to": [8.9, 1.25, 7.80705],
			"rotation": {"angle": -22.5, "axis": "x", "origin": [8, -1, 5.90705]},
			"faces": {
				"north": {"uv": [3, 6.75, 4, 5], "texture": "#0"},
				"east": {"uv": [5.5, 5.75, 6.5, 4], "texture": "#0"},
				"south": {"uv": [5.5, 7.75, 6.5, 6], "texture": "#0"},
				"west": {"uv": [4, 8.25, 5, 6.5], "texture": "#0"},
				"up": {"uv": [9.5, 8, 8.5, 7], "texture": "#0"},
				"down": {"uv": [5, 8.5, 4, 9.5], "texture": "#0"}
			}
		},
		{
			"from": [8, -3.75917, 7.63205],
			"to": [8, 8.99083, 8.18205],
			"rotation": {"angle": 22.5, "axis": "x", "origin": [8, -2.88417, 8.90705]},
			"faces": {
				"north": {"uv": [0, 6, 0, 0], "texture": "#0"},
				"east": {"uv": [5, 12.5, 5.25, 6.5], "texture": "#0"},
				"south": {"uv": [0, 6, 0, 0], "texture": "#0"},
				"west": {"uv": [2, 13.5, 2.25, 7.5], "texture": "#0"},
				"up": {"uv": [0, 0.25, 0, 0], "texture": "#0"},
				"down": {"uv": [0, 0, 0, 0.25], "texture": "#0"}
			}
		},
		{
			"from": [7, 1, 4.48205],
			"to": [9, 3.25, 6.98205],
			"rotation": {"angle": 22.5, "axis": "x", "origin": [8, 2, 5.73205]},
			"faces": {
				"north": {"uv": [7.5, 8.25, 8.5, 7], "texture": "#0"},
				"east": {"uv": [6.5, 5.25, 7.75, 4], "texture": "#0"},
				"south": {"uv": [8, 5.25, 9, 4], "texture": "#0"},
				"west": {"uv": [6.5, 6.75, 7.75, 5.5], "texture": "#0"},
				"up": {"uv": [9, 6.75, 8, 5.5], "texture": "#0"},
				"down": {"uv": [6.5, 8, 5.5, 9.25], "texture": "#0"}
			}
		},
		{
			"from": [7.35, 3, 5.25705],
			"to": [8.65, 5, 6.55705],
			"rotation": {"angle": 0, "axis": "y", "origin": [8, 4, 5.90705]},
			"faces": {
				"north": {"uv": [7.5, 9.5, 8.25, 8.5], "texture": "#0"},
				"east": {"uv": [8.5, 9, 9.25, 8], "texture": "#0"},
				"south": {"uv": [2.5, 10, 3.25, 9], "texture": "#0"},
				"west": {"uv": [9, 5, 9.75, 4], "texture": "#0"},
				"up": {"uv": [1.75, 10.25, 1, 9.5], "texture": "#0"},
				"down": {"uv": [0.75, 9.5, 0, 10.25], "texture": "#0"}
			}
		},
		{
			"from": [7.348, 4.24549, 5.77178],
			"to": [8.652, 6.24949, 7.07578],
			"rotation": {"angle": 45, "axis": "x", "origin": [8, 5.24749, 6.42378]},
			"faces": {
				"north": {"uv": [9, 6, 9.75, 5], "texture": "#0"},
				"east": {"uv": [9, 7, 9.75, 6], "texture": "#0"},
				"south": {"uv": [6.5, 10, 7.25, 9], "texture": "#0"},
				"west": {"uv": [8.5, 10, 9.25, 9], "texture": "#0"},
				"up": {"uv": [10.25, 9.75, 9.5, 9], "texture": "#0"},
				"down": {"uv": [10.25, 8, 9.5, 8.75], "texture": "#0"}
			}
		},
		{
			"from": [8, 6.25917, 1.88205],
			"to": [8, 9.75917, 12.38205],
			"rotation": {"angle": 45, "axis": "z", "origin": [8, 8.00917, 3.38205]},
			"faces": {
				"north": {"uv": [0, 0, 0, 1.75], "texture": "#0"},
				"east": {"uv": [4.5, 0, 9.75, 1.75], "texture": "#0"},
				"south": {"uv": [0, 0, 0, 1.75], "texture": "#0"},
				"west": {"uv": [4.5, 2, 9.75, 3.75], "texture": "#0"},
				"up": {"uv": [0, 5.25, 0, 0], "texture": "#0"},
				"down": {"uv": [0, 0, 0, 5.25], "texture": "#0"}
			}
		},
		{
			"from": [6.25, 8.00917, 1.88205],
			"to": [9.75, 8.00917, 12.38205],
			"rotation": {"angle": 45, "axis": "z", "origin": [8, 8.00917, 3.38205]},
			"faces": {
				"north": {"uv": [0, 0, 0, 1.75], "rotation": 270, "texture": "#0"},
				"east": {"uv": [0, 5.25, 0, 0], "rotation": 90, "texture": "#0"},
				"south": {"uv": [0, 0, 0, 1.75], "rotation": 90, "texture": "#0"},
				"west": {"uv": [0, 0, 0, 5.25], "rotation": 90, "texture": "#0"},
				"up": {"uv": [4.5, 2, 9.75, 3.75], "rotation": 90, "texture": "#0"},
				"down": {"uv": [4.5, 0, 9.75, 1.75], "rotation": 90, "texture": "#0"}
			}
		}
	],"gui_light": "front",
	"display": {
		"thirdperson_righthand": {
			"translation": [0, -2.25, 0.25]
		},
		"thirdperson_lefthand": {
			"translation": [0, -2.25, 0.25]
		},
		"firstperson_righthand": {
			"rotation": [20, 33, 0.24],
			"translation": [0.5, 4.5, -0.5]
		},
		"firstperson_lefthand": {
			"rotation": [1, 19, -2],
			"translation": [-0.25, 7, 0.75]
		},
		"ground": {
			"rotation": [0, 0, 90]
		},
		"gui": {
			"rotation": [90, 45, 90],
			"translation": [-1.5, 1.75, 0],
			"scale": [0.6, 0.6, 0.6]
		},
		"head": {
			"scale": [0, 0, 0]
		},
		"fixed": {
			"rotation": [0, 90, 0],
			"translation": [0, 0, -3]
		}
	}
}