{
  "brutal.tenebra_primordium": {
    "category": "master",
    "sounds": [
      "gladius_primordium:brutal/gladius_primordium/tenebra_primordium"
    ]
  },
  "brutal.tenebra_primordium_cast": {
    "category": "master",
    "sounds": [
      "gladius_primordium:brutal/gladius_primordium/tenebra_primordium_cast"
    ]
  },
  "brutal.tenebra_primordium_final": {
    "category": "master",
    "sounds": [
      "gladius_primordium:brutal/gladius_primordium/tenebra_primordium_final"
    ]
  },
  "brutal.tenebra_primordium_leap": {
    "category": "master",
    "sounds": [
      "gladius_primordium:brutal/gladius_primordium/tenebra_primordium_leap"
    ]
  }
}